[21Sep2026 02:49:08.968] [main/INFO] [net.neoforged.fml.startup.Entrypoint/]: JVM Uptime at startup: 234ms
[21Sep2026 02:49:09.004] [main/INFO] [net.neoforged.fml.loading.FMLLoader/]: Starting FancyModLoader version 11.0.16 (DEDICATED_SERVER in PROD)
[21Sep2026 02:49:09.004] [main/INFO] [net.neoforged.fml.loading.FMLLoader/]: Game directory: /workspaces/SERVER-DISLEXICO-03/servidor_minecraft
[21Sep2026 02:49:09.006] [main/DEBUG] [net.neoforged.fml.loading.FMLPaths/CORE]: Path GAMEDIR is /workspaces/SERVER-DISLEXICO-03/servidor_minecraft
[21Sep2026 02:49:09.006] [main/DEBUG] [net.neoforged.fml.loading.FMLPaths/CORE]: Path JIJ_CACHEDIR is /workspaces/SERVER-DISLEXICO-03/servidor_minecraft/.cache/jij
[21Sep2026 02:49:09.006] [main/DEBUG] [net.neoforged.fml.loading.FMLPaths/CORE]: Path MODSDIR is /workspaces/SERVER-DISLEXICO-03/servidor_minecraft/mods
[21Sep2026 02:49:09.006] [main/DEBUG] [net.neoforged.fml.loading.FMLPaths/CORE]: Path CONFIGDIR is /workspaces/SERVER-DISLEXICO-03/servidor_minecraft/config
[21Sep2026 02:49:09.006] [main/DEBUG] [net.neoforged.fml.loading.FMLPaths/CORE]: Path FMLCONFIG is /workspaces/SERVER-DISLEXICO-03/servidor_minecraft/config/fml.toml
[21Sep2026 02:49:09.111] [ForkJoinPool.commonPool-worker-2/DEBUG] [net.neoforged.fml.loading.EarlyServiceDiscovery/]: libraries/net/neoforged/fancymodloader/loader/11.0.16/loader-11.0.16.jar contains early service net.neoforged.neoforgespi.locating.IModFileReader
[21Sep2026 02:49:09.137] [main/DEBUG] [net.neoforged.fml.loading.EarlyServiceDiscovery/]: libraries/net/neoforged/fancymodloader/earlydisplay/11.0.16/earlydisplay-11.0.16.jar contains early service net.neoforged.neoforgespi.earlywindow.ImmediateWindowProvider
[21Sep2026 02:49:09.138] [main/DEBUG] [net.neoforged.fml.loading.moddiscovery.ModFile/LOADING]: Loading mod file libraries/net/neoforged/fancymodloader/earlydisplay/11.0.16/earlydisplay-11.0.16.jar with languages []
[21Sep2026 02:49:09.138] [ForkJoinPool.commonPool-worker-2/DEBUG] [net.neoforged.fml.loading.moddiscovery.ModFile/LOADING]: Loading mod file libraries/net/neoforged/fancymodloader/loader/11.0.16/loader-11.0.16.jar with languages []
[21Sep2026 02:49:09.150] [main/INFO] [net.neoforged.fml.loading.EarlyServiceDiscovery/]: Found 2 early service jars (out of 89) in 100ms
[21Sep2026 02:49:09.151] [main/INFO] [net.neoforged.fml.loading.FMLLoader/]: Loading FML Early Services:
[21Sep2026 02:49:09.152] [main/INFO] [net.neoforged.fml.loading.FMLLoader/]:  - libraries/net/neoforged/fancymodloader/earlydisplay/11.0.16/earlydisplay-11.0.16.jar
[21Sep2026 02:49:09.153] [main/INFO] [net.neoforged.fml.loading.FMLLoader/]:  - libraries/net/neoforged/fancymodloader/loader/11.0.16/loader-11.0.16.jar
[21Sep2026 02:49:09.159] [main/DEBUG] [net.neoforged.fml.util.ServiceLoaderUtil/CORE]: Found 0 implementations of GraphicsBootstrapper:
[21Sep2026 02:49:09.160] [main/INFO] [net.neoforged.fml.loading.ImmediateWindowHandler/]: Not loading early display in headless mode.
[21Sep2026 02:49:09.165] [main/DEBUG] [net.neoforged.fml.util.ServiceLoaderUtil/CORE]: Found 4 implementations of IModFileCandidateLocator:
[21Sep2026 02:49:09.167] [main/DEBUG] [net.neoforged.fml.util.ServiceLoaderUtil/CORE]: 	    1000 - [built-in] net.neoforged.fml.loading.moddiscovery.locators.GameLocator from libraries/net/neoforged/fancymodloader/loader/11.0.16/loader-11.0.16.jar
[21Sep2026 02:49:09.167] [main/DEBUG] [net.neoforged.fml.util.ServiceLoaderUtil/CORE]: 	    1000 - [built-in] net.neoforged.fml.loading.moddiscovery.locators.InDevFolderLocator from libraries/net/neoforged/fancymodloader/loader/11.0.16/loader-11.0.16.jar
[21Sep2026 02:49:09.168] [main/DEBUG] [net.neoforged.fml.util.ServiceLoaderUtil/CORE]: 	    1000 - [built-in] net.neoforged.fml.loading.moddiscovery.locators.InDevJarLocator from libraries/net/neoforged/fancymodloader/loader/11.0.16/loader-11.0.16.jar
[21Sep2026 02:49:09.168] [main/DEBUG] [net.neoforged.fml.util.ServiceLoaderUtil/CORE]: 	       0 - [built-in] net.neoforged.fml.loading.moddiscovery.locators.ModsFolderLocator from libraries/net/neoforged/fancymodloader/loader/11.0.16/loader-11.0.16.jar
[21Sep2026 02:49:09.170] [main/DEBUG] [net.neoforged.fml.util.ServiceLoaderUtil/CORE]: Found 2 implementations of IModFileReader:
[21Sep2026 02:49:09.170] [main/DEBUG] [net.neoforged.fml.util.ServiceLoaderUtil/CORE]: 	       0 - net.neoforged.fml.loading.moddiscovery.readers.JarModsDotTomlModFileReader from libraries/net/neoforged/fancymodloader/loader/11.0.16/loader-11.0.16.jar
[21Sep2026 02:49:09.170] [main/DEBUG] [net.neoforged.fml.util.ServiceLoaderUtil/CORE]: 	   -1000 - net.neoforged.fml.loading.moddiscovery.readers.NestedLibraryModReader from libraries/net/neoforged/fancymodloader/loader/11.0.16/loader-11.0.16.jar
[21Sep2026 02:49:09.172] [main/DEBUG] [net.neoforged.fml.util.ServiceLoaderUtil/CORE]: Found 1 implementations of IDependencyLocator:
[21Sep2026 02:49:09.172] [main/DEBUG] [net.neoforged.fml.util.ServiceLoaderUtil/CORE]: 	       0 - net.neoforged.fml.loading.moddiscovery.locators.JarInJarDependencyLocator from libraries/net/neoforged/fancymodloader/loader/11.0.16/loader-11.0.16.jar
[21Sep2026 02:49:09.181] [main/INFO] [net.neoforged.fml.loading.moddiscovery.locators.GameLocator/]: Failed to find common Minecraft classes and resources on the classpath. Assuming we're launching production.
[21Sep2026 02:49:09.292] [main/DEBUG] [net.neoforged.fml.loading.moddiscovery.ModFileParser/LOADING]: Considering mod file candidate libraries/net/neoforged/minecraft-server-patched/26.2.0.75/minecraft-server-patched-26.2.0.75.jar
[21Sep2026 02:49:09.349] [main/DEBUG] [net.neoforged.fml.loading.moddiscovery.ModFileInfo/LOADING]: Found valid mod file minecraft-server-patched-26.2.0.75.jar with {minecraft} mods - versions {26.2}
[21Sep2026 02:49:09.352] [main/DEBUG] [net.neoforged.fml.loading.moddiscovery.ModFile/LOADING]: Loading mod file libraries/net/neoforged/minecraft-server-patched/26.2.0.75/minecraft-server-patched-26.2.0.75.jar with languages [LanguageSpec[languageName=minecraft, acceptedVersions=null]]
[21Sep2026 02:49:09.360] [main/DEBUG] [net.neoforged.fml.loading.moddiscovery.ModFileParser/LOADING]: Considering mod file candidate libraries/net/neoforged/neoforge/26.2.0.75/neoforge-26.2.0.75-universal.jar
[21Sep2026 02:49:09.366] [main/DEBUG] [net.neoforged.fml.loading.moddiscovery.ModFileInfo/LOADING]: Found valid mod file neoforge-26.2.0.75-universal.jar with {neoforge} mods - versions {26.2.0.75}
[21Sep2026 02:49:09.366] [main/DEBUG] [net.neoforged.fml.loading.moddiscovery.ModFile/LOADING]: Loading mod file libraries/net/neoforged/neoforge/26.2.0.75/neoforge-26.2.0.75-universal.jar with languages [LanguageSpec[languageName=javafml, acceptedVersions=[3,]]]
[21Sep2026 02:49:09.368] [main/DEBUG] [net.neoforged.fml.loading.moddiscovery.ModFile/LOADING]: Found mixin config MixinConfig[config=neoforge.mixins.json, requiredMods=[], behaviorVersion=null]
[21Sep2026 02:49:09.389] [main/DEBUG] [net.neoforged.fml.loading.moddiscovery.ModFileParser/LOADING]: Considering mod file candidate /workspaces/SERVER-DISLEXICO-03/servidor_minecraft/mods/balm-neoforge-26.2-26.2.0.8.jar
[21Sep2026 02:49:09.398] [main/DEBUG] [net.neoforged.fml.loading.moddiscovery.ModFileInfo/LOADING]: Found valid mod file balm-neoforge-26.2-26.2.0.8.jar with {balm} mods - versions {26.2.0.8}
[21Sep2026 02:49:09.398] [main/DEBUG] [net.neoforged.fml.loading.moddiscovery.ModFile/LOADING]: Loading mod file /workspaces/SERVER-DISLEXICO-03/servidor_minecraft/mods/balm-neoforge-26.2-26.2.0.8.jar with languages [LanguageSpec[languageName=javafml, acceptedVersions=[1,)]]
[21Sep2026 02:49:09.398] [main/DEBUG] [net.neoforged.fml.loading.moddiscovery.ModFile/LOADING]: Found mixin config MixinConfig[config=balm.mixins.json, requiredMods=[], behaviorVersion=null]
[21Sep2026 02:49:09.399] [main/DEBUG] [net.neoforged.fml.loading.moddiscovery.ModFile/LOADING]: Found mixin config MixinConfig[config=balm.api.mixins.json, requiredMods=[], behaviorVersion=null]
[21Sep2026 02:49:09.399] [main/DEBUG] [net.neoforged.fml.loading.moddiscovery.ModFile/LOADING]: Found mixin config MixinConfig[config=balm.neoforge.mixins.json, requiredMods=[], behaviorVersion=null]
[21Sep2026 02:49:09.401] [main/DEBUG] [net.neoforged.fml.loading.moddiscovery.ModFileParser/LOADING]: Considering mod file candidate /workspaces/SERVER-DISLEXICO-03/servidor_minecraft/mods/BiomesOPlenty-neoforge-26.2-26.2.0.0.24.jar
[21Sep2026 02:49:09.402] [main/DEBUG] [net.neoforged.fml.loading.moddiscovery.ModFileInfo/LOADING]: Found valid mod file BiomesOPlenty-neoforge-26.2-26.2.0.0.24.jar with {biomesoplenty} mods - versions {26.2.0.0.24}
[21Sep2026 02:49:09.403] [main/DEBUG] [net.neoforged.fml.loading.moddiscovery.ModFile/LOADING]: Loading mod file /workspaces/SERVER-DISLEXICO-03/servidor_minecraft/mods/BiomesOPlenty-neoforge-26.2-26.2.0.0.24.jar with languages [LanguageSpec[languageName=javafml, acceptedVersions=[1,)]]
[21Sep2026 02:49:09.403] [main/DEBUG] [net.neoforged.fml.loading.moddiscovery.ModFile/LOADING]: Found mixin config MixinConfig[config=biomesoplenty.mixins.json, requiredMods=[], behaviorVersion=null]
[21Sep2026 02:49:09.403] [main/DEBUG] [net.neoforged.fml.loading.moddiscovery.ModFile/LOADING]: Found mixin config MixinConfig[config=biomesoplenty.neoforge.mixins.json, requiredMods=[], behaviorVersion=null]
[21Sep2026 02:49:09.404] [main/DEBUG] [net.neoforged.fml.loading.moddiscovery.ModFileParser/LOADING]: Considering mod file candidate /workspaces/SERVER-DISLEXICO-03/servidor_minecraft/mods/collective-26.2.0-8.39.jar
[21Sep2026 02:49:09.405] [main/DEBUG] [net.neoforged.fml.loading.moddiscovery.ModFileInfo/LOADING]: Found valid mod file collective-26.2.0-8.39.jar with {collective} mods - versions {8.39}
[21Sep2026 02:49:09.405] [main/DEBUG] [net.neoforged.fml.loading.moddiscovery.ModFile/LOADING]: Loading mod file /workspaces/SERVER-DISLEXICO-03/servidor_minecraft/mods/collective-26.2.0-8.39.jar with languages [LanguageSpec[languageName=javafml, acceptedVersions=*]]
[21Sep2026 02:49:09.405] [main/DEBUG] [net.neoforged.fml.loading.moddiscovery.ModFile/LOADING]: Found mixin config MixinConfig[config=collective_neoforge.mixins.json, requiredMods=[], behaviorVersion=null]
[21Sep2026 02:49:09.406] [main/DEBUG] [net.neoforged.fml.loading.moddiscovery.ModFileParser/LOADING]: Considering mod file candidate /workspaces/SERVER-DISLEXICO-03/servidor_minecraft/mods/CreativeCore_NEOFORGE_v2.14.16_mc26.2.jar
[21Sep2026 02:49:09.408] [main/DEBUG] [net.neoforged.fml.loading.moddiscovery.ModFileInfo/LOADING]: Found valid mod file CreativeCore_NEOFORGE_v2.14.16_mc26.2.jar with {creativecore} mods - versions {2.14.16}
[21Sep2026 02:49:09.408] [main/DEBUG] [net.neoforged.fml.loading.moddiscovery.ModFile/LOADING]: Loading mod file /workspaces/SERVER-DISLEXICO-03/servidor_minecraft/mods/CreativeCore_NEOFORGE_v2.14.16_mc26.2.jar with languages [LanguageSpec[languageName=javafml, acceptedVersions=[1,)]]
[21Sep2026 02:49:09.408] [main/DEBUG] [net.neoforged.fml.loading.moddiscovery.ModFile/LOADING]: Found mixin config MixinConfig[config=creativecore.mixins.json, requiredMods=[], behaviorVersion=null]
[21Sep2026 02:49:09.409] [main/DEBUG] [net.neoforged.fml.loading.moddiscovery.ModFile/LOADING]: Found mixin config MixinConfig[config=creativecore.forge.mixins.json, requiredMods=[], behaviorVersion=null]
[21Sep2026 02:49:09.411] [main/DEBUG] [net.neoforged.fml.loading.moddiscovery.ModFileParser/LOADING]: Considering mod file candidate /workspaces/SERVER-DISLEXICO-03/servidor_minecraft/mods/DungeonCrawl-NeoForge-26.2-2.3.17.jar
[21Sep2026 02:49:09.412] [main/DEBUG] [net.neoforged.fml.loading.moddiscovery.ModFileInfo/LOADING]: Found valid mod file DungeonCrawl-NeoForge-26.2-2.3.17.jar with {dungeoncrawl} mods - versions {2.3.17}
[21Sep2026 02:49:09.412] [main/DEBUG] [net.neoforged.fml.loading.moddiscovery.ModFile/LOADING]: Loading mod file /workspaces/SERVER-DISLEXICO-03/servidor_minecraft/mods/DungeonCrawl-NeoForge-26.2-2.3.17.jar with languages [LanguageSpec[languageName=javafml, acceptedVersions=[4,)]]
[21Sep2026 02:49:09.415] [main/DEBUG] [net.neoforged.fml.loading.moddiscovery.ModFileParser/LOADING]: Considering mod file candidate /workspaces/SERVER-DISLEXICO-03/servidor_minecraft/mods/Explorify v1.6.5.mod.jar
[21Sep2026 02:49:09.417] [main/DEBUG] [net.neoforged.fml.loading.moddiscovery.ModFileInfo/LOADING]: Found valid mod file Explorify v1.6.5.mod.jar with {explorify} mods - versions {1.6.5}
[21Sep2026 02:49:09.417] [main/DEBUG] [net.neoforged.fml.loading.moddiscovery.ModFile/LOADING]: Loading mod file /workspaces/SERVER-DISLEXICO-03/servidor_minecraft/mods/Explorify v1.6.5.mod.jar with languages [LanguageSpec[languageName=lowcodefml, acceptedVersions=[1,)]]
[21Sep2026 02:49:09.418] [main/DEBUG] [net.neoforged.fml.loading.moddiscovery.ModFileParser/LOADING]: Considering mod file candidate /workspaces/SERVER-DISLEXICO-03/servidor_minecraft/mods/FallingTree-26.2-25.jar
[21Sep2026 02:49:09.424] [main/DEBUG] [net.neoforged.fml.loading.moddiscovery.ModFileInfo/LOADING]: Found valid mod file FallingTree-26.2-25.jar with {fallingtree} mods - versions {25}
[21Sep2026 02:49:09.424] [main/DEBUG] [net.neoforged.fml.loading.moddiscovery.ModFile/LOADING]: Loading mod file /workspaces/SERVER-DISLEXICO-03/servidor_minecraft/mods/FallingTree-26.2-25.jar with languages [LanguageSpec[languageName=null, acceptedVersions=null]]
[21Sep2026 02:49:09.424] [main/ERROR] [net.neoforged.fml.loading.moddiscovery.ModFile/LOADING]: Access transformer file META-INF/neoforge.accesstransformer.cfg provided by mod fallingtree does not exist!
[21Sep2026 02:49:09.425] [main/DEBUG] [net.neoforged.fml.loading.moddiscovery.ModFileParser/LOADING]: Considering mod file candidate /workspaces/SERVER-DISLEXICO-03/servidor_minecraft/mods/GlitchCore-neoforge-26.2-26.2.0.0.0.jar
[21Sep2026 02:49:09.426] [main/DEBUG] [net.neoforged.fml.loading.moddiscovery.ModFileInfo/LOADING]: Found valid mod file GlitchCore-neoforge-26.2-26.2.0.0.0.jar with {glitchcore} mods - versions {26.2.0.0.0}
[21Sep2026 02:49:09.426] [main/DEBUG] [net.neoforged.fml.loading.moddiscovery.ModFile/LOADING]: Loading mod file /workspaces/SERVER-DISLEXICO-03/servidor_minecraft/mods/GlitchCore-neoforge-26.2-26.2.0.0.0.jar with languages [LanguageSpec[languageName=javafml, acceptedVersions=[1,)]]
[21Sep2026 02:49:09.426] [main/DEBUG] [net.neoforged.fml.loading.moddiscovery.ModFile/LOADING]: Found mixin config MixinConfig[config=glitchcore.mixins.json, requiredMods=[], behaviorVersion=null]
[21Sep2026 02:49:09.426] [main/DEBUG] [net.neoforged.fml.loading.moddiscovery.ModFile/LOADING]: Found mixin config MixinConfig[config=glitchcore.neoforge.mixins.json, requiredMods=[], behaviorVersion=null]
[21Sep2026 02:49:09.427] [main/DEBUG] [net.neoforged.fml.loading.moddiscovery.ModFileParser/LOADING]: Considering mod file candidate /workspaces/SERVER-DISLEXICO-03/servidor_minecraft/mods/InventoryProfilesNext-neoforge-26.2-2.3.7.jar
[21Sep2026 02:49:09.428] [main/DEBUG] [net.neoforged.fml.loading.moddiscovery.ModFileInfo/LOADING]: Found valid mod file InventoryProfilesNext-neoforge-26.2-2.3.7.jar with {inventoryprofilesnext} mods - versions {2.3.7}
[21Sep2026 02:49:09.428] [main/DEBUG] [net.neoforged.fml.loading.moddiscovery.ModFile/LOADING]: Loading mod file /workspaces/SERVER-DISLEXICO-03/servidor_minecraft/mods/InventoryProfilesNext-neoforge-26.2-2.3.7.jar with languages [LanguageSpec[languageName=javafml, acceptedVersions=${FML_VERSION}]]
[21Sep2026 02:49:09.428] [main/DEBUG] [net.neoforged.fml.loading.moddiscovery.ModFile/LOADING]: Found mixin config MixinConfig[config=mixins.ipnext.json, requiredMods=[], behaviorVersion=null]
[21Sep2026 02:49:09.429] [main/DEBUG] [net.neoforged.fml.loading.moddiscovery.ModFileParser/LOADING]: Considering mod file candidate /workspaces/SERVER-DISLEXICO-03/servidor_minecraft/mods/jei-26.2-neoforge-30.32.0.221.jar
[21Sep2026 02:49:09.431] [main/DEBUG] [net.neoforged.fml.loading.moddiscovery.ModFileInfo/LOADING]: Found valid mod file jei-26.2-neoforge-30.32.0.221.jar with {jei} mods - versions {30.32.0.221}
[21Sep2026 02:49:09.431] [main/DEBUG] [net.neoforged.fml.loading.moddiscovery.ModFile/LOADING]: Loading mod file /workspaces/SERVER-DISLEXICO-03/servidor_minecraft/mods/jei-26.2-neoforge-30.32.0.221.jar with languages [LanguageSpec[languageName=javafml, acceptedVersions=[4,)]]
[21Sep2026 02:49:09.432] [main/DEBUG] [net.neoforged.fml.loading.moddiscovery.ModFileParser/LOADING]: Considering mod file candidate /workspaces/SERVER-DISLEXICO-03/servidor_minecraft/mods/journeymap-neoforge-26.2-6.0.8.jar
[21Sep2026 02:49:09.434] [main/DEBUG] [net.neoforged.fml.loading.moddiscovery.ModFileInfo/LOADING]: Found valid mod file journeymap-neoforge-26.2-6.0.8.jar with {journeymap} mods - versions {26.2-6.0.8}
[21Sep2026 02:49:09.434] [main/DEBUG] [net.neoforged.fml.loading.moddiscovery.ModFile/LOADING]: Loading mod file /workspaces/SERVER-DISLEXICO-03/servidor_minecraft/mods/journeymap-neoforge-26.2-6.0.8.jar with languages [LanguageSpec[languageName=javafml, acceptedVersions=[1,)]]
[21Sep2026 02:49:09.434] [main/DEBUG] [net.neoforged.fml.loading.moddiscovery.ModFile/LOADING]: Found mixin config MixinConfig[config=journeymap.mixins.json, requiredMods=[], behaviorVersion=null]
[21Sep2026 02:49:09.434] [main/DEBUG] [net.neoforged.fml.loading.moddiscovery.ModFile/LOADING]: Found mixin config MixinConfig[config=journeymap.neoforge.mixins.json, requiredMods=[], behaviorVersion=null]
[21Sep2026 02:49:09.435] [main/DEBUG] [net.neoforged.fml.loading.moddiscovery.ModFileParser/LOADING]: Considering mod file candidate /workspaces/SERVER-DISLEXICO-03/servidor_minecraft/mods/just-hammers-neoforge-26.2.0.1.jar
[21Sep2026 02:49:09.436] [main/DEBUG] [net.neoforged.fml.loading.moddiscovery.ModFileInfo/LOADING]: Found valid mod file just-hammers-neoforge-26.2.0.1.jar with {justhammers} mods - versions {26.2.0.1}
[21Sep2026 02:49:09.436] [main/DEBUG] [net.neoforged.fml.loading.moddiscovery.ModFile/LOADING]: Loading mod file /workspaces/SERVER-DISLEXICO-03/servidor_minecraft/mods/just-hammers-neoforge-26.2.0.1.jar with languages [LanguageSpec[languageName=javafml, acceptedVersions=[2,)]]
[21Sep2026 02:49:09.436] [main/DEBUG] [net.neoforged.fml.loading.moddiscovery.ModFile/LOADING]: Found mixin config MixinConfig[config=justhammers.mixins.json, requiredMods=[], behaviorVersion=null]
[21Sep2026 02:49:09.437] [main/DEBUG] [net.neoforged.fml.loading.moddiscovery.ModFileParser/LOADING]: Considering mod file candidate /workspaces/SERVER-DISLEXICO-03/servidor_minecraft/mods/libIPN-neoforge-26.2-6.8.3.jar
[21Sep2026 02:49:09.438] [main/DEBUG] [net.neoforged.fml.loading.moddiscovery.ModFileInfo/LOADING]: Found valid mod file libIPN-neoforge-26.2-6.8.3.jar with {libipn} mods - versions {6.8.3}
[21Sep2026 02:49:09.438] [main/DEBUG] [net.neoforged.fml.loading.moddiscovery.ModFile/LOADING]: Loading mod file /workspaces/SERVER-DISLEXICO-03/servidor_minecraft/mods/libIPN-neoforge-26.2-6.8.3.jar with languages [LanguageSpec[languageName=javafml, acceptedVersions=${FML_VERSION}]]
[21Sep2026 02:49:09.438] [main/DEBUG] [net.neoforged.fml.loading.moddiscovery.ModFileParser/LOADING]: Considering mod file candidate /workspaces/SERVER-DISLEXICO-03/servidor_minecraft/mods/PlayerRevive_NEOFORGE_v2.1.2_mc26.2.jar
[21Sep2026 02:49:09.440] [main/DEBUG] [net.neoforged.fml.loading.moddiscovery.ModFileInfo/LOADING]: Found valid mod file PlayerRevive_NEOFORGE_v2.1.2_mc26.2.jar with {playerrevive} mods - versions {2.1.2}
[21Sep2026 02:49:09.440] [main/DEBUG] [net.neoforged.fml.loading.moddiscovery.ModFile/LOADING]: Loading mod file /workspaces/SERVER-DISLEXICO-03/servidor_minecraft/mods/PlayerRevive_NEOFORGE_v2.1.2_mc26.2.jar with languages [LanguageSpec[languageName=javafml, acceptedVersions=[1,)]]
[21Sep2026 02:49:09.440] [main/DEBUG] [net.neoforged.fml.loading.moddiscovery.ModFile/LOADING]: Found mixin config MixinConfig[config=playerrevive.mixins.json, requiredMods=[], behaviorVersion=null]
[21Sep2026 02:49:09.440] [main/DEBUG] [net.neoforged.fml.loading.moddiscovery.ModFileParser/LOADING]: Considering mod file candidate /workspaces/SERVER-DISLEXICO-03/servidor_minecraft/mods/replantingcrops-26.2.0-5.6.jar
[21Sep2026 02:49:09.441] [main/DEBUG] [net.neoforged.fml.loading.moddiscovery.ModFileInfo/LOADING]: Found valid mod file replantingcrops-26.2.0-5.6.jar with {replantingcrops} mods - versions {5.6}
[21Sep2026 02:49:09.442] [main/DEBUG] [net.neoforged.fml.loading.moddiscovery.ModFile/LOADING]: Loading mod file /workspaces/SERVER-DISLEXICO-03/servidor_minecraft/mods/replantingcrops-26.2.0-5.6.jar with languages [LanguageSpec[languageName=javafml, acceptedVersions=*]]
[21Sep2026 02:49:09.442] [main/DEBUG] [net.neoforged.fml.loading.moddiscovery.ModFile/LOADING]: Found mixin config MixinConfig[config=replantingcrops_neoforge.mixins.json, requiredMods=[], behaviorVersion=null]
[21Sep2026 02:49:09.444] [main/DEBUG] [net.neoforged.fml.loading.moddiscovery.ModFileParser/LOADING]: Considering mod file candidate /workspaces/SERVER-DISLEXICO-03/servidor_minecraft/mods/repurposed_structures-7.7.6+26.2-neoforge.jar
[21Sep2026 02:49:09.446] [main/DEBUG] [net.neoforged.fml.loading.moddiscovery.ModFileInfo/LOADING]: Found valid mod file repurposed_structures-7.7.6+26.2-neoforge.jar with {repurposed_structures} mods - versions {7.7.6+26.2-neoforge}
[21Sep2026 02:49:09.446] [main/DEBUG] [net.neoforged.fml.loading.moddiscovery.ModFile/LOADING]: Loading mod file /workspaces/SERVER-DISLEXICO-03/servidor_minecraft/mods/repurposed_structures-7.7.6+26.2-neoforge.jar with languages [LanguageSpec[languageName=javafml, acceptedVersions=[4,)]]
[21Sep2026 02:49:09.446] [main/DEBUG] [net.neoforged.fml.loading.moddiscovery.ModFile/LOADING]: Found mixin config MixinConfig[config=repurposed_structures-neoforge.mixins.json, requiredMods=[], behaviorVersion=null]
[21Sep2026 02:49:09.446] [main/DEBUG] [net.neoforged.fml.loading.moddiscovery.ModFile/LOADING]: Found mixin config MixinConfig[config=repurposed_structures-common.mixins.json, requiredMods=[], behaviorVersion=null]
[21Sep2026 02:49:09.447] [main/DEBUG] [net.neoforged.fml.loading.moddiscovery.ModFileParser/LOADING]: Considering mod file candidate /workspaces/SERVER-DISLEXICO-03/servidor_minecraft/mods/rottenfleshtoleather NeoForge 26.2-1.7.8.jar
[21Sep2026 02:49:09.448] [main/DEBUG] [net.neoforged.fml.loading.moddiscovery.ModFileInfo/LOADING]: Found valid mod file rottenfleshtoleather NeoForge 26.2-1.7.8.jar with {rottenfleshtoleather} mods - versions {1.7.8}
[21Sep2026 02:49:09.448] [main/DEBUG] [net.neoforged.fml.loading.moddiscovery.ModFile/LOADING]: Loading mod file /workspaces/SERVER-DISLEXICO-03/servidor_minecraft/mods/rottenfleshtoleather NeoForge 26.2-1.7.8.jar with languages [LanguageSpec[languageName=javafml, acceptedVersions=[1,)]]
[21Sep2026 02:49:09.449] [main/DEBUG] [net.neoforged.fml.loading.moddiscovery.ModFileParser/LOADING]: Considering mod file candidate /workspaces/SERVER-DISLEXICO-03/servidor_minecraft/mods/shogi-neoforge-26.2-26.2.0.5.jar
[21Sep2026 02:49:09.451] [main/DEBUG] [net.neoforged.fml.loading.moddiscovery.ModFileInfo/LOADING]: Found valid mod file shogi-neoforge-26.2-26.2.0.5.jar with {shogi} mods - versions {26.2.0.5}
[21Sep2026 02:49:09.451] [main/DEBUG] [net.neoforged.fml.loading.moddiscovery.ModFile/LOADING]: Loading mod file /workspaces/SERVER-DISLEXICO-03/servidor_minecraft/mods/shogi-neoforge-26.2-26.2.0.5.jar with languages [LanguageSpec[languageName=javafml, acceptedVersions=[1,)]]
[21Sep2026 02:49:09.452] [main/DEBUG] [net.neoforged.fml.loading.moddiscovery.ModFile/LOADING]: Found mixin config MixinConfig[config=shogi.mixins.json, requiredMods=[], behaviorVersion=null]
[21Sep2026 02:49:09.452] [main/DEBUG] [net.neoforged.fml.loading.moddiscovery.ModFile/LOADING]: Found mixin config MixinConfig[config=shogi.neoforge.mixins.json, requiredMods=[], behaviorVersion=null]
[21Sep2026 02:49:09.452] [main/DEBUG] [net.neoforged.fml.loading.moddiscovery.ModFileParser/LOADING]: Considering mod file candidate /workspaces/SERVER-DISLEXICO-03/servidor_minecraft/mods/TerraBlender-neoforge-26.2-26.2.0.0.2.jar
[21Sep2026 02:49:09.453] [main/DEBUG] [net.neoforged.fml.loading.moddiscovery.ModFileInfo/LOADING]: Found valid mod file TerraBlender-neoforge-26.2-26.2.0.0.2.jar with {terrablender} mods - versions {26.2.0.0.2}
[21Sep2026 02:49:09.453] [main/DEBUG] [net.neoforged.fml.loading.moddiscovery.ModFile/LOADING]: Loading mod file /workspaces/SERVER-DISLEXICO-03/servidor_minecraft/mods/TerraBlender-neoforge-26.2-26.2.0.0.2.jar with languages [LanguageSpec[languageName=javafml, acceptedVersions=[1,)]]
[21Sep2026 02:49:09.453] [main/DEBUG] [net.neoforged.fml.loading.moddiscovery.ModFile/LOADING]: Found mixin config MixinConfig[config=terrablender.mixins.json, requiredMods=[], behaviorVersion=null]
[21Sep2026 02:49:09.453] [main/DEBUG] [net.neoforged.fml.loading.moddiscovery.ModFile/LOADING]: Found mixin config MixinConfig[config=terrablender.neoforge.mixins.json, requiredMods=[], behaviorVersion=null]
[21Sep2026 02:49:09.454] [main/DEBUG] [net.neoforged.fml.loading.moddiscovery.ModFileParser/LOADING]: Considering mod file candidate /workspaces/SERVER-DISLEXICO-03/servidor_minecraft/mods/tombstone-neoforge-26.2-9.9.3.jar
[21Sep2026 02:49:09.456] [main/DEBUG] [net.neoforged.fml.loading.moddiscovery.ModFileInfo/LOADING]: Found valid mod file tombstone-neoforge-26.2-9.9.3.jar with {tombstone} mods - versions {9.9.3}
[21Sep2026 02:49:09.457] [main/DEBUG] [net.neoforged.fml.loading.moddiscovery.ModFile/LOADING]: Loading mod file /workspaces/SERVER-DISLEXICO-03/servidor_minecraft/mods/tombstone-neoforge-26.2-9.9.3.jar with languages [LanguageSpec[languageName=null, acceptedVersions=null]]
[21Sep2026 02:49:09.458] [main/DEBUG] [net.neoforged.fml.loading.moddiscovery.ModFile/LOADING]: Found mixin config MixinConfig[config=tombstone.mixins.json, requiredMods=[], behaviorVersion=null]
[21Sep2026 02:49:09.459] [main/DEBUG] [net.neoforged.fml.loading.moddiscovery.ModFileParser/LOADING]: Considering mod file candidate /workspaces/SERVER-DISLEXICO-03/servidor_minecraft/mods/trashslot-neoforge-26.2-26.2.0.2.jar
[21Sep2026 02:49:09.460] [main/DEBUG] [net.neoforged.fml.loading.moddiscovery.ModFileInfo/LOADING]: Found valid mod file trashslot-neoforge-26.2-26.2.0.2.jar with {trashslot} mods - versions {26.2.0.2}
[21Sep2026 02:49:09.460] [main/DEBUG] [net.neoforged.fml.loading.moddiscovery.ModFile/LOADING]: Loading mod file /workspaces/SERVER-DISLEXICO-03/servidor_minecraft/mods/trashslot-neoforge-26.2-26.2.0.2.jar with languages [LanguageSpec[languageName=javafml, acceptedVersions=[1,)]]
[21Sep2026 02:49:09.460] [main/DEBUG] [net.neoforged.fml.loading.moddiscovery.ModFile/LOADING]: Found mixin config MixinConfig[config=trashslot.mixins.json, requiredMods=[], behaviorVersion=null]
[21Sep2026 02:49:09.460] [main/DEBUG] [net.neoforged.fml.loading.moddiscovery.ModFile/LOADING]: Found mixin config MixinConfig[config=trashslot.neoforge.mixins.json, requiredMods=[], behaviorVersion=null]
[21Sep2026 02:49:09.461] [main/DEBUG] [net.neoforged.fml.loading.moddiscovery.ModFileParser/LOADING]: Considering mod file candidate /workspaces/SERVER-DISLEXICO-03/servidor_minecraft/mods/travelersbackpack-neoforge-26.2-11.3.3.jar
[21Sep2026 02:49:09.463] [main/DEBUG] [net.neoforged.fml.loading.moddiscovery.ModFileInfo/LOADING]: Found valid mod file travelersbackpack-neoforge-26.2-11.3.3.jar with {travelersbackpack} mods - versions {11.3.3}
[21Sep2026 02:49:09.463] [main/DEBUG] [net.neoforged.fml.loading.moddiscovery.ModFile/LOADING]: Loading mod file /workspaces/SERVER-DISLEXICO-03/servidor_minecraft/mods/travelersbackpack-neoforge-26.2-11.3.3.jar with languages [LanguageSpec[languageName=null, acceptedVersions=null]]
[21Sep2026 02:49:09.463] [main/DEBUG] [net.neoforged.fml.loading.moddiscovery.ModFile/LOADING]: Found mixin config MixinConfig[config=travelersbackpack.mixins.json, requiredMods=[], behaviorVersion=null]
[21Sep2026 02:49:09.464] [main/DEBUG] [net.neoforged.fml.loading.moddiscovery.ModFileParser/LOADING]: Considering mod file candidate /workspaces/SERVER-DISLEXICO-03/servidor_minecraft/mods/waystones-neoforge-26.2-26.2.0.12.jar
[21Sep2026 02:49:09.465] [main/DEBUG] [net.neoforged.fml.loading.moddiscovery.ModFileInfo/LOADING]: Found valid mod file waystones-neoforge-26.2-26.2.0.12.jar with {waystones} mods - versions {26.2.0.12}
[21Sep2026 02:49:09.465] [main/DEBUG] [net.neoforged.fml.loading.moddiscovery.ModFile/LOADING]: Loading mod file /workspaces/SERVER-DISLEXICO-03/servidor_minecraft/mods/waystones-neoforge-26.2-26.2.0.12.jar with languages [LanguageSpec[languageName=javafml, acceptedVersions=[1,)]]
[21Sep2026 02:49:09.466] [main/DEBUG] [net.neoforged.fml.loading.moddiscovery.ModFile/LOADING]: Found mixin config MixinConfig[config=waystones.mixins.json, requiredMods=[], behaviorVersion=null]
[21Sep2026 02:49:09.466] [main/DEBUG] [net.neoforged.fml.loading.moddiscovery.ModFile/LOADING]: Found mixin config MixinConfig[config=waystones.neoforge.mixins.json, requiredMods=[], behaviorVersion=null]
[21Sep2026 02:49:09.729] [main/DEBUG] [net.neoforged.fml.loading.moddiscovery.ModFile/LOADING]: Loading mod file /workspaces/SERVER-DISLEXICO-03/servidor_minecraft/.cache/jij/f0d8e8908624eb4478bb131e9f887366680d2e239741195e548fa5c906963b90/kotlin-reflect-2.4.0.jar with languages []
[21Sep2026 02:49:09.788] [main/DEBUG] [net.neoforged.fml.loading.moddiscovery.ModFile/LOADING]: Loading mod file /workspaces/SERVER-DISLEXICO-03/servidor_minecraft/.cache/jij/ccb14ff83fabcb11458b798dbc9824748ccdffeec79c9aba789e6ed1cda86b1c/kotlin-stdlib-2.4.0.jar with languages []
[21Sep2026 02:49:09.791] [main/DEBUG] [net.neoforged.fml.loading.moddiscovery.ModFile/LOADING]: Loading mod file /workspaces/SERVER-DISLEXICO-03/servidor_minecraft/.cache/jij/5072265564b6b0296f9c7b21fee65edee760c5697436f5ae7427033fa58fc034/kotlin-stdlib-jdk7-2.4.0.jar with languages []
[21Sep2026 02:49:09.794] [main/DEBUG] [net.neoforged.fml.loading.moddiscovery.ModFile/LOADING]: Loading mod file /workspaces/SERVER-DISLEXICO-03/servidor_minecraft/.cache/jij/d96b4e297136b8a4b2b88c1adcdc64d92e90d52a417e4315cdcf964adede8aa2/kotlin-stdlib-jdk8-2.4.0.jar with languages []
[21Sep2026 02:49:09.825] [main/DEBUG] [net.neoforged.fml.loading.moddiscovery.ModFile/LOADING]: Loading mod file /workspaces/SERVER-DISLEXICO-03/servidor_minecraft/.cache/jij/d1d75aa01dffbb4d1c520e67e4c4e7f5f6174718e7cb4632412503f2f0e604fa/kotlinx-coroutines-core-jvm-1.11.0.jar with languages []
[21Sep2026 02:49:09.828] [main/DEBUG] [net.neoforged.fml.loading.moddiscovery.ModFile/LOADING]: Loading mod file /workspaces/SERVER-DISLEXICO-03/servidor_minecraft/.cache/jij/1238f179da55360725ec49b887225317f31ae89bd29b652cbe139ff59f5d45cb/kotlinx-coroutines-jdk8-1.11.0.jar with languages []
[21Sep2026 02:49:09.836] [main/DEBUG] [net.neoforged.fml.loading.moddiscovery.ModFile/LOADING]: Loading mod file /workspaces/SERVER-DISLEXICO-03/servidor_minecraft/.cache/jij/f4a801c647d4351327cd9e1ac4113e2be9ea37a64ab0abae269c25a52e28f35d/kotlinx-serialization-core-jvm-1.11.0.jar with languages []
[21Sep2026 02:49:09.841] [main/DEBUG] [net.neoforged.fml.loading.moddiscovery.ModFile/LOADING]: Loading mod file /workspaces/SERVER-DISLEXICO-03/servidor_minecraft/.cache/jij/563a25b4eb5c9128ae9c2479f3d1a5c44dcd176112b91cf03682e906eba5c935/kotlinx-serialization-json-jvm-1.11.0.jar with languages []
[21Sep2026 02:49:09.846] [main/DEBUG] [net.neoforged.fml.loading.moddiscovery.ModFileParser/LOADING]: Considering mod file candidate /workspaces/SERVER-DISLEXICO-03/servidor_minecraft/.cache/jij/63f8a0af0e39c30589d13bcaf3471da55e9fc841c535504b553d754cab572bd8/net.blay09.mods.shogi-api-26.2.0.5.jar
[21Sep2026 02:49:09.847] [main/DEBUG] [net.neoforged.fml.loading.moddiscovery.ModFileInfo/LOADING]: Found valid mod file net.blay09.mods.shogi-api-26.2.0.5.jar with {shogi_api} mods - versions {26.2.0.5}
[21Sep2026 02:49:09.848] [main/DEBUG] [net.neoforged.fml.loading.moddiscovery.ModFile/LOADING]: Loading mod file /workspaces/SERVER-DISLEXICO-03/servidor_minecraft/.cache/jij/63f8a0af0e39c30589d13bcaf3471da55e9fc841c535504b553d754cab572bd8/net.blay09.mods.shogi-api-26.2.0.5.jar with languages [LanguageSpec[languageName=javafml, acceptedVersions=[1,)]]
[21Sep2026 02:49:09.859] [main/DEBUG] [net.neoforged.fml.loading.moddiscovery.ModFile/LOADING]: Loading mod file /workspaces/SERVER-DISLEXICO-03/servidor_minecraft/.cache/jij/6a464b1c603b716033f3561a0632a7cc7be17c9d75af1cab7f1db5fe98c3888a/mixinextras-neoforge-0.5.4.jar with languages []
[21Sep2026 02:49:09.861] [main/DEBUG] [net.neoforged.fml.loading.moddiscovery.ModFile/LOADING]: Loading mod file /workspaces/SERVER-DISLEXICO-03/servidor_minecraft/.cache/jij/4bd11d695a422e55e665ef3bba8b23bb62b7bcb77d98175ba2fff7db44ad1965/net.neoforged.neoforge-coremods-26.2.0.75.jar with languages []
[21Sep2026 02:49:09.866] [main/DEBUG] [net.neoforged.fml.loading.moddiscovery.ModFile/LOADING]: Loading mod file /workspaces/SERVER-DISLEXICO-03/servidor_minecraft/.cache/jij/e6b762f15e4891178dddd74e4d57318f518ce278000129efa41f85410b132ccc/pngj-2.1.0.jar with languages []
[21Sep2026 02:49:09.871] [main/DEBUG] [net.neoforged.fml.loading.moddiscovery.ModFileParser/LOADING]: Considering mod file candidate /workspaces/SERVER-DISLEXICO-03/servidor_minecraft/.cache/jij/1a5c40413dea54af68462ae2aa1698b8f2ea5301f33c6047d5ddf2c5dc84790c/journeymap-api-neoforge-26.2-2.0.0.jar
[21Sep2026 02:49:09.872] [main/DEBUG] [net.neoforged.fml.loading.moddiscovery.ModFileInfo/LOADING]: Found valid mod file journeymap-api-neoforge-26.2-2.0.0.jar with {journeymap_api} mods - versions {26.2-2.0.0}
[21Sep2026 02:49:09.872] [main/DEBUG] [net.neoforged.fml.loading.moddiscovery.ModFile/LOADING]: Loading mod file /workspaces/SERVER-DISLEXICO-03/servidor_minecraft/.cache/jij/1a5c40413dea54af68462ae2aa1698b8f2ea5301f33c6047d5ddf2c5dc84790c/journeymap-api-neoforge-26.2-2.0.0.jar with languages [LanguageSpec[languageName=javafml, acceptedVersions=[1,)]]
[21Sep2026 02:49:09.873] [main/DEBUG] [net.neoforged.fml.loading.moddiscovery.ModFileParser/LOADING]: Considering mod file candidate /workspaces/SERVER-DISLEXICO-03/servidor_minecraft/.cache/jij/baff43a1626eb3a929acbaba7051bd39c0ec546e625c0a35411ab479c38bfa49/common-networking-neoforge-26.2-1.1.0.jar
[21Sep2026 02:49:09.874] [main/DEBUG] [net.neoforged.fml.loading.moddiscovery.ModFileInfo/LOADING]: Found valid mod file common-networking-neoforge-26.2-1.1.0.jar with {commonnetworking} mods - versions {26.2-1.1.0}
[21Sep2026 02:49:09.874] [main/DEBUG] [net.neoforged.fml.loading.moddiscovery.ModFile/LOADING]: Loading mod file /workspaces/SERVER-DISLEXICO-03/servidor_minecraft/.cache/jij/baff43a1626eb3a929acbaba7051bd39c0ec546e625c0a35411ab479c38bfa49/common-networking-neoforge-26.2-1.1.0.jar with languages [LanguageSpec[languageName=javafml, acceptedVersions=[2,)]]
[21Sep2026 02:49:09.879] [main/DEBUG] [net.neoforged.fml.loading.moddiscovery.ModFileParser/LOADING]: Considering mod file candidate /workspaces/SERVER-DISLEXICO-03/servidor_minecraft/.cache/jij/33f235f6c834330a7ce20f45475656c01b9d8eca587d86a6b11ea38a94190ccc/kuma-api-neoforge-26.2.0.1.jar
[21Sep2026 02:49:09.880] [main/DEBUG] [net.neoforged.fml.loading.moddiscovery.ModFileInfo/LOADING]: Found valid mod file kuma-api-neoforge-26.2.0.1.jar with {kuma_api} mods - versions {26.2.0.1}
[21Sep2026 02:49:09.880] [main/DEBUG] [net.neoforged.fml.loading.moddiscovery.ModFile/LOADING]: Loading mod file /workspaces/SERVER-DISLEXICO-03/servidor_minecraft/.cache/jij/33f235f6c834330a7ce20f45475656c01b9d8eca587d86a6b11ea38a94190ccc/kuma-api-neoforge-26.2.0.1.jar with languages [LanguageSpec[languageName=javafml, acceptedVersions=[1,)]]
[21Sep2026 02:49:09.880] [main/DEBUG] [net.neoforged.fml.loading.moddiscovery.ModFile/LOADING]: Found mixin config MixinConfig[config=kuma_api.mixins.json, requiredMods=[], behaviorVersion=null]
[21Sep2026 02:49:09.880] [main/DEBUG] [net.neoforged.fml.loading.moddiscovery.ModFile/LOADING]: Found mixin config MixinConfig[config=kuma_api.neoforge.mixins.json, requiredMods=[], behaviorVersion=null]
[21Sep2026 02:49:09.949] [main/INFO] [net.neoforged.fml.loading.moddiscovery.locators.JarInJarDependencyLocator/]: Found 15 dependencies adding them to mods collection
[21Sep2026 02:49:09.954] [main/INFO] [net.neoforged.fml.loading.moddiscovery.ModDiscoverer/]: 
     Mod List:
		Name Version (Mod Id)

		Balm 26.2.0.8 (balm)
		Biomes O' Plenty 26.2.0.0.24 (biomesoplenty)
		Collective 8.39 (collective)
		Common Networking 26.2-1.1.0 (commonnetworking)
		Corail Tombstone 9.9.3 (tombstone)
		CreativeCore 2.14.16 (creativecore)
		Dungeon Crawl 2.3.17 (dungeoncrawl)
		Explorify 1.6.5 (explorify)
		FallingTree 25 (fallingtree)
		GlitchCore 26.2.0.0.0 (glitchcore)
		Inventory Profiles Next 2.3.7 (inventoryprofilesnext)
		Journeymap 26.2-6.0.8 (journeymap)
		JourneyMap API 26.2-2.0.0 (journeymap_api)
		Just Enough Items 30.32.0.221 (jei)
		Just Hammers 26.2.0.1 (justhammers)
		KumaAPI 26.2.0.1 (kuma_api)
		libIPN 6.8.3 (libipn)
		Minecraft 26.2 (minecraft)
		NeoForge 26.2.0.75 (neoforge)
		PlayerRevive 2.1.2 (playerrevive)
		Replanting Crops 5.6 (replantingcrops)
		Repurposed Structures 7.7.6+26.2-neoforge (repurposed_structures)
		Rotten Flesh Smelt To Leather 1.7.8 (rottenfleshtoleather)
		Shogi 26.2.0.5 (shogi)
		Shogi API 26.2.0.5 (shogi_api)
		TerraBlender 26.2.0.0.2 (terrablender)
		TrashSlot 26.2.0.2 (trashslot)
		Traveler's Backpack 11.3.3 (travelersbackpack)
		Waystones 26.2.0.12 (waystones)
[21Sep2026 02:49:09.981] [main/DEBUG] [net.neoforged.fml.loading.ModSorter/]: Configured system mods: [minecraft, neoforge]
[21Sep2026 02:49:09.981] [main/DEBUG] [net.neoforged.fml.loading.ModSorter/]: Found system mod: minecraft
[21Sep2026 02:49:09.981] [main/DEBUG] [net.neoforged.fml.loading.ModSorter/]: Found system mod: neoforge
[21Sep2026 02:49:09.990] [main/DEBUG] [net.neoforged.fml.loading.ModSorter/LOADING]: Found 54 mod requirements (54 mandatory, 0 optional)
[21Sep2026 02:49:09.991] [main/DEBUG] [net.neoforged.fml.loading.ModSorter/LOADING]: Found 0 mod requirements missing (0 mandatory, 0 optional)
[21Sep2026 02:49:10.375] [main/INFO] [mixin/]: SpongePowered MIXIN Subsystem Version=0.8.7 Source=file:/workspaces/SERVER-DISLEXICO-03/servidor_minecraft/libraries/net/fabricmc/sponge-mixin/0.17.3+mixin.0.8.7/sponge-mixin-0.17.3+mixin.0.8.7.jar Service=FML Env=SERVER
[21Sep2026 02:49:10.417] [main/DEBUG] [mixin/]: Initialising Mixin Platform Manager
[21Sep2026 02:49:10.417] [main/DEBUG] [mixin/]: Adding mixin platform agents for container ContainerHandleVirtual(fml:18c85)
[21Sep2026 02:49:10.418] [main/DEBUG] [mixin/]: Instancing new MixinPlatformAgentDefault for ContainerHandleVirtual(fml:18c85)
[21Sep2026 02:49:10.423] [main/DEBUG] [mixin/]: MixinPlatformAgentDefault accepted container ContainerHandleVirtual(fml:18c85)
[21Sep2026 02:49:10.423] [main/DEBUG] [mixin/]: Instancing new MixinPlatformAgentDefault for ContainerHandleVirtual(fml:18c85)
[21Sep2026 02:49:10.423] [main/DEBUG] [mixin/]: MixinPlatformAgentDefault accepted container ContainerHandleVirtual(fml:18c85)
[21Sep2026 02:49:10.423] [main/DEBUG] [mixin/]: Processing prepare() for PlatformAgent[MixinPlatformAgentDefault:ContainerHandleVirtual(fml:18c85)]
[21Sep2026 02:49:10.424] [main/DEBUG] [mixin/]: Processing prepare() for PlatformAgent[MixinPlatformAgentDefault:ContainerHandleVirtual(fml:18c85)]
[21Sep2026 02:49:10.425] [main/INFO] [net.neoforged.fml.loading.FMLLoader/]: Loading FML Plugins:
[21Sep2026 02:49:10.428] [main/INFO] [net.neoforged.fml.loading.FMLLoader/]:  - mods/libIPN-neoforge-26.2-6.8.3.jar > kotlinx-serialization-core-jvm-1.11.0.jar
[21Sep2026 02:49:10.428] [main/INFO] [net.neoforged.fml.loading.FMLLoader/]:  - mods/libIPN-neoforge-26.2-6.8.3.jar > kotlinx-coroutines-jdk8-1.11.0.jar
[21Sep2026 02:49:10.428] [main/INFO] [net.neoforged.fml.loading.FMLLoader/]:  - mods/libIPN-neoforge-26.2-6.8.3.jar > kotlinx-serialization-json-jvm-1.11.0.jar
[21Sep2026 02:49:10.429] [main/INFO] [net.neoforged.fml.loading.FMLLoader/]:  - mods/journeymap-neoforge-26.2-6.0.8.jar > pngj-2.1.0.jar
[21Sep2026 02:49:10.429] [main/INFO] [net.neoforged.fml.loading.FMLLoader/]:  - mods/libIPN-neoforge-26.2-6.8.3.jar > kotlin-stdlib-2.4.0.jar
[21Sep2026 02:49:10.429] [main/INFO] [net.neoforged.fml.loading.FMLLoader/]:  - mods/libIPN-neoforge-26.2-6.8.3.jar > kotlinx-coroutines-core-jvm-1.11.0.jar
[21Sep2026 02:49:10.430] [main/INFO] [net.neoforged.fml.loading.FMLLoader/]:  - mods/libIPN-neoforge-26.2-6.8.3.jar > kotlin-reflect-2.4.0.jar
[21Sep2026 02:49:10.430] [main/INFO] [net.neoforged.fml.loading.FMLLoader/]:  - ~libraries/net/neoforged/neoforge/26.2.0.75/neoforge-26.2.0.75-universal.jar > net.neoforged.neoforge-coremods-26.2.0.75.jar
[21Sep2026 02:49:10.430] [main/INFO] [net.neoforged.fml.loading.FMLLoader/]:  - mods/libIPN-neoforge-26.2-6.8.3.jar > kotlin-stdlib-jdk8-2.4.0.jar
[21Sep2026 02:49:10.434] [main/INFO] [net.neoforged.fml.loading.FMLLoader/]:  - mods/libIPN-neoforge-26.2-6.8.3.jar > kotlin-stdlib-jdk7-2.4.0.jar
[21Sep2026 02:49:10.443] [main/DEBUG] [net.neoforged.fml.util.ServiceLoaderUtil/CORE]: Found 2 implementations of IModLanguageLoader:
[21Sep2026 02:49:10.443] [main/DEBUG] [net.neoforged.fml.util.ServiceLoaderUtil/CORE]: 	net.neoforged.fml.javafmlmod.FMLJavaModLanguageProvider from libraries/net/neoforged/fancymodloader/loader/11.0.16/loader-11.0.16.jar
[21Sep2026 02:49:10.443] [main/DEBUG] [net.neoforged.fml.util.ServiceLoaderUtil/CORE]: 	net.neoforged.fml.mclanguageprovider.MinecraftModLanguageProvider from libraries/net/neoforged/fancymodloader/loader/11.0.16/loader-11.0.16.jar
[21Sep2026 02:49:10.444] [main/DEBUG] [net.neoforged.fml.loading.LanguageProviderLoader/CORE]: Found language provider javafml, version 11.0
[21Sep2026 02:49:10.449] [main/DEBUG] [net.neoforged.fml.loading.LanguageProviderLoader/CORE]: Found language provider minecraft, version 11.0
[21Sep2026 02:49:10.452] [main/WARN] [net.neoforged.fml.loading.LanguageProviderLoader/]: Mod jar(mods/Explorify v1.6.5.mod.jar) is using the deprecated 'lowcodefml' language loader. This warning can be fixed by simply removing the modLoader and loaderVersion settings from neoforge.mods.toml.
[21Sep2026 02:49:10.456] [main/DEBUG] [net.neoforged.fml.loading.FMLLoader/]: Adding Access Transformer META-INF/accesstransformer.cfg in jar(mods/repurposed_structures-7.7.6+26.2-neoforge.jar)
[21Sep2026 02:49:10.469] [main/DEBUG] [net.neoforged.fml.loading.FMLLoader/]: Adding Access Transformer META-INF/accesstransformer.cfg in jar(mods/libIPN-neoforge-26.2-6.8.3.jar)
[21Sep2026 02:49:10.488] [main/DEBUG] [net.neoforged.fml.loading.FMLLoader/]: Adding Access Transformer META-INF/accesstransformer.cfg in jar(mods/TerraBlender-neoforge-26.2-26.2.0.0.2.jar)
[21Sep2026 02:49:10.495] [main/DEBUG] [net.neoforged.fml.loading.FMLLoader/]: Adding Access Transformer META-INF/accesstransformer.cfg in jar(mods/just-hammers-neoforge-26.2.0.1.jar)
[21Sep2026 02:49:10.495] [main/DEBUG] [net.neoforged.fml.loading.FMLLoader/]: Adding Access Transformer META-INF/accesstransformer.cfg in jar(mods/jei-26.2-neoforge-30.32.0.221.jar)
[21Sep2026 02:49:10.505] [main/DEBUG] [net.neoforged.fml.loading.FMLLoader/]: Adding Access Transformer META-INF/accesstransformer.cfg in jar(mods/collective-26.2.0-8.39.jar)
[21Sep2026 02:49:10.508] [main/DEBUG] [net.neoforged.fml.loading.FMLLoader/]: Adding Access Transformer META-INF/accesstransformer.cfg in jar(mods/journeymap-neoforge-26.2-6.0.8.jar)
[21Sep2026 02:49:10.516] [main/DEBUG] [net.neoforged.fml.loading.FMLLoader/]: Adding Access Transformer META-INF/accesstransformer.cfg in jar(~libraries/net/neoforged/neoforge/26.2.0.75/neoforge-26.2.0.75-universal.jar)
[21Sep2026 02:49:10.559] [main/DEBUG] [net.neoforged.fml.loading.FMLLoader/]: Adding Access Transformer META-INF/accesstransformergenerated.cfg in jar(~libraries/net/neoforged/neoforge/26.2.0.75/neoforge-26.2.0.75-universal.jar)
[21Sep2026 02:49:10.587] [main/DEBUG] [net.neoforged.fml.loading.FMLLoader/]: Adding Access Transformer META-INF/accesstransformer.cfg in jar(mods/travelersbackpack-neoforge-26.2-11.3.3.jar)
[21Sep2026 02:49:10.589] [main/DEBUG] [net.neoforged.fml.loading.FMLLoader/]: Adding Access Transformer META-INF/accesstransformer.cfg in jar(mods/tombstone-neoforge-26.2-9.9.3.jar)
[21Sep2026 02:49:10.592] [main/DEBUG] [net.neoforged.fml.loading.FMLLoader/]: Adding Access Transformer META-INF/accesstransformer.cfg in jar(mods/DungeonCrawl-NeoForge-26.2-2.3.17.jar)
[21Sep2026 02:49:10.594] [main/DEBUG] [net.neoforged.fml.loading.FMLLoader/]: Adding Access Transformer META-INF/accesstransformer.cfg in jar(mods/GlitchCore-neoforge-26.2-26.2.0.0.0.jar)
[21Sep2026 02:49:10.595] [main/DEBUG] [net.neoforged.fml.loading.FMLLoader/]: Adding Access Transformer META-INF/accesstransformer.cfg in jar(mods/BiomesOPlenty-neoforge-26.2-26.2.0.0.24.jar)
[21Sep2026 02:49:10.605] [main/DEBUG] [net.neoforged.fml.loading.FMLLoader/]: Adding Access Transformer META-INF/accesstransformer.cfg in jar(mods/InventoryProfilesNext-neoforge-26.2-2.3.7.jar)
[21Sep2026 02:49:10.611] [main/DEBUG] [net.neoforged.fml.loading.FMLLoader/]: Adding Access Transformer META-INF/accesstransformer.cfg in jar(mods/balm-neoforge-26.2-26.2.0.8.jar)
[21Sep2026 02:49:10.621] [main/DEBUG] [net.neoforged.fml.util.ServiceLoaderUtil/CORE]: Found 4 implementations of ClassProcessor:
[21Sep2026 02:49:10.621] [main/DEBUG] [net.neoforged.fml.util.ServiceLoaderUtil/CORE]: 	[built-in] net.neoforged.fml.common.asm.AccessTransformerService from libraries/net/neoforged/fancymodloader/loader/11.0.16/loader-11.0.16.jar
[21Sep2026 02:49:10.621] [main/DEBUG] [net.neoforged.fml.util.ServiceLoaderUtil/CORE]: 	[built-in] net.neoforged.fml.common.asm.enumextension.RuntimeEnumExtender from libraries/net/neoforged/fancymodloader/loader/11.0.16/loader-11.0.16.jar
[21Sep2026 02:49:10.621] [main/DEBUG] [net.neoforged.fml.util.ServiceLoaderUtil/CORE]: 	[built-in] net.neoforged.fml.common.asm.SimpleProcessorsGroup from libraries/net/neoforged/fancymodloader/loader/11.0.16/loader-11.0.16.jar
[21Sep2026 02:49:10.621] [main/DEBUG] [net.neoforged.fml.util.ServiceLoaderUtil/CORE]: 	[built-in] net.neoforged.fml.loading.mixin.FMLMixinClassProcessor from libraries/net/neoforged/fancymodloader/loader/11.0.16/loader-11.0.16.jar
[21Sep2026 02:49:10.623] [main/DEBUG] [net.neoforged.fml.util.ServiceLoaderUtil/CORE]: Found 1 implementations of ClassProcessorProvider:
[21Sep2026 02:49:10.624] [main/DEBUG] [net.neoforged.fml.util.ServiceLoaderUtil/CORE]: 	net.neoforged.neoforge.coremods.NeoForgeCoreMod from ~libraries/net/neoforged/neoforge/26.2.0.75/neoforge-26.2.0.75-universal.jar > net.neoforged.neoforge-coremods-26.2.0.75.jar
[21Sep2026 02:49:10.749] [main/INFO] [net.neoforged.fml.loading.FMLLoader/]: Building game content classloader:
 - balm (jar(mods/balm-neoforge-26.2-26.2.0.8.jar))
 - biomesoplenty (jar(mods/BiomesOPlenty-neoforge-26.2-26.2.0.0.24.jar))
 - collective (jar(mods/collective-26.2.0-8.39.jar))
 - commonnetworking (jar(mods/journeymap-neoforge-26.2-6.0.8.jar > common-networking-neoforge-26.2-1.1.0.jar))
 - creativecore (jar(mods/CreativeCore_NEOFORGE_v2.14.16_mc26.2.jar))
 - dungeoncrawl (jar(mods/DungeonCrawl-NeoForge-26.2-2.3.17.jar))
 - explorify (jar(mods/Explorify v1.6.5.mod.jar))
 - fallingtree (jar(mods/FallingTree-26.2-25.jar))
 - glitchcore (jar(mods/GlitchCore-neoforge-26.2-26.2.0.0.0.jar))
 - inventoryprofilesnext (jar(mods/InventoryProfilesNext-neoforge-26.2-2.3.7.jar))
 - jei (jar(mods/jei-26.2-neoforge-30.32.0.221.jar))
 - journeymap (jar(mods/journeymap-neoforge-26.2-6.0.8.jar))
 - journeymap_api (jar(mods/journeymap-neoforge-26.2-6.0.8.jar > journeymap-api-neoforge-26.2-2.0.0.jar))
 - justhammers (jar(mods/just-hammers-neoforge-26.2.0.1.jar))
 - kuma_api (jar(mods/balm-neoforge-26.2-26.2.0.8.jar > kuma-api-neoforge-26.2.0.1.jar))
 - libipn (jar(mods/libIPN-neoforge-26.2-6.8.3.jar))
 - minecraft (jar(~libraries/net/neoforged/minecraft-server-patched/26.2.0.75/minecraft-server-patched-26.2.0.75.jar))
 - mixinextras.neoforge (jar(~libraries/net/neoforged/neoforge/26.2.0.75/neoforge-26.2.0.75-universal.jar > mixinextras-neoforge-0.5.4.jar))
 - neoforge (jar(~libraries/net/neoforged/neoforge/26.2.0.75/neoforge-26.2.0.75-universal.jar))
 - net.neoforged.fml.generated (empty(VirtualJar/net.neoforged.fml.generated))
 - playerrevive (jar(mods/PlayerRevive_NEOFORGE_v2.1.2_mc26.2.jar))
 - replantingcrops (jar(mods/replantingcrops-26.2.0-5.6.jar))
 - repurposed_structures (jar(mods/repurposed_structures-7.7.6+26.2-neoforge.jar))
 - rottenfleshtoleather (jar(mods/rottenfleshtoleather NeoForge 26.2-1.7.8.jar))
 - shogi (jar(mods/shogi-neoforge-26.2-26.2.0.5.jar))
 - shogi_api (jar(mods/shogi-neoforge-26.2-26.2.0.5.jar > net.blay09.mods.shogi-api-26.2.0.5.jar))
 - terrablender (jar(mods/TerraBlender-neoforge-26.2-26.2.0.0.2.jar))
 - tombstone (jar(mods/tombstone-neoforge-26.2-9.9.3.jar))
 - trashslot (jar(mods/trashslot-neoforge-26.2-26.2.0.2.jar))
 - travelersbackpack (jar(mods/travelersbackpack-neoforge-26.2-11.3.3.jar))
 - waystones (jar(mods/waystones-neoforge-26.2-26.2.0.12.jar))
[21Sep2026 02:49:10.836] [main/INFO] [net.neoforged.fml.loading.FMLLoader/]: Built game content classloader in 172ms
[21Sep2026 02:49:10.997] [main/DEBUG] [mixin/]: Compatibility level JAVA_25 specified by repurposed_structures-neoforge.mixins.json is higher than the maximum level supported by this version of mixin (JAVA_13).
[21Sep2026 02:49:11.008] [main/INFO] [mixin/]: Compatibility level set to JAVA_25
[21Sep2026 02:49:11.014] [main/DEBUG] [mixin/]: Compatibility level JAVA_17 specified by kuma_api.mixins.json is lower than the default level supported by the current mixin service (JAVA_21).
[21Sep2026 02:49:11.014] [main/DEBUG] [mixin/]: Compatibility level JAVA_17 specified by kuma_api.mixins.json is higher than the maximum level supported by this version of mixin (JAVA_13).
[21Sep2026 02:49:11.019] [main/DEBUG] [mixin/]: Compatibility level JAVA_21 specified by kuma_api.neoforge.mixins.json is higher than the maximum level supported by this version of mixin (JAVA_13).
[21Sep2026 02:49:11.021] [main/DEBUG] [mixin/]: Compatibility level JAVA_17 specified by terrablender.mixins.json is lower than the default level supported by the current mixin service (JAVA_21).
[21Sep2026 02:49:11.026] [main/DEBUG] [mixin/]: Compatibility level JAVA_17 specified by terrablender.mixins.json is higher than the maximum level supported by this version of mixin (JAVA_13).
[21Sep2026 02:49:11.035] [main/DEBUG] [mixin/]: Compatibility level JAVA_17 specified by terrablender.neoforge.mixins.json is lower than the default level supported by the current mixin service (JAVA_21).
[21Sep2026 02:49:11.036] [main/DEBUG] [mixin/]: Compatibility level JAVA_17 specified by terrablender.neoforge.mixins.json is higher than the maximum level supported by this version of mixin (JAVA_13).
[21Sep2026 02:49:11.039] [main/DEBUG] [mixin/]: Compatibility level JAVA_17 specified by trashslot.mixins.json is lower than the default level supported by the current mixin service (JAVA_21).
[21Sep2026 02:49:11.041] [main/DEBUG] [mixin/]: Compatibility level JAVA_17 specified by trashslot.mixins.json is higher than the maximum level supported by this version of mixin (JAVA_13).
[21Sep2026 02:49:11.044] [main/DEBUG] [mixin/]: Compatibility level JAVA_17 specified by trashslot.neoforge.mixins.json is lower than the default level supported by the current mixin service (JAVA_21).
[21Sep2026 02:49:11.045] [main/DEBUG] [mixin/]: Compatibility level JAVA_17 specified by trashslot.neoforge.mixins.json is higher than the maximum level supported by this version of mixin (JAVA_13).
[21Sep2026 02:49:11.045] [main/DEBUG] [mixin/]: Compatibility level JAVA_17 specified by justhammers.mixins.json is lower than the default level supported by the current mixin service (JAVA_21).
[21Sep2026 02:49:11.047] [main/DEBUG] [mixin/]: Compatibility level JAVA_17 specified by justhammers.mixins.json is higher than the maximum level supported by this version of mixin (JAVA_13).
[21Sep2026 02:49:11.048] [main/DEBUG] [mixin/]: Compatibility level JAVA_21 specified by creativecore.mixins.json is higher than the maximum level supported by this version of mixin (JAVA_13).
[21Sep2026 02:49:11.052] [main/DEBUG] [mixin/]: Compatibility level JAVA_21 specified by creativecore.forge.mixins.json is higher than the maximum level supported by this version of mixin (JAVA_13).
[21Sep2026 02:49:11.055] [main/DEBUG] [mixin/]: Compatibility level JAVA_17 specified by shogi.mixins.json is lower than the default level supported by the current mixin service (JAVA_21).
[21Sep2026 02:49:11.055] [main/DEBUG] [mixin/]: Compatibility level JAVA_17 specified by shogi.mixins.json is higher than the maximum level supported by this version of mixin (JAVA_13).
[21Sep2026 02:49:11.058] [main/DEBUG] [mixin/]: Compatibility level JAVA_21 specified by shogi.neoforge.mixins.json is higher than the maximum level supported by this version of mixin (JAVA_13).
[21Sep2026 02:49:11.059] [main/DEBUG] [mixin/]: Compatibility level JAVA_17 specified by waystones.mixins.json is lower than the default level supported by the current mixin service (JAVA_21).
[21Sep2026 02:49:11.059] [main/DEBUG] [mixin/]: Compatibility level JAVA_17 specified by waystones.mixins.json is higher than the maximum level supported by this version of mixin (JAVA_13).
[21Sep2026 02:49:11.060] [main/DEBUG] [mixin/]: Compatibility level JAVA_17 specified by waystones.neoforge.mixins.json is lower than the default level supported by the current mixin service (JAVA_21).
[21Sep2026 02:49:11.060] [main/DEBUG] [mixin/]: Compatibility level JAVA_17 specified by waystones.neoforge.mixins.json is higher than the maximum level supported by this version of mixin (JAVA_13).
[21Sep2026 02:49:11.062] [main/DEBUG] [mixin/]: Compatibility level JAVA_17 specified by journeymap.mixins.json is lower than the default level supported by the current mixin service (JAVA_21).
[21Sep2026 02:49:11.062] [main/DEBUG] [mixin/]: Compatibility level JAVA_17 specified by journeymap.mixins.json is higher than the maximum level supported by this version of mixin (JAVA_13).
[21Sep2026 02:49:11.063] [main/DEBUG] [mixin/]: Compatibility level JAVA_17 specified by journeymap.neoforge.mixins.json is lower than the default level supported by the current mixin service (JAVA_21).
[21Sep2026 02:49:11.065] [main/DEBUG] [mixin/]: Compatibility level JAVA_17 specified by journeymap.neoforge.mixins.json is higher than the maximum level supported by this version of mixin (JAVA_13).
[21Sep2026 02:49:11.067] [main/DEBUG] [mixin/]: Compatibility level JAVA_21 specified by travelersbackpack.mixins.json is higher than the maximum level supported by this version of mixin (JAVA_13).
[21Sep2026 02:49:11.069] [main/DEBUG] [mixin/]: Compatibility level JAVA_21 specified by tombstone.mixins.json is higher than the maximum level supported by this version of mixin (JAVA_13).
[21Sep2026 02:49:11.070] [main/DEBUG] [mixin/]: Compatibility level JAVA_17 specified by glitchcore.mixins.json is lower than the default level supported by the current mixin service (JAVA_21).
[21Sep2026 02:49:11.070] [main/DEBUG] [mixin/]: Compatibility level JAVA_17 specified by glitchcore.mixins.json is higher than the maximum level supported by this version of mixin (JAVA_13).
[21Sep2026 02:49:11.071] [main/DEBUG] [mixin/]: Compatibility level JAVA_17 specified by glitchcore.neoforge.mixins.json is lower than the default level supported by the current mixin service (JAVA_21).
[21Sep2026 02:49:11.071] [main/DEBUG] [mixin/]: Compatibility level JAVA_17 specified by glitchcore.neoforge.mixins.json is higher than the maximum level supported by this version of mixin (JAVA_13).
[21Sep2026 02:49:11.072] [main/DEBUG] [mixin/]: Compatibility level JAVA_17 specified by biomesoplenty.mixins.json is lower than the default level supported by the current mixin service (JAVA_21).
[21Sep2026 02:49:11.072] [main/DEBUG] [mixin/]: Compatibility level JAVA_17 specified by biomesoplenty.mixins.json is higher than the maximum level supported by this version of mixin (JAVA_13).
[21Sep2026 02:49:11.075] [main/DEBUG] [mixin/]: Compatibility level JAVA_17 specified by biomesoplenty.neoforge.mixins.json is lower than the default level supported by the current mixin service (JAVA_21).
[21Sep2026 02:49:11.075] [main/DEBUG] [mixin/]: Compatibility level JAVA_17 specified by biomesoplenty.neoforge.mixins.json is higher than the maximum level supported by this version of mixin (JAVA_13).
[21Sep2026 02:49:11.076] [main/DEBUG] [mixin/]: Compatibility level JAVA_21 specified by mixins.ipnext.json is higher than the maximum level supported by this version of mixin (JAVA_13).
[21Sep2026 02:49:11.077] [main/DEBUG] [mixin/]: Compatibility level JAVA_17 specified by balm.mixins.json is lower than the default level supported by the current mixin service (JAVA_21).
[21Sep2026 02:49:11.080] [main/DEBUG] [mixin/]: Compatibility level JAVA_17 specified by balm.mixins.json is higher than the maximum level supported by this version of mixin (JAVA_13).
[21Sep2026 02:49:11.080] [main/DEBUG] [mixin/]: Compatibility level JAVA_17 specified by balm.api.mixins.json is lower than the default level supported by the current mixin service (JAVA_21).
[21Sep2026 02:49:11.080] [main/DEBUG] [mixin/]: Compatibility level JAVA_17 specified by balm.api.mixins.json is higher than the maximum level supported by this version of mixin (JAVA_13).
[21Sep2026 02:49:11.081] [main/DEBUG] [mixin/]: Compatibility level JAVA_21 specified by balm.neoforge.mixins.json is higher than the maximum level supported by this version of mixin (JAVA_13).
[21Sep2026 02:49:11.085] [main/DEBUG] [mixin/]: Compatibility level JAVA_17 specified by playerrevive.mixins.json is lower than the default level supported by the current mixin service (JAVA_21).
[21Sep2026 02:49:11.085] [main/DEBUG] [mixin/]: Compatibility level JAVA_17 specified by playerrevive.mixins.json is higher than the maximum level supported by this version of mixin (JAVA_13).
[21Sep2026 02:49:11.091] [main/DEBUG] [mixin/]: Processing launch tasks for PlatformAgent[MixinPlatformAgentDefault:ContainerHandleVirtual(fml:18c85)]
[21Sep2026 02:49:11.091] [main/DEBUG] [mixin/]: Processing launch tasks for PlatformAgent[MixinPlatformAgentDefault:ContainerHandleVirtual(fml:18c85)]
[21Sep2026 02:49:11.092] [main/DEBUG] [mixin/]: Adding agents for Mixin Container jar(mods/libIPN-neoforge-26.2-6.8.3.jar) > jar(mods/libIPN-neoforge-26.2-6.8.3.jar > kotlinx-serialization-core-jvm-1.11.0.jar)
[21Sep2026 02:49:11.092] [main/DEBUG] [mixin/]: Adding mixin platform agents for container jar(mods/libIPN-neoforge-26.2-6.8.3.jar) > jar(mods/libIPN-neoforge-26.2-6.8.3.jar > kotlinx-serialization-core-jvm-1.11.0.jar)
[21Sep2026 02:49:11.092] [main/DEBUG] [mixin/]: Instancing new MixinPlatformAgentDefault for jar(mods/libIPN-neoforge-26.2-6.8.3.jar) > jar(mods/libIPN-neoforge-26.2-6.8.3.jar > kotlinx-serialization-core-jvm-1.11.0.jar)
[21Sep2026 02:49:11.092] [main/DEBUG] [mixin/]: MixinPlatformAgentDefault accepted container jar(mods/libIPN-neoforge-26.2-6.8.3.jar) > jar(mods/libIPN-neoforge-26.2-6.8.3.jar > kotlinx-serialization-core-jvm-1.11.0.jar)
[21Sep2026 02:49:11.092] [main/DEBUG] [mixin/]: Instancing new MixinPlatformAgentDefault for jar(mods/libIPN-neoforge-26.2-6.8.3.jar) > jar(mods/libIPN-neoforge-26.2-6.8.3.jar > kotlinx-serialization-core-jvm-1.11.0.jar)
[21Sep2026 02:49:11.092] [main/DEBUG] [mixin/]: MixinPlatformAgentDefault accepted container jar(mods/libIPN-neoforge-26.2-6.8.3.jar) > jar(mods/libIPN-neoforge-26.2-6.8.3.jar > kotlinx-serialization-core-jvm-1.11.0.jar)
[21Sep2026 02:49:11.093] [main/DEBUG] [mixin/]: Processing prepare() for PlatformAgent[MixinPlatformAgentDefault:jar(mods/libIPN-neoforge-26.2-6.8.3.jar) > jar(mods/libIPN-neoforge-26.2-6.8.3.jar > kotlinx-serialization-core-jvm-1.11.0.jar)]
[21Sep2026 02:49:11.093] [main/DEBUG] [mixin/]: Processing prepare() for PlatformAgent[MixinPlatformAgentDefault:jar(mods/libIPN-neoforge-26.2-6.8.3.jar) > jar(mods/libIPN-neoforge-26.2-6.8.3.jar > kotlinx-serialization-core-jvm-1.11.0.jar)]
[21Sep2026 02:49:11.093] [main/DEBUG] [mixin/]: Adding agents for Mixin Container jar(mods/libIPN-neoforge-26.2-6.8.3.jar) > jar(mods/libIPN-neoforge-26.2-6.8.3.jar > kotlinx-coroutines-jdk8-1.11.0.jar)
[21Sep2026 02:49:11.093] [main/DEBUG] [mixin/]: Adding mixin platform agents for container jar(mods/libIPN-neoforge-26.2-6.8.3.jar) > jar(mods/libIPN-neoforge-26.2-6.8.3.jar > kotlinx-coroutines-jdk8-1.11.0.jar)
[21Sep2026 02:49:11.093] [main/DEBUG] [mixin/]: Instancing new MixinPlatformAgentDefault for jar(mods/libIPN-neoforge-26.2-6.8.3.jar) > jar(mods/libIPN-neoforge-26.2-6.8.3.jar > kotlinx-coroutines-jdk8-1.11.0.jar)
[21Sep2026 02:49:11.093] [main/DEBUG] [mixin/]: MixinPlatformAgentDefault accepted container jar(mods/libIPN-neoforge-26.2-6.8.3.jar) > jar(mods/libIPN-neoforge-26.2-6.8.3.jar > kotlinx-coroutines-jdk8-1.11.0.jar)
[21Sep2026 02:49:11.094] [main/DEBUG] [mixin/]: Instancing new MixinPlatformAgentDefault for jar(mods/libIPN-neoforge-26.2-6.8.3.jar) > jar(mods/libIPN-neoforge-26.2-6.8.3.jar > kotlinx-coroutines-jdk8-1.11.0.jar)
[21Sep2026 02:49:11.097] [main/DEBUG] [mixin/]: MixinPlatformAgentDefault accepted container jar(mods/libIPN-neoforge-26.2-6.8.3.jar) > jar(mods/libIPN-neoforge-26.2-6.8.3.jar > kotlinx-coroutines-jdk8-1.11.0.jar)
[21Sep2026 02:49:11.097] [main/DEBUG] [mixin/]: Processing prepare() for PlatformAgent[MixinPlatformAgentDefault:jar(mods/libIPN-neoforge-26.2-6.8.3.jar) > jar(mods/libIPN-neoforge-26.2-6.8.3.jar > kotlinx-coroutines-jdk8-1.11.0.jar)]
[21Sep2026 02:49:11.097] [main/DEBUG] [mixin/]: Processing prepare() for PlatformAgent[MixinPlatformAgentDefault:jar(mods/libIPN-neoforge-26.2-6.8.3.jar) > jar(mods/libIPN-neoforge-26.2-6.8.3.jar > kotlinx-coroutines-jdk8-1.11.0.jar)]
[21Sep2026 02:49:11.097] [main/DEBUG] [mixin/]: Adding agents for Mixin Container jar(mods/libIPN-neoforge-26.2-6.8.3.jar) > jar(mods/libIPN-neoforge-26.2-6.8.3.jar > kotlinx-serialization-json-jvm-1.11.0.jar)
[21Sep2026 02:49:11.097] [main/DEBUG] [mixin/]: Adding mixin platform agents for container jar(mods/libIPN-neoforge-26.2-6.8.3.jar) > jar(mods/libIPN-neoforge-26.2-6.8.3.jar > kotlinx-serialization-json-jvm-1.11.0.jar)
[21Sep2026 02:49:11.097] [main/DEBUG] [mixin/]: Instancing new MixinPlatformAgentDefault for jar(mods/libIPN-neoforge-26.2-6.8.3.jar) > jar(mods/libIPN-neoforge-26.2-6.8.3.jar > kotlinx-serialization-json-jvm-1.11.0.jar)
[21Sep2026 02:49:11.098] [main/DEBUG] [mixin/]: MixinPlatformAgentDefault accepted container jar(mods/libIPN-neoforge-26.2-6.8.3.jar) > jar(mods/libIPN-neoforge-26.2-6.8.3.jar > kotlinx-serialization-json-jvm-1.11.0.jar)
[21Sep2026 02:49:11.098] [main/DEBUG] [mixin/]: Instancing new MixinPlatformAgentDefault for jar(mods/libIPN-neoforge-26.2-6.8.3.jar) > jar(mods/libIPN-neoforge-26.2-6.8.3.jar > kotlinx-serialization-json-jvm-1.11.0.jar)
[21Sep2026 02:49:11.098] [main/DEBUG] [mixin/]: MixinPlatformAgentDefault accepted container jar(mods/libIPN-neoforge-26.2-6.8.3.jar) > jar(mods/libIPN-neoforge-26.2-6.8.3.jar > kotlinx-serialization-json-jvm-1.11.0.jar)
[21Sep2026 02:49:11.098] [main/DEBUG] [mixin/]: Processing prepare() for PlatformAgent[MixinPlatformAgentDefault:jar(mods/libIPN-neoforge-26.2-6.8.3.jar) > jar(mods/libIPN-neoforge-26.2-6.8.3.jar > kotlinx-serialization-json-jvm-1.11.0.jar)]
[21Sep2026 02:49:11.098] [main/DEBUG] [mixin/]: Processing prepare() for PlatformAgent[MixinPlatformAgentDefault:jar(mods/libIPN-neoforge-26.2-6.8.3.jar) > jar(mods/libIPN-neoforge-26.2-6.8.3.jar > kotlinx-serialization-json-jvm-1.11.0.jar)]
[21Sep2026 02:49:11.098] [main/DEBUG] [mixin/]: Adding agents for Mixin Container jar(mods/journeymap-neoforge-26.2-6.0.8.jar) > jar(mods/journeymap-neoforge-26.2-6.0.8.jar > pngj-2.1.0.jar)
[21Sep2026 02:49:11.098] [main/DEBUG] [mixin/]: Adding mixin platform agents for container jar(mods/journeymap-neoforge-26.2-6.0.8.jar) > jar(mods/journeymap-neoforge-26.2-6.0.8.jar > pngj-2.1.0.jar)
[21Sep2026 02:49:11.098] [main/DEBUG] [mixin/]: Instancing new MixinPlatformAgentDefault for jar(mods/journeymap-neoforge-26.2-6.0.8.jar) > jar(mods/journeymap-neoforge-26.2-6.0.8.jar > pngj-2.1.0.jar)
[21Sep2026 02:49:11.099] [main/DEBUG] [mixin/]: MixinPlatformAgentDefault accepted container jar(mods/journeymap-neoforge-26.2-6.0.8.jar) > jar(mods/journeymap-neoforge-26.2-6.0.8.jar > pngj-2.1.0.jar)
[21Sep2026 02:49:11.099] [main/DEBUG] [mixin/]: Instancing new MixinPlatformAgentDefault for jar(mods/journeymap-neoforge-26.2-6.0.8.jar) > jar(mods/journeymap-neoforge-26.2-6.0.8.jar > pngj-2.1.0.jar)
[21Sep2026 02:49:11.099] [main/DEBUG] [mixin/]: MixinPlatformAgentDefault accepted container jar(mods/journeymap-neoforge-26.2-6.0.8.jar) > jar(mods/journeymap-neoforge-26.2-6.0.8.jar > pngj-2.1.0.jar)
[21Sep2026 02:49:11.099] [main/DEBUG] [mixin/]: Processing prepare() for PlatformAgent[MixinPlatformAgentDefault:jar(mods/journeymap-neoforge-26.2-6.0.8.jar) > jar(mods/journeymap-neoforge-26.2-6.0.8.jar > pngj-2.1.0.jar)]
[21Sep2026 02:49:11.099] [main/DEBUG] [mixin/]: Processing prepare() for PlatformAgent[MixinPlatformAgentDefault:jar(mods/journeymap-neoforge-26.2-6.0.8.jar) > jar(mods/journeymap-neoforge-26.2-6.0.8.jar > pngj-2.1.0.jar)]
[21Sep2026 02:49:11.100] [main/DEBUG] [mixin/]: Adding agents for Mixin Container jar(mods/libIPN-neoforge-26.2-6.8.3.jar) > jar(mods/libIPN-neoforge-26.2-6.8.3.jar > kotlin-stdlib-2.4.0.jar)
[21Sep2026 02:49:11.100] [main/DEBUG] [mixin/]: Adding mixin platform agents for container jar(mods/libIPN-neoforge-26.2-6.8.3.jar) > jar(mods/libIPN-neoforge-26.2-6.8.3.jar > kotlin-stdlib-2.4.0.jar)
[21Sep2026 02:49:11.100] [main/DEBUG] [mixin/]: Instancing new MixinPlatformAgentDefault for jar(mods/libIPN-neoforge-26.2-6.8.3.jar) > jar(mods/libIPN-neoforge-26.2-6.8.3.jar > kotlin-stdlib-2.4.0.jar)
[21Sep2026 02:49:11.104] [main/DEBUG] [mixin/]: MixinPlatformAgentDefault accepted container jar(mods/libIPN-neoforge-26.2-6.8.3.jar) > jar(mods/libIPN-neoforge-26.2-6.8.3.jar > kotlin-stdlib-2.4.0.jar)
[21Sep2026 02:49:11.104] [main/DEBUG] [mixin/]: Instancing new MixinPlatformAgentDefault for jar(mods/libIPN-neoforge-26.2-6.8.3.jar) > jar(mods/libIPN-neoforge-26.2-6.8.3.jar > kotlin-stdlib-2.4.0.jar)
[21Sep2026 02:49:11.106] [main/DEBUG] [mixin/]: MixinPlatformAgentDefault accepted container jar(mods/libIPN-neoforge-26.2-6.8.3.jar) > jar(mods/libIPN-neoforge-26.2-6.8.3.jar > kotlin-stdlib-2.4.0.jar)
[21Sep2026 02:49:11.106] [main/DEBUG] [mixin/]: Processing prepare() for PlatformAgent[MixinPlatformAgentDefault:jar(mods/libIPN-neoforge-26.2-6.8.3.jar) > jar(mods/libIPN-neoforge-26.2-6.8.3.jar > kotlin-stdlib-2.4.0.jar)]
[21Sep2026 02:49:11.107] [main/DEBUG] [mixin/]: Processing prepare() for PlatformAgent[MixinPlatformAgentDefault:jar(mods/libIPN-neoforge-26.2-6.8.3.jar) > jar(mods/libIPN-neoforge-26.2-6.8.3.jar > kotlin-stdlib-2.4.0.jar)]
[21Sep2026 02:49:11.107] [main/DEBUG] [mixin/]: Adding agents for Mixin Container jar(mods/libIPN-neoforge-26.2-6.8.3.jar) > jar(mods/libIPN-neoforge-26.2-6.8.3.jar > kotlinx-coroutines-core-jvm-1.11.0.jar)
[21Sep2026 02:49:11.107] [main/DEBUG] [mixin/]: Adding mixin platform agents for container jar(mods/libIPN-neoforge-26.2-6.8.3.jar) > jar(mods/libIPN-neoforge-26.2-6.8.3.jar > kotlinx-coroutines-core-jvm-1.11.0.jar)
[21Sep2026 02:49:11.107] [main/DEBUG] [mixin/]: Instancing new MixinPlatformAgentDefault for jar(mods/libIPN-neoforge-26.2-6.8.3.jar) > jar(mods/libIPN-neoforge-26.2-6.8.3.jar > kotlinx-coroutines-core-jvm-1.11.0.jar)
[21Sep2026 02:49:11.107] [main/DEBUG] [mixin/]: MixinPlatformAgentDefault accepted container jar(mods/libIPN-neoforge-26.2-6.8.3.jar) > jar(mods/libIPN-neoforge-26.2-6.8.3.jar > kotlinx-coroutines-core-jvm-1.11.0.jar)
[21Sep2026 02:49:11.107] [main/DEBUG] [mixin/]: Instancing new MixinPlatformAgentDefault for jar(mods/libIPN-neoforge-26.2-6.8.3.jar) > jar(mods/libIPN-neoforge-26.2-6.8.3.jar > kotlinx-coroutines-core-jvm-1.11.0.jar)
[21Sep2026 02:49:11.107] [main/DEBUG] [mixin/]: MixinPlatformAgentDefault accepted container jar(mods/libIPN-neoforge-26.2-6.8.3.jar) > jar(mods/libIPN-neoforge-26.2-6.8.3.jar > kotlinx-coroutines-core-jvm-1.11.0.jar)
[21Sep2026 02:49:11.107] [main/DEBUG] [mixin/]: Processing prepare() for PlatformAgent[MixinPlatformAgentDefault:jar(mods/libIPN-neoforge-26.2-6.8.3.jar) > jar(mods/libIPN-neoforge-26.2-6.8.3.jar > kotlinx-coroutines-core-jvm-1.11.0.jar)]
[21Sep2026 02:49:11.107] [main/DEBUG] [mixin/]: Processing prepare() for PlatformAgent[MixinPlatformAgentDefault:jar(mods/libIPN-neoforge-26.2-6.8.3.jar) > jar(mods/libIPN-neoforge-26.2-6.8.3.jar > kotlinx-coroutines-core-jvm-1.11.0.jar)]
[21Sep2026 02:49:11.107] [main/DEBUG] [mixin/]: Adding agents for Mixin Container jar(mods/libIPN-neoforge-26.2-6.8.3.jar) > jar(mods/libIPN-neoforge-26.2-6.8.3.jar > kotlin-reflect-2.4.0.jar)
[21Sep2026 02:49:11.107] [main/DEBUG] [mixin/]: Adding mixin platform agents for container jar(mods/libIPN-neoforge-26.2-6.8.3.jar) > jar(mods/libIPN-neoforge-26.2-6.8.3.jar > kotlin-reflect-2.4.0.jar)
[21Sep2026 02:49:11.109] [main/DEBUG] [mixin/]: Instancing new MixinPlatformAgentDefault for jar(mods/libIPN-neoforge-26.2-6.8.3.jar) > jar(mods/libIPN-neoforge-26.2-6.8.3.jar > kotlin-reflect-2.4.0.jar)
[21Sep2026 02:49:11.109] [main/DEBUG] [mixin/]: MixinPlatformAgentDefault accepted container jar(mods/libIPN-neoforge-26.2-6.8.3.jar) > jar(mods/libIPN-neoforge-26.2-6.8.3.jar > kotlin-reflect-2.4.0.jar)
[21Sep2026 02:49:11.109] [main/DEBUG] [mixin/]: Instancing new MixinPlatformAgentDefault for jar(mods/libIPN-neoforge-26.2-6.8.3.jar) > jar(mods/libIPN-neoforge-26.2-6.8.3.jar > kotlin-reflect-2.4.0.jar)
[21Sep2026 02:49:11.110] [main/DEBUG] [mixin/]: MixinPlatformAgentDefault accepted container jar(mods/libIPN-neoforge-26.2-6.8.3.jar) > jar(mods/libIPN-neoforge-26.2-6.8.3.jar > kotlin-reflect-2.4.0.jar)
[21Sep2026 02:49:11.110] [main/DEBUG] [mixin/]: Processing prepare() for PlatformAgent[MixinPlatformAgentDefault:jar(mods/libIPN-neoforge-26.2-6.8.3.jar) > jar(mods/libIPN-neoforge-26.2-6.8.3.jar > kotlin-reflect-2.4.0.jar)]
[21Sep2026 02:49:11.110] [main/DEBUG] [mixin/]: Processing prepare() for PlatformAgent[MixinPlatformAgentDefault:jar(mods/libIPN-neoforge-26.2-6.8.3.jar) > jar(mods/libIPN-neoforge-26.2-6.8.3.jar > kotlin-reflect-2.4.0.jar)]
[21Sep2026 02:49:11.110] [main/DEBUG] [mixin/]: Adding agents for Mixin Container jar(~libraries/net/neoforged/neoforge/26.2.0.75/neoforge-26.2.0.75-universal.jar) > jar(~libraries/net/neoforged/neoforge/26.2.0.75/neoforge-26.2.0.75-universal.jar > net.neoforged.neoforge-coremods-26.2.0.75.jar)
[21Sep2026 02:49:11.111] [main/DEBUG] [mixin/]: Adding mixin platform agents for container jar(~libraries/net/neoforged/neoforge/26.2.0.75/neoforge-26.2.0.75-universal.jar) > jar(~libraries/net/neoforged/neoforge/26.2.0.75/neoforge-26.2.0.75-universal.jar > net.neoforged.neoforge-coremods-26.2.0.75.jar)
[21Sep2026 02:49:11.113] [main/DEBUG] [mixin/]: Instancing new MixinPlatformAgentDefault for jar(~libraries/net/neoforged/neoforge/26.2.0.75/neoforge-26.2.0.75-universal.jar) > jar(~libraries/net/neoforged/neoforge/26.2.0.75/neoforge-26.2.0.75-universal.jar > net.neoforged.neoforge-coremods-26.2.0.75.jar)
[21Sep2026 02:49:11.113] [main/DEBUG] [mixin/]: MixinPlatformAgentDefault accepted container jar(~libraries/net/neoforged/neoforge/26.2.0.75/neoforge-26.2.0.75-universal.jar) > jar(~libraries/net/neoforged/neoforge/26.2.0.75/neoforge-26.2.0.75-universal.jar > net.neoforged.neoforge-coremods-26.2.0.75.jar)
[21Sep2026 02:49:11.113] [main/DEBUG] [mixin/]: Instancing new MixinPlatformAgentDefault for jar(~libraries/net/neoforged/neoforge/26.2.0.75/neoforge-26.2.0.75-universal.jar) > jar(~libraries/net/neoforged/neoforge/26.2.0.75/neoforge-26.2.0.75-universal.jar > net.neoforged.neoforge-coremods-26.2.0.75.jar)
[21Sep2026 02:49:11.113] [main/DEBUG] [mixin/]: MixinPlatformAgentDefault accepted container jar(~libraries/net/neoforged/neoforge/26.2.0.75/neoforge-26.2.0.75-universal.jar) > jar(~libraries/net/neoforged/neoforge/26.2.0.75/neoforge-26.2.0.75-universal.jar > net.neoforged.neoforge-coremods-26.2.0.75.jar)
[21Sep2026 02:49:11.113] [main/DEBUG] [mixin/]: Processing prepare() for PlatformAgent[MixinPlatformAgentDefault:jar(~libraries/net/neoforged/neoforge/26.2.0.75/neoforge-26.2.0.75-universal.jar) > jar(~libraries/net/neoforged/neoforge/26.2.0.75/neoforge-26.2.0.75-universal.jar > net.neoforged.neoforge-coremods-26.2.0.75.jar)]
[21Sep2026 02:49:11.113] [main/DEBUG] [mixin/]: Processing prepare() for PlatformAgent[MixinPlatformAgentDefault:jar(~libraries/net/neoforged/neoforge/26.2.0.75/neoforge-26.2.0.75-universal.jar) > jar(~libraries/net/neoforged/neoforge/26.2.0.75/neoforge-26.2.0.75-universal.jar > net.neoforged.neoforge-coremods-26.2.0.75.jar)]
[21Sep2026 02:49:11.114] [main/DEBUG] [mixin/]: Adding agents for Mixin Container jar(mods/libIPN-neoforge-26.2-6.8.3.jar) > jar(mods/libIPN-neoforge-26.2-6.8.3.jar > kotlin-stdlib-jdk8-2.4.0.jar)
[21Sep2026 02:49:11.114] [main/DEBUG] [mixin/]: Adding mixin platform agents for container jar(mods/libIPN-neoforge-26.2-6.8.3.jar) > jar(mods/libIPN-neoforge-26.2-6.8.3.jar > kotlin-stdlib-jdk8-2.4.0.jar)
[21Sep2026 02:49:11.114] [main/DEBUG] [mixin/]: Instancing new MixinPlatformAgentDefault for jar(mods/libIPN-neoforge-26.2-6.8.3.jar) > jar(mods/libIPN-neoforge-26.2-6.8.3.jar > kotlin-stdlib-jdk8-2.4.0.jar)
[21Sep2026 02:49:11.114] [main/DEBUG] [mixin/]: MixinPlatformAgentDefault accepted container jar(mods/libIPN-neoforge-26.2-6.8.3.jar) > jar(mods/libIPN-neoforge-26.2-6.8.3.jar > kotlin-stdlib-jdk8-2.4.0.jar)
[21Sep2026 02:49:11.114] [main/DEBUG] [mixin/]: Instancing new MixinPlatformAgentDefault for jar(mods/libIPN-neoforge-26.2-6.8.3.jar) > jar(mods/libIPN-neoforge-26.2-6.8.3.jar > kotlin-stdlib-jdk8-2.4.0.jar)
[21Sep2026 02:49:11.114] [main/DEBUG] [mixin/]: MixinPlatformAgentDefault accepted container jar(mods/libIPN-neoforge-26.2-6.8.3.jar) > jar(mods/libIPN-neoforge-26.2-6.8.3.jar > kotlin-stdlib-jdk8-2.4.0.jar)
[21Sep2026 02:49:11.115] [main/DEBUG] [mixin/]: Processing prepare() for PlatformAgent[MixinPlatformAgentDefault:jar(mods/libIPN-neoforge-26.2-6.8.3.jar) > jar(mods/libIPN-neoforge-26.2-6.8.3.jar > kotlin-stdlib-jdk8-2.4.0.jar)]
[21Sep2026 02:49:11.115] [main/DEBUG] [mixin/]: Processing prepare() for PlatformAgent[MixinPlatformAgentDefault:jar(mods/libIPN-neoforge-26.2-6.8.3.jar) > jar(mods/libIPN-neoforge-26.2-6.8.3.jar > kotlin-stdlib-jdk8-2.4.0.jar)]
[21Sep2026 02:49:11.115] [main/DEBUG] [mixin/]: Adding agents for Mixin Container jar(mods/libIPN-neoforge-26.2-6.8.3.jar) > jar(mods/libIPN-neoforge-26.2-6.8.3.jar > kotlin-stdlib-jdk7-2.4.0.jar)
[21Sep2026 02:49:11.116] [main/DEBUG] [mixin/]: Adding mixin platform agents for container jar(mods/libIPN-neoforge-26.2-6.8.3.jar) > jar(mods/libIPN-neoforge-26.2-6.8.3.jar > kotlin-stdlib-jdk7-2.4.0.jar)
[21Sep2026 02:49:11.116] [main/DEBUG] [mixin/]: Instancing new MixinPlatformAgentDefault for jar(mods/libIPN-neoforge-26.2-6.8.3.jar) > jar(mods/libIPN-neoforge-26.2-6.8.3.jar > kotlin-stdlib-jdk7-2.4.0.jar)
[21Sep2026 02:49:11.116] [main/DEBUG] [mixin/]: MixinPlatformAgentDefault accepted container jar(mods/libIPN-neoforge-26.2-6.8.3.jar) > jar(mods/libIPN-neoforge-26.2-6.8.3.jar > kotlin-stdlib-jdk7-2.4.0.jar)
[21Sep2026 02:49:11.119] [main/DEBUG] [mixin/]: Instancing new MixinPlatformAgentDefault for jar(mods/libIPN-neoforge-26.2-6.8.3.jar) > jar(mods/libIPN-neoforge-26.2-6.8.3.jar > kotlin-stdlib-jdk7-2.4.0.jar)
[21Sep2026 02:49:11.119] [main/DEBUG] [mixin/]: MixinPlatformAgentDefault accepted container jar(mods/libIPN-neoforge-26.2-6.8.3.jar) > jar(mods/libIPN-neoforge-26.2-6.8.3.jar > kotlin-stdlib-jdk7-2.4.0.jar)
[21Sep2026 02:49:11.119] [main/DEBUG] [mixin/]: Processing prepare() for PlatformAgent[MixinPlatformAgentDefault:jar(mods/libIPN-neoforge-26.2-6.8.3.jar) > jar(mods/libIPN-neoforge-26.2-6.8.3.jar > kotlin-stdlib-jdk7-2.4.0.jar)]
[21Sep2026 02:49:11.119] [main/DEBUG] [mixin/]: Processing prepare() for PlatformAgent[MixinPlatformAgentDefault:jar(mods/libIPN-neoforge-26.2-6.8.3.jar) > jar(mods/libIPN-neoforge-26.2-6.8.3.jar > kotlin-stdlib-jdk7-2.4.0.jar)]
[21Sep2026 02:49:11.119] [main/DEBUG] [mixin/]: Adding agents for Mixin Container jar(~libraries/net/neoforged/neoforge/26.2.0.75/neoforge-26.2.0.75-universal.jar) > jar(~libraries/net/neoforged/neoforge/26.2.0.75/neoforge-26.2.0.75-universal.jar > mixinextras-neoforge-0.5.4.jar)
[21Sep2026 02:49:11.119] [main/DEBUG] [mixin/]: Adding mixin platform agents for container jar(~libraries/net/neoforged/neoforge/26.2.0.75/neoforge-26.2.0.75-universal.jar) > jar(~libraries/net/neoforged/neoforge/26.2.0.75/neoforge-26.2.0.75-universal.jar > mixinextras-neoforge-0.5.4.jar)
[21Sep2026 02:49:11.119] [main/DEBUG] [mixin/]: Instancing new MixinPlatformAgentDefault for jar(~libraries/net/neoforged/neoforge/26.2.0.75/neoforge-26.2.0.75-universal.jar) > jar(~libraries/net/neoforged/neoforge/26.2.0.75/neoforge-26.2.0.75-universal.jar > mixinextras-neoforge-0.5.4.jar)
[21Sep2026 02:49:11.119] [main/DEBUG] [mixin/]: MixinPlatformAgentDefault accepted container jar(~libraries/net/neoforged/neoforge/26.2.0.75/neoforge-26.2.0.75-universal.jar) > jar(~libraries/net/neoforged/neoforge/26.2.0.75/neoforge-26.2.0.75-universal.jar > mixinextras-neoforge-0.5.4.jar)
[21Sep2026 02:49:11.120] [main/DEBUG] [mixin/]: Instancing new MixinPlatformAgentDefault for jar(~libraries/net/neoforged/neoforge/26.2.0.75/neoforge-26.2.0.75-universal.jar) > jar(~libraries/net/neoforged/neoforge/26.2.0.75/neoforge-26.2.0.75-universal.jar > mixinextras-neoforge-0.5.4.jar)
[21Sep2026 02:49:11.120] [main/DEBUG] [mixin/]: MixinPlatformAgentDefault accepted container jar(~libraries/net/neoforged/neoforge/26.2.0.75/neoforge-26.2.0.75-universal.jar) > jar(~libraries/net/neoforged/neoforge/26.2.0.75/neoforge-26.2.0.75-universal.jar > mixinextras-neoforge-0.5.4.jar)
[21Sep2026 02:49:11.120] [main/DEBUG] [mixin/]: Processing prepare() for PlatformAgent[MixinPlatformAgentDefault:jar(~libraries/net/neoforged/neoforge/26.2.0.75/neoforge-26.2.0.75-universal.jar) > jar(~libraries/net/neoforged/neoforge/26.2.0.75/neoforge-26.2.0.75-universal.jar > mixinextras-neoforge-0.5.4.jar)]
[21Sep2026 02:49:11.120] [main/DEBUG] [mixin/]: Registering mixin config: mixinextras.init.mixins.json source=jar(~libraries/net/neoforged/neoforge/26.2.0.75/neoforge-26.2.0.75-universal.jar) > jar(~libraries/net/neoforged/neoforge/26.2.0.75/neoforge-26.2.0.75-universal.jar > mixinextras-neoforge-0.5.4.jar)
[21Sep2026 02:49:11.128] [main/DEBUG] [mixin/]: Processing prepare() for PlatformAgent[MixinPlatformAgentDefault:jar(~libraries/net/neoforged/neoforge/26.2.0.75/neoforge-26.2.0.75-universal.jar) > jar(~libraries/net/neoforged/neoforge/26.2.0.75/neoforge-26.2.0.75-universal.jar > mixinextras-neoforge-0.5.4.jar)]
[21Sep2026 02:49:11.128] [main/DEBUG] [mixin/]: Registering mixin config: mixinextras.init.mixins.json source=jar(~libraries/net/neoforged/neoforge/26.2.0.75/neoforge-26.2.0.75-universal.jar) > jar(~libraries/net/neoforged/neoforge/26.2.0.75/neoforge-26.2.0.75-universal.jar > mixinextras-neoforge-0.5.4.jar)
[21Sep2026 02:49:11.128] [main/DEBUG] [mixin/]: inject() running with 12 agents
[21Sep2026 02:49:11.128] [main/DEBUG] [mixin/]: Processing inject() for PlatformAgent[MixinPlatformAgentDefault:ContainerHandleVirtual(fml:18c85)]
[21Sep2026 02:49:11.129] [main/DEBUG] [mixin/]: Processing inject() for PlatformAgent[MixinPlatformAgentDefault:ContainerHandleVirtual(fml:18c85)]
[21Sep2026 02:49:11.129] [main/DEBUG] [mixin/]: Processing inject() for PlatformAgent[MixinPlatformAgentDefault:jar(mods/libIPN-neoforge-26.2-6.8.3.jar) > jar(mods/libIPN-neoforge-26.2-6.8.3.jar > kotlinx-serialization-core-jvm-1.11.0.jar)]
[21Sep2026 02:49:11.129] [main/DEBUG] [mixin/]: Processing inject() for PlatformAgent[MixinPlatformAgentDefault:jar(mods/libIPN-neoforge-26.2-6.8.3.jar) > jar(mods/libIPN-neoforge-26.2-6.8.3.jar > kotlinx-serialization-core-jvm-1.11.0.jar)]
[21Sep2026 02:49:11.129] [main/DEBUG] [mixin/]: Processing inject() for PlatformAgent[MixinPlatformAgentDefault:jar(mods/libIPN-neoforge-26.2-6.8.3.jar) > jar(mods/libIPN-neoforge-26.2-6.8.3.jar > kotlinx-coroutines-jdk8-1.11.0.jar)]
[21Sep2026 02:49:11.129] [main/DEBUG] [mixin/]: Processing inject() for PlatformAgent[MixinPlatformAgentDefault:jar(mods/libIPN-neoforge-26.2-6.8.3.jar) > jar(mods/libIPN-neoforge-26.2-6.8.3.jar > kotlinx-coroutines-jdk8-1.11.0.jar)]
[21Sep2026 02:49:11.130] [main/DEBUG] [mixin/]: Processing inject() for PlatformAgent[MixinPlatformAgentDefault:jar(mods/libIPN-neoforge-26.2-6.8.3.jar) > jar(mods/libIPN-neoforge-26.2-6.8.3.jar > kotlinx-serialization-json-jvm-1.11.0.jar)]
[21Sep2026 02:49:11.131] [main/DEBUG] [mixin/]: Processing inject() for PlatformAgent[MixinPlatformAgentDefault:jar(mods/libIPN-neoforge-26.2-6.8.3.jar) > jar(mods/libIPN-neoforge-26.2-6.8.3.jar > kotlinx-serialization-json-jvm-1.11.0.jar)]
[21Sep2026 02:49:11.131] [main/DEBUG] [mixin/]: Processing inject() for PlatformAgent[MixinPlatformAgentDefault:jar(mods/journeymap-neoforge-26.2-6.0.8.jar) > jar(mods/journeymap-neoforge-26.2-6.0.8.jar > pngj-2.1.0.jar)]
[21Sep2026 02:49:11.131] [main/DEBUG] [mixin/]: Processing inject() for PlatformAgent[MixinPlatformAgentDefault:jar(mods/journeymap-neoforge-26.2-6.0.8.jar) > jar(mods/journeymap-neoforge-26.2-6.0.8.jar > pngj-2.1.0.jar)]
[21Sep2026 02:49:11.131] [main/DEBUG] [mixin/]: Processing inject() for PlatformAgent[MixinPlatformAgentDefault:jar(mods/libIPN-neoforge-26.2-6.8.3.jar) > jar(mods/libIPN-neoforge-26.2-6.8.3.jar > kotlin-stdlib-2.4.0.jar)]
[21Sep2026 02:49:11.131] [main/DEBUG] [mixin/]: Processing inject() for PlatformAgent[MixinPlatformAgentDefault:jar(mods/libIPN-neoforge-26.2-6.8.3.jar) > jar(mods/libIPN-neoforge-26.2-6.8.3.jar > kotlin-stdlib-2.4.0.jar)]
[21Sep2026 02:49:11.131] [main/DEBUG] [mixin/]: Processing inject() for PlatformAgent[MixinPlatformAgentDefault:jar(mods/libIPN-neoforge-26.2-6.8.3.jar) > jar(mods/libIPN-neoforge-26.2-6.8.3.jar > kotlinx-coroutines-core-jvm-1.11.0.jar)]
[21Sep2026 02:49:11.131] [main/DEBUG] [mixin/]: Processing inject() for PlatformAgent[MixinPlatformAgentDefault:jar(mods/libIPN-neoforge-26.2-6.8.3.jar) > jar(mods/libIPN-neoforge-26.2-6.8.3.jar > kotlinx-coroutines-core-jvm-1.11.0.jar)]
[21Sep2026 02:49:11.131] [main/DEBUG] [mixin/]: Processing inject() for PlatformAgent[MixinPlatformAgentDefault:jar(mods/libIPN-neoforge-26.2-6.8.3.jar) > jar(mods/libIPN-neoforge-26.2-6.8.3.jar > kotlin-reflect-2.4.0.jar)]
[21Sep2026 02:49:11.132] [main/DEBUG] [mixin/]: Processing inject() for PlatformAgent[MixinPlatformAgentDefault:jar(mods/libIPN-neoforge-26.2-6.8.3.jar) > jar(mods/libIPN-neoforge-26.2-6.8.3.jar > kotlin-reflect-2.4.0.jar)]
[21Sep2026 02:49:11.132] [main/DEBUG] [mixin/]: Processing inject() for PlatformAgent[MixinPlatformAgentDefault:jar(~libraries/net/neoforged/neoforge/26.2.0.75/neoforge-26.2.0.75-universal.jar) > jar(~libraries/net/neoforged/neoforge/26.2.0.75/neoforge-26.2.0.75-universal.jar > net.neoforged.neoforge-coremods-26.2.0.75.jar)]
[21Sep2026 02:49:11.132] [main/DEBUG] [mixin/]: Processing inject() for PlatformAgent[MixinPlatformAgentDefault:jar(~libraries/net/neoforged/neoforge/26.2.0.75/neoforge-26.2.0.75-universal.jar) > jar(~libraries/net/neoforged/neoforge/26.2.0.75/neoforge-26.2.0.75-universal.jar > net.neoforged.neoforge-coremods-26.2.0.75.jar)]
[21Sep2026 02:49:11.132] [main/DEBUG] [mixin/]: Processing inject() for PlatformAgent[MixinPlatformAgentDefault:jar(mods/libIPN-neoforge-26.2-6.8.3.jar) > jar(mods/libIPN-neoforge-26.2-6.8.3.jar > kotlin-stdlib-jdk8-2.4.0.jar)]
[21Sep2026 02:49:11.132] [main/DEBUG] [mixin/]: Processing inject() for PlatformAgent[MixinPlatformAgentDefault:jar(mods/libIPN-neoforge-26.2-6.8.3.jar) > jar(mods/libIPN-neoforge-26.2-6.8.3.jar > kotlin-stdlib-jdk8-2.4.0.jar)]
[21Sep2026 02:49:11.132] [main/DEBUG] [mixin/]: Processing inject() for PlatformAgent[MixinPlatformAgentDefault:jar(mods/libIPN-neoforge-26.2-6.8.3.jar) > jar(mods/libIPN-neoforge-26.2-6.8.3.jar > kotlin-stdlib-jdk7-2.4.0.jar)]
[21Sep2026 02:49:11.132] [main/DEBUG] [mixin/]: Processing inject() for PlatformAgent[MixinPlatformAgentDefault:jar(mods/libIPN-neoforge-26.2-6.8.3.jar) > jar(mods/libIPN-neoforge-26.2-6.8.3.jar > kotlin-stdlib-jdk7-2.4.0.jar)]
[21Sep2026 02:49:11.132] [main/DEBUG] [mixin/]: Processing inject() for PlatformAgent[MixinPlatformAgentDefault:jar(~libraries/net/neoforged/neoforge/26.2.0.75/neoforge-26.2.0.75-universal.jar) > jar(~libraries/net/neoforged/neoforge/26.2.0.75/neoforge-26.2.0.75-universal.jar > mixinextras-neoforge-0.5.4.jar)]
[21Sep2026 02:49:11.133] [main/DEBUG] [mixin/]: Processing inject() for PlatformAgent[MixinPlatformAgentDefault:jar(~libraries/net/neoforged/neoforge/26.2.0.75/neoforge-26.2.0.75-universal.jar) > jar(~libraries/net/neoforged/neoforge/26.2.0.75/neoforge-26.2.0.75-universal.jar > mixinextras-neoforge-0.5.4.jar)]
[21Sep2026 02:49:11.144] [main/DEBUG] [mixin/]: Preparing mixins for MixinEnvironment[DEFAULT]
[21Sep2026 02:49:11.145] [main/DEBUG] [mixin/]: Selecting config repurposed_structures-neoforge.mixins.json
[21Sep2026 02:49:11.150] [main/DEBUG] [mixin/]: Selecting config repurposed_structures-common.mixins.json
[21Sep2026 02:49:11.150] [main/DEBUG] [mixin/]: Selecting config kuma_api.mixins.json
[21Sep2026 02:49:11.154] [main/WARN] [mixin/]: Reference map 'kuma_api.refmap.json' for kuma_api.mixins.json could not be read. If this is a development environment you can ignore this message
[21Sep2026 02:49:11.154] [main/DEBUG] [mixin/]: Selecting config kuma_api.neoforge.mixins.json
[21Sep2026 02:49:11.155] [main/DEBUG] [mixin/]: Selecting config terrablender.mixins.json
[21Sep2026 02:49:11.155] [main/DEBUG] [mixin/]: Selecting config terrablender.neoforge.mixins.json
[21Sep2026 02:49:11.155] [main/WARN] [mixin/]: Reference map 'terrablender.refmap.json' for terrablender.neoforge.mixins.json could not be read. If this is a development environment you can ignore this message
[21Sep2026 02:49:11.155] [main/DEBUG] [mixin/]: Selecting config trashslot.mixins.json
[21Sep2026 02:49:11.156] [main/DEBUG] [mixin/]: Selecting config trashslot.neoforge.mixins.json
[21Sep2026 02:49:11.156] [main/DEBUG] [mixin/]: Selecting config justhammers.mixins.json
[21Sep2026 02:49:11.156] [main/DEBUG] [mixin/]: Selecting config creativecore.mixins.json
[21Sep2026 02:49:11.156] [main/WARN] [mixin/]: Reference map 'creativecore.mixins.refmap.json' for creativecore.mixins.json could not be read. If this is a development environment you can ignore this message
[21Sep2026 02:49:11.156] [main/DEBUG] [mixin/]: Selecting config creativecore.forge.mixins.json
[21Sep2026 02:49:11.156] [main/WARN] [mixin/]: Reference map 'creativecore.mixins.refmap.json' for creativecore.forge.mixins.json could not be read. If this is a development environment you can ignore this message
[21Sep2026 02:49:11.157] [main/DEBUG] [mixin/]: Selecting config shogi.mixins.json
[21Sep2026 02:49:11.157] [main/DEBUG] [mixin/]: Selecting config shogi.neoforge.mixins.json
[21Sep2026 02:49:11.157] [main/DEBUG] [mixin/]: Selecting config waystones.mixins.json
[21Sep2026 02:49:11.157] [main/DEBUG] [mixin/]: Selecting config waystones.neoforge.mixins.json
[21Sep2026 02:49:11.157] [main/DEBUG] [mixin/]: Selecting config collective_neoforge.mixins.json
[21Sep2026 02:49:11.158] [main/DEBUG] [mixin/]: Selecting config journeymap.mixins.json
[21Sep2026 02:49:11.159] [main/DEBUG] [mixin/]: Selecting config journeymap.neoforge.mixins.json
[21Sep2026 02:49:11.159] [main/DEBUG] [mixin/]: Selecting config neoforge.mixins.json
[21Sep2026 02:49:11.159] [main/DEBUG] [mixin/]: Selecting config travelersbackpack.mixins.json
[21Sep2026 02:49:11.159] [main/DEBUG] [mixin/]: Selecting config tombstone.mixins.json
[21Sep2026 02:49:11.159] [main/WARN] [mixin/]: Reference map 'mixins.tombstone.refmap.json' for tombstone.mixins.json could not be read. If this is a development environment you can ignore this message
[21Sep2026 02:49:11.159] [main/DEBUG] [mixin/]: Selecting config glitchcore.mixins.json
[21Sep2026 02:49:11.160] [main/WARN] [mixin/]: Reference map 'glitchcore.refmap.json' for glitchcore.mixins.json could not be read. If this is a development environment you can ignore this message
[21Sep2026 02:49:11.160] [main/DEBUG] [mixin/]: Selecting config glitchcore.neoforge.mixins.json
[21Sep2026 02:49:11.160] [main/WARN] [mixin/]: Reference map 'glitchcore.refmap.json' for glitchcore.neoforge.mixins.json could not be read. If this is a development environment you can ignore this message
[21Sep2026 02:49:11.160] [main/DEBUG] [mixin/]: Selecting config biomesoplenty.mixins.json
[21Sep2026 02:49:11.161] [main/WARN] [mixin/]: Reference map 'biomesoplenty.refmap.json' for biomesoplenty.mixins.json could not be read. If this is a development environment you can ignore this message
[21Sep2026 02:49:11.161] [main/DEBUG] [mixin/]: Selecting config biomesoplenty.neoforge.mixins.json
[21Sep2026 02:49:11.161] [main/WARN] [mixin/]: Reference map 'biomesoplenty.refmap.json' for biomesoplenty.neoforge.mixins.json could not be read. If this is a development environment you can ignore this message
[21Sep2026 02:49:11.161] [main/DEBUG] [mixin/]: Selecting config mixins.ipnext.json
[21Sep2026 02:49:11.164] [main/WARN] [mixin/]: Reference map 'ipnext.refmap.json' for mixins.ipnext.json could not be read. If this is a development environment you can ignore this message
[21Sep2026 02:49:11.164] [main/DEBUG] [mixin/]: Selecting config balm.mixins.json
[21Sep2026 02:49:11.164] [main/DEBUG] [mixin/]: Selecting config balm.api.mixins.json
[21Sep2026 02:49:11.164] [main/DEBUG] [mixin/]: Selecting config balm.neoforge.mixins.json
[21Sep2026 02:49:11.164] [main/DEBUG] [mixin/]: Selecting config playerrevive.mixins.json
[21Sep2026 02:49:11.165] [main/WARN] [mixin/]: Reference map 'playerrevive.mixin.refmap.json' for playerrevive.mixins.json could not be read. If this is a development environment you can ignore this message
[21Sep2026 02:49:11.166] [main/DEBUG] [mixin/]: Selecting config replantingcrops_neoforge.mixins.json
[21Sep2026 02:49:11.166] [main/DEBUG] [mixin/]: Selecting config mixinextras.init.mixins.json
[21Sep2026 02:49:11.232] [main/DEBUG] [MixinExtras|Service/]: com.llamalad7.mixinextras.service.MixinExtrasServiceImpl(version=0.5.4) is taking over from null
[21Sep2026 02:49:11.333] [main/DEBUG] [mixin/]: Registering new injector for @Inject with org.spongepowered.asm.mixin.injection.struct.CallbackInjectionInfo
[21Sep2026 02:49:11.334] [main/DEBUG] [mixin/]: Registering new injector for @ModifyArg with org.spongepowered.asm.mixin.injection.struct.ModifyArgInjectionInfo
[21Sep2026 02:49:11.337] [main/DEBUG] [mixin/]: Registering new injector for @ModifyArgs with org.spongepowered.asm.mixin.injection.struct.ModifyArgsInjectionInfo
[21Sep2026 02:49:11.340] [main/DEBUG] [mixin/]: Registering new injector for @Redirect with org.spongepowered.asm.mixin.injection.struct.RedirectInjectionInfo
[21Sep2026 02:49:11.342] [main/DEBUG] [mixin/]: Registering new injector for @ModifyVariable with org.spongepowered.asm.mixin.injection.struct.ModifyVariableInjectionInfo
[21Sep2026 02:49:11.347] [main/DEBUG] [mixin/]: Registering new injector for @ModifyConstant with org.spongepowered.asm.mixin.injection.struct.ModifyConstantInjectionInfo
[21Sep2026 02:49:11.389] [main/DEBUG] [mixin/]: Preparing repurposed_structures-neoforge.mixins.json (0)
[21Sep2026 02:49:11.390] [main/DEBUG] [mixin/]: Preparing repurposed_structures-common.mixins.json (24)
[21Sep2026 02:49:11.780] [main/DEBUG] [mixin/]: Preparing kuma_api.mixins.json (7)
[21Sep2026 02:49:11.780] [main/DEBUG] [mixin/]: Preparing kuma_api.neoforge.mixins.json (0)
[21Sep2026 02:49:11.780] [main/DEBUG] [mixin/]: Preparing terrablender.mixins.json (11)
[21Sep2026 02:49:11.819] [main/DEBUG] [mixin/]: Preparing terrablender.neoforge.mixins.json (0)
[21Sep2026 02:49:11.819] [main/DEBUG] [mixin/]: Preparing trashslot.mixins.json (0)
[21Sep2026 02:49:11.819] [main/DEBUG] [mixin/]: Preparing trashslot.neoforge.mixins.json (0)
[21Sep2026 02:49:11.819] [main/DEBUG] [mixin/]: Preparing justhammers.mixins.json (1)
[21Sep2026 02:49:11.821] [main/DEBUG] [mixin/]: Preparing creativecore.mixins.json (11)
[21Sep2026 02:49:11.834] [main/DEBUG] [mixin/]: Preparing creativecore.forge.mixins.json (3)
[21Sep2026 02:49:11.842] [main/DEBUG] [mixin/]: Preparing shogi.mixins.json (2)
[21Sep2026 02:49:11.863] [main/DEBUG] [mixin/]: Preparing shogi.neoforge.mixins.json (0)
[21Sep2026 02:49:11.863] [main/DEBUG] [mixin/]: Preparing waystones.mixins.json (6)
[21Sep2026 02:49:11.871] [main/DEBUG] [mixin/]: Preparing waystones.neoforge.mixins.json (0)
[21Sep2026 02:49:11.871] [main/DEBUG] [mixin/]: Preparing collective_neoforge.mixins.json (14)
[21Sep2026 02:49:11.900] [main/DEBUG] [mixin/]: Preparing journeymap.mixins.json (38)
[21Sep2026 02:49:11.904] [main/WARN] [mixin/]: Error loading class: net/minecraft/client/renderer/entity/SalmonRenderer (java.lang.ClassNotFoundException: net.minecraft.client.renderer.entity.SalmonRenderer)
[21Sep2026 02:49:11.904] [main/WARN] [mixin/]: @Mixin target net.minecraft.client.renderer.entity.SalmonRenderer was not found journeymap.mixins.json:client.SalmonRendererAccessor from mod journeymap
[21Sep2026 02:49:11.927] [main/DEBUG] [mixin/]: Preparing journeymap.neoforge.mixins.json (2)
[21Sep2026 02:49:11.928] [main/DEBUG] [mixin/]: Preparing neoforge.mixins.json (2)
[21Sep2026 02:49:11.932] [main/DEBUG] [mixin/]: Preparing travelersbackpack.mixins.json (4)
[21Sep2026 02:49:12.006] [main/DEBUG] [mixin/]: Preparing tombstone.mixins.json (28)
[21Sep2026 02:49:12.096] [main/DEBUG] [mixin/]: Preparing glitchcore.mixins.json (5)
[21Sep2026 02:49:12.098] [main/DEBUG] [mixin/]: Preparing glitchcore.neoforge.mixins.json (7)
[21Sep2026 02:49:12.103] [main/DEBUG] [mixin/]: Preparing biomesoplenty.mixins.json (0)
[21Sep2026 02:49:12.103] [main/DEBUG] [mixin/]: Preparing biomesoplenty.neoforge.mixins.json (2)
[21Sep2026 02:49:12.106] [main/DEBUG] [mixin/]: Preparing mixins.ipnext.json (17)
[21Sep2026 02:49:12.106] [main/DEBUG] [mixin/]: Preparing balm.mixins.json (12)
[21Sep2026 02:49:12.214] [main/DEBUG] [mixin/]: Preparing balm.api.mixins.json (8)
[21Sep2026 02:49:12.220] [main/DEBUG] [mixin/]: Preparing balm.neoforge.mixins.json (4)
[21Sep2026 02:49:12.221] [main/DEBUG] [mixin/]: Preparing playerrevive.mixins.json (5)
[21Sep2026 02:49:12.223] [main/DEBUG] [mixin/]: Preparing replantingcrops_neoforge.mixins.json (0)
[21Sep2026 02:49:12.223] [main/DEBUG] [mixin/]: Preparing mixinextras.init.mixins.json (0)
[21Sep2026 02:49:12.256] [main/DEBUG] [mixin/]: Inner class glitchcore/neoforge/mixin/impl/MixinPacketHandler$1 in glitchcore/neoforge/mixin/impl/MixinPacketHandler on glitchcore/network/PacketHandler gets unique name glitchcore/network/PacketHandler$Anonymous$bea9914f861f3bb88249739ffeb67def
[21Sep2026 02:49:12.261] [main/DEBUG] [mixin/]: Prepared 112 mixins in 1.115 sec (10.0ms avg) (0ms load, 0ms transform, 0ms plugin)
[21Sep2026 02:49:12.294] [main/DEBUG] [io.netty.util.internal.logging.InternalLoggerFactory/]: Using SLF4J as the default logging framework
[21Sep2026 02:49:12.295] [main/DEBUG] [io.netty.util.ResourceLeakDetector/]: -Dio.netty.leakDetection.level: simple
[21Sep2026 02:49:12.296] [main/DEBUG] [io.netty.util.ResourceLeakDetector/]: -Dio.netty.leakDetection.targetRecords: 4
[21Sep2026 02:49:12.527] [main/INFO] [MixinExtras|Service/]: Initializing MixinExtras via com.llamalad7.mixinextras.service.MixinExtrasServiceImpl(version=0.5.4).
[21Sep2026 02:49:12.532] [main/DEBUG] [mixin/]: Registering new injector for @SugarWrapper with com.llamalad7.mixinextras.sugar.impl.SugarWrapperInjectionInfo
[21Sep2026 02:49:12.533] [main/DEBUG] [mixin/]: Registering new injector for @FactoryRedirectWrapper with com.llamalad7.mixinextras.wrapper.factory.FactoryRedirectWrapperInjectionInfo
[21Sep2026 02:49:12.533] [main/DEBUG] [mixin/]: Registering new injector for @ExpressionInjectorWrapper with com.llamalad7.mixinextras.expression.impl.wrapper.ExpressionInjectorWrapperInjectionInfo
[21Sep2026 02:49:12.555] [main/DEBUG] [mixin/]: Mixing ComponentSerializationMixin from creativecore.mixins.json into net.minecraft.network.chat.ComponentSerialization
[21Sep2026 02:49:12.557] [main/DEBUG] [mixin/]: creativecore.mixins.json:ComponentSerializationMixin from mod creativecore: Class version 69 required is higher than the class version supported by the current version of Mixin (JAVA_21 supports class version 65)
[21Sep2026 02:49:12.588] [main/DEBUG] [mixin/]: creativecore.mixins.json:ComponentSerializationMixin from mod creativecore->@Inject::register(Lnet/minecraft/util/ExtraCodecs$LateBoundIdMapper;Lorg/spongepowered/asm/mixin/injection/callback/CallbackInfo;)V doesn't use it's CallbackInfo
[21Sep2026 02:49:12.776] [main/DEBUG] [oshi.util.FileUtil/]: Reading file /proc/self/auxv
[21Sep2026 02:49:12.776] [main/DEBUG] [oshi.util.FileUtil/]: Reading file /proc/self/auxv
[21Sep2026 02:49:12.781] [main/DEBUG] [oshi.util.FileUtil/]: Reading file /proc/stat
[21Sep2026 02:49:12.787] [main/DEBUG] [oshi.util.FileUtil/]: Reading file /sys/devices/system/cpu/cpu0/topology/core_id
[21Sep2026 02:49:12.787] [main/DEBUG] [oshi.util.FileUtil/]: Reading file /sys/devices/system/cpu/cpu0/topology/core_id
[21Sep2026 02:49:12.787] [main/DEBUG] [oshi.util.FileUtil/]: Reading file /sys/devices/system/cpu/cpu0/topology/physical_package_id
[21Sep2026 02:49:12.787] [main/DEBUG] [oshi.util.FileUtil/]: Reading file /sys/devices/system/cpu/cpu0/topology/physical_package_id
[21Sep2026 02:49:12.787] [main/DEBUG] [oshi.util.FileUtil/]: Reading file /sys/devices/system/cpu/cpu0/cpu_capacity
[21Sep2026 02:49:12.789] [main/DEBUG] [oshi.util.FileUtil/]: Reading file /sys/devices/system/cpu/cpu0/cache/index2/level
[21Sep2026 02:49:12.789] [main/DEBUG] [oshi.util.FileUtil/]: Reading file /sys/devices/system/cpu/cpu0/cache/index2/level
[21Sep2026 02:49:12.789] [main/DEBUG] [oshi.util.FileUtil/]: Reading file /sys/devices/system/cpu/cpu0/cache/index2/type
[21Sep2026 02:49:12.790] [main/DEBUG] [oshi.util.FileUtil/]: Reading file /sys/devices/system/cpu/cpu0/cache/index2/type
[21Sep2026 02:49:12.790] [main/DEBUG] [oshi.util.FileUtil/]: Reading file /sys/devices/system/cpu/cpu0/cache/index2/ways_of_associativity
[21Sep2026 02:49:12.790] [main/DEBUG] [oshi.util.FileUtil/]: Reading file /sys/devices/system/cpu/cpu0/cache/index2/ways_of_associativity
[21Sep2026 02:49:12.790] [main/DEBUG] [oshi.util.FileUtil/]: Reading file /sys/devices/system/cpu/cpu0/cache/index2/coherency_line_size
[21Sep2026 02:49:12.790] [main/DEBUG] [oshi.util.FileUtil/]: Reading file /sys/devices/system/cpu/cpu0/cache/index2/coherency_line_size
[21Sep2026 02:49:12.791] [main/DEBUG] [oshi.util.FileUtil/]: Reading file /sys/devices/system/cpu/cpu0/cache/index2/size
[21Sep2026 02:49:12.791] [main/DEBUG] [oshi.util.FileUtil/]: Reading file /sys/devices/system/cpu/cpu0/cache/index2/size
[21Sep2026 02:49:12.791] [main/DEBUG] [oshi.util.FileUtil/]: Reading file /sys/devices/system/cpu/cpu0/cache/index0/level
[21Sep2026 02:49:12.791] [main/DEBUG] [oshi.util.FileUtil/]: Reading file /sys/devices/system/cpu/cpu0/cache/index0/level
[21Sep2026 02:49:12.791] [main/DEBUG] [oshi.util.FileUtil/]: Reading file /sys/devices/system/cpu/cpu0/cache/index0/type
[21Sep2026 02:49:12.792] [main/DEBUG] [oshi.util.FileUtil/]: Reading file /sys/devices/system/cpu/cpu0/cache/index0/type
[21Sep2026 02:49:12.792] [main/DEBUG] [oshi.util.FileUtil/]: Reading file /sys/devices/system/cpu/cpu0/cache/index0/ways_of_associativity
[21Sep2026 02:49:12.792] [main/DEBUG] [oshi.util.FileUtil/]: Reading file /sys/devices/system/cpu/cpu0/cache/index0/ways_of_associativity
[21Sep2026 02:49:12.792] [main/DEBUG] [oshi.util.FileUtil/]: Reading file /sys/devices/system/cpu/cpu0/cache/index0/coherency_line_size
[21Sep2026 02:49:12.792] [main/DEBUG] [oshi.util.FileUtil/]: Reading file /sys/devices/system/cpu/cpu0/cache/index0/coherency_line_size
[21Sep2026 02:49:12.792] [main/DEBUG] [oshi.util.FileUtil/]: Reading file /sys/devices/system/cpu/cpu0/cache/index0/size
[21Sep2026 02:49:12.792] [main/DEBUG] [oshi.util.FileUtil/]: Reading file /sys/devices/system/cpu/cpu0/cache/index0/size
[21Sep2026 02:49:12.792] [main/DEBUG] [oshi.util.FileUtil/]: Reading file /sys/devices/system/cpu/cpu0/cache/index3/level
[21Sep2026 02:49:12.792] [main/DEBUG] [oshi.util.FileUtil/]: Reading file /sys/devices/system/cpu/cpu0/cache/index3/level
[21Sep2026 02:49:12.793] [main/DEBUG] [oshi.util.FileUtil/]: Reading file /sys/devices/system/cpu/cpu0/cache/index3/type
[21Sep2026 02:49:12.793] [main/DEBUG] [oshi.util.FileUtil/]: Reading file /sys/devices/system/cpu/cpu0/cache/index3/type
[21Sep2026 02:49:12.793] [main/DEBUG] [oshi.util.FileUtil/]: Reading file /sys/devices/system/cpu/cpu0/cache/index3/ways_of_associativity
[21Sep2026 02:49:12.793] [main/DEBUG] [oshi.util.FileUtil/]: Reading file /sys/devices/system/cpu/cpu0/cache/index3/ways_of_associativity
[21Sep2026 02:49:12.793] [main/DEBUG] [oshi.util.FileUtil/]: Reading file /sys/devices/system/cpu/cpu0/cache/index3/coherency_line_size
[21Sep2026 02:49:12.793] [main/DEBUG] [oshi.util.FileUtil/]: Reading file /sys/devices/system/cpu/cpu0/cache/index3/coherency_line_size
[21Sep2026 02:49:12.793] [main/DEBUG] [oshi.util.FileUtil/]: Reading file /sys/devices/system/cpu/cpu0/cache/index3/size
[21Sep2026 02:49:12.793] [main/DEBUG] [oshi.util.FileUtil/]: Reading file /sys/devices/system/cpu/cpu0/cache/index3/size
[21Sep2026 02:49:12.794] [main/DEBUG] [oshi.util.FileUtil/]: Reading file /sys/devices/system/cpu/cpu0/cache/index1/level
[21Sep2026 02:49:12.794] [main/DEBUG] [oshi.util.FileUtil/]: Reading file /sys/devices/system/cpu/cpu0/cache/index1/level
[21Sep2026 02:49:12.794] [main/DEBUG] [oshi.util.FileUtil/]: Reading file /sys/devices/system/cpu/cpu0/cache/index1/type
[21Sep2026 02:49:12.794] [main/DEBUG] [oshi.util.FileUtil/]: Reading file /sys/devices/system/cpu/cpu0/cache/index1/type
[21Sep2026 02:49:12.794] [main/DEBUG] [oshi.util.FileUtil/]: Reading file /sys/devices/system/cpu/cpu0/cache/index1/ways_of_associativity
[21Sep2026 02:49:12.794] [main/DEBUG] [oshi.util.FileUtil/]: Reading file /sys/devices/system/cpu/cpu0/cache/index1/ways_of_associativity
[21Sep2026 02:49:12.794] [main/DEBUG] [oshi.util.FileUtil/]: Reading file /sys/devices/system/cpu/cpu0/cache/index1/coherency_line_size
[21Sep2026 02:49:12.794] [main/DEBUG] [oshi.util.FileUtil/]: Reading file /sys/devices/system/cpu/cpu0/cache/index1/coherency_line_size
[21Sep2026 02:49:12.795] [main/DEBUG] [oshi.util.FileUtil/]: Reading file /sys/devices/system/cpu/cpu0/cache/index1/size
[21Sep2026 02:49:12.795] [main/DEBUG] [oshi.util.FileUtil/]: Reading file /sys/devices/system/cpu/cpu0/cache/index1/size
[21Sep2026 02:49:12.795] [main/DEBUG] [oshi.util.FileUtil/]: Reading file /sys/devices/system/cpu/cpu1/topology/core_id
[21Sep2026 02:49:12.796] [main/DEBUG] [oshi.util.FileUtil/]: Reading file /sys/devices/system/cpu/cpu1/topology/core_id
[21Sep2026 02:49:12.796] [main/DEBUG] [oshi.util.FileUtil/]: Reading file /sys/devices/system/cpu/cpu1/topology/physical_package_id
[21Sep2026 02:49:12.796] [main/DEBUG] [oshi.util.FileUtil/]: Reading file /sys/devices/system/cpu/cpu1/topology/physical_package_id
[21Sep2026 02:49:12.796] [main/DEBUG] [oshi.util.FileUtil/]: Reading file /sys/devices/system/cpu/cpu1/cpu_capacity
[21Sep2026 02:49:12.796] [main/DEBUG] [oshi.util.FileUtil/]: Reading file /sys/devices/system/cpu/cpu1/cache/index2/level
[21Sep2026 02:49:12.796] [main/DEBUG] [oshi.util.FileUtil/]: Reading file /sys/devices/system/cpu/cpu1/cache/index2/level
[21Sep2026 02:49:12.796] [main/DEBUG] [oshi.util.FileUtil/]: Reading file /sys/devices/system/cpu/cpu1/cache/index2/type
[21Sep2026 02:49:12.797] [main/DEBUG] [oshi.util.FileUtil/]: Reading file /sys/devices/system/cpu/cpu1/cache/index2/type
[21Sep2026 02:49:12.797] [main/DEBUG] [oshi.util.FileUtil/]: Reading file /sys/devices/system/cpu/cpu1/cache/index2/ways_of_associativity
[21Sep2026 02:49:12.797] [main/DEBUG] [oshi.util.FileUtil/]: Reading file /sys/devices/system/cpu/cpu1/cache/index2/ways_of_associativity
[21Sep2026 02:49:12.797] [main/DEBUG] [oshi.util.FileUtil/]: Reading file /sys/devices/system/cpu/cpu1/cache/index2/coherency_line_size
[21Sep2026 02:49:12.797] [main/DEBUG] [oshi.util.FileUtil/]: Reading file /sys/devices/system/cpu/cpu1/cache/index2/coherency_line_size
[21Sep2026 02:49:12.797] [main/DEBUG] [oshi.util.FileUtil/]: Reading file /sys/devices/system/cpu/cpu1/cache/index2/size
[21Sep2026 02:49:12.797] [main/DEBUG] [oshi.util.FileUtil/]: Reading file /sys/devices/system/cpu/cpu1/cache/index2/size
[21Sep2026 02:49:12.797] [main/DEBUG] [oshi.util.FileUtil/]: Reading file /sys/devices/system/cpu/cpu1/cache/index0/level
[21Sep2026 02:49:12.798] [main/DEBUG] [oshi.util.FileUtil/]: Reading file /sys/devices/system/cpu/cpu1/cache/index0/level
[21Sep2026 02:49:12.798] [main/DEBUG] [oshi.util.FileUtil/]: Reading file /sys/devices/system/cpu/cpu1/cache/index0/type
[21Sep2026 02:49:12.798] [main/DEBUG] [oshi.util.FileUtil/]: Reading file /sys/devices/system/cpu/cpu1/cache/index0/type
[21Sep2026 02:49:12.798] [main/DEBUG] [oshi.util.FileUtil/]: Reading file /sys/devices/system/cpu/cpu1/cache/index0/ways_of_associativity
[21Sep2026 02:49:12.798] [main/DEBUG] [oshi.util.FileUtil/]: Reading file /sys/devices/system/cpu/cpu1/cache/index0/ways_of_associativity
[21Sep2026 02:49:12.798] [main/DEBUG] [oshi.util.FileUtil/]: Reading file /sys/devices/system/cpu/cpu1/cache/index0/coherency_line_size
[21Sep2026 02:49:12.798] [main/DEBUG] [oshi.util.FileUtil/]: Reading file /sys/devices/system/cpu/cpu1/cache/index0/coherency_line_size
[21Sep2026 02:49:12.798] [main/DEBUG] [oshi.util.FileUtil/]: Reading file /sys/devices/system/cpu/cpu1/cache/index0/size
[21Sep2026 02:49:12.798] [main/DEBUG] [oshi.util.FileUtil/]: Reading file /sys/devices/system/cpu/cpu1/cache/index0/size
[21Sep2026 02:49:12.799] [main/DEBUG] [oshi.util.FileUtil/]: Reading file /sys/devices/system/cpu/cpu1/cache/index3/level
[21Sep2026 02:49:12.799] [main/DEBUG] [oshi.util.FileUtil/]: Reading file /sys/devices/system/cpu/cpu1/cache/index3/level
[21Sep2026 02:49:12.799] [main/DEBUG] [oshi.util.FileUtil/]: Reading file /sys/devices/system/cpu/cpu1/cache/index3/type
[21Sep2026 02:49:12.799] [main/DEBUG] [oshi.util.FileUtil/]: Reading file /sys/devices/system/cpu/cpu1/cache/index3/type
[21Sep2026 02:49:12.799] [main/DEBUG] [oshi.util.FileUtil/]: Reading file /sys/devices/system/cpu/cpu1/cache/index3/ways_of_associativity
[21Sep2026 02:49:12.799] [main/DEBUG] [oshi.util.FileUtil/]: Reading file /sys/devices/system/cpu/cpu1/cache/index3/ways_of_associativity
[21Sep2026 02:49:12.799] [main/DEBUG] [oshi.util.FileUtil/]: Reading file /sys/devices/system/cpu/cpu1/cache/index3/coherency_line_size
[21Sep2026 02:49:12.799] [main/DEBUG] [oshi.util.FileUtil/]: Reading file /sys/devices/system/cpu/cpu1/cache/index3/coherency_line_size
[21Sep2026 02:49:12.800] [main/DEBUG] [oshi.util.FileUtil/]: Reading file /sys/devices/system/cpu/cpu1/cache/index3/size
[21Sep2026 02:49:12.800] [main/DEBUG] [oshi.util.FileUtil/]: Reading file /sys/devices/system/cpu/cpu1/cache/index3/size
[21Sep2026 02:49:12.800] [main/DEBUG] [oshi.util.FileUtil/]: Reading file /sys/devices/system/cpu/cpu1/cache/index1/level
[21Sep2026 02:49:12.800] [main/DEBUG] [oshi.util.FileUtil/]: Reading file /sys/devices/system/cpu/cpu1/cache/index1/level
[21Sep2026 02:49:12.800] [main/DEBUG] [oshi.util.FileUtil/]: Reading file /sys/devices/system/cpu/cpu1/cache/index1/type
[21Sep2026 02:49:12.800] [main/DEBUG] [oshi.util.FileUtil/]: Reading file /sys/devices/system/cpu/cpu1/cache/index1/type
[21Sep2026 02:49:12.800] [main/DEBUG] [oshi.util.FileUtil/]: Reading file /sys/devices/system/cpu/cpu1/cache/index1/ways_of_associativity
[21Sep2026 02:49:12.800] [main/DEBUG] [oshi.util.FileUtil/]: Reading file /sys/devices/system/cpu/cpu1/cache/index1/ways_of_associativity
[21Sep2026 02:49:12.801] [main/DEBUG] [oshi.util.FileUtil/]: Reading file /sys/devices/system/cpu/cpu1/cache/index1/coherency_line_size
[21Sep2026 02:49:12.801] [main/DEBUG] [oshi.util.FileUtil/]: Reading file /sys/devices/system/cpu/cpu1/cache/index1/coherency_line_size
[21Sep2026 02:49:12.801] [main/DEBUG] [oshi.util.FileUtil/]: Reading file /sys/devices/system/cpu/cpu1/cache/index1/size
[21Sep2026 02:49:12.801] [main/DEBUG] [oshi.util.FileUtil/]: Reading file /sys/devices/system/cpu/cpu1/cache/index1/size
[21Sep2026 02:49:12.801] [main/DEBUG] [oshi.util.FileUtil/]: Reading file /sys/devices/system/cpu/cpu2/topology/core_id
[21Sep2026 02:49:12.802] [main/DEBUG] [oshi.util.FileUtil/]: Reading file /sys/devices/system/cpu/cpu2/topology/core_id
[21Sep2026 02:49:12.802] [main/DEBUG] [oshi.util.FileUtil/]: Reading file /sys/devices/system/cpu/cpu2/topology/physical_package_id
[21Sep2026 02:49:12.802] [main/DEBUG] [oshi.util.FileUtil/]: Reading file /sys/devices/system/cpu/cpu2/topology/physical_package_id
[21Sep2026 02:49:12.802] [main/DEBUG] [oshi.util.FileUtil/]: Reading file /sys/devices/system/cpu/cpu2/cpu_capacity
[21Sep2026 02:49:12.802] [main/DEBUG] [oshi.util.FileUtil/]: Reading file /sys/devices/system/cpu/cpu2/cache/index2/level
[21Sep2026 02:49:12.802] [main/DEBUG] [oshi.util.FileUtil/]: Reading file /sys/devices/system/cpu/cpu2/cache/index2/level
[21Sep2026 02:49:12.802] [main/DEBUG] [oshi.util.FileUtil/]: Reading file /sys/devices/system/cpu/cpu2/cache/index2/type
[21Sep2026 02:49:12.803] [main/DEBUG] [oshi.util.FileUtil/]: Reading file /sys/devices/system/cpu/cpu2/cache/index2/type
[21Sep2026 02:49:12.803] [main/DEBUG] [oshi.util.FileUtil/]: Reading file /sys/devices/system/cpu/cpu2/cache/index2/ways_of_associativity
[21Sep2026 02:49:12.803] [main/DEBUG] [oshi.util.FileUtil/]: Reading file /sys/devices/system/cpu/cpu2/cache/index2/ways_of_associativity
[21Sep2026 02:49:12.803] [main/DEBUG] [oshi.util.FileUtil/]: Reading file /sys/devices/system/cpu/cpu2/cache/index2/coherency_line_size
[21Sep2026 02:49:12.803] [main/DEBUG] [oshi.util.FileUtil/]: Reading file /sys/devices/system/cpu/cpu2/cache/index2/coherency_line_size
[21Sep2026 02:49:12.803] [main/DEBUG] [oshi.util.FileUtil/]: Reading file /sys/devices/system/cpu/cpu2/cache/index2/size
[21Sep2026 02:49:12.804] [main/DEBUG] [oshi.util.FileUtil/]: Reading file /sys/devices/system/cpu/cpu2/cache/index2/size
[21Sep2026 02:49:12.804] [main/DEBUG] [oshi.util.FileUtil/]: Reading file /sys/devices/system/cpu/cpu2/cache/index0/level
[21Sep2026 02:49:12.804] [main/DEBUG] [oshi.util.FileUtil/]: Reading file /sys/devices/system/cpu/cpu2/cache/index0/level
[21Sep2026 02:49:12.804] [main/DEBUG] [oshi.util.FileUtil/]: Reading file /sys/devices/system/cpu/cpu2/cache/index0/type
[21Sep2026 02:49:12.804] [main/DEBUG] [oshi.util.FileUtil/]: Reading file /sys/devices/system/cpu/cpu2/cache/index0/type
[21Sep2026 02:49:12.804] [main/DEBUG] [oshi.util.FileUtil/]: Reading file /sys/devices/system/cpu/cpu2/cache/index0/ways_of_associativity
[21Sep2026 02:49:12.804] [main/DEBUG] [oshi.util.FileUtil/]: Reading file /sys/devices/system/cpu/cpu2/cache/index0/ways_of_associativity
[21Sep2026 02:49:12.805] [main/DEBUG] [oshi.util.FileUtil/]: Reading file /sys/devices/system/cpu/cpu2/cache/index0/coherency_line_size
[21Sep2026 02:49:12.805] [main/DEBUG] [oshi.util.FileUtil/]: Reading file /sys/devices/system/cpu/cpu2/cache/index0/coherency_line_size
[21Sep2026 02:49:12.805] [main/DEBUG] [oshi.util.FileUtil/]: Reading file /sys/devices/system/cpu/cpu2/cache/index0/size
[21Sep2026 02:49:12.805] [main/DEBUG] [oshi.util.FileUtil/]: Reading file /sys/devices/system/cpu/cpu2/cache/index0/size
[21Sep2026 02:49:12.805] [main/DEBUG] [oshi.util.FileUtil/]: Reading file /sys/devices/system/cpu/cpu2/cache/index3/level
[21Sep2026 02:49:12.805] [main/DEBUG] [oshi.util.FileUtil/]: Reading file /sys/devices/system/cpu/cpu2/cache/index3/level
[21Sep2026 02:49:12.805] [main/DEBUG] [oshi.util.FileUtil/]: Reading file /sys/devices/system/cpu/cpu2/cache/index3/type
[21Sep2026 02:49:12.805] [main/DEBUG] [oshi.util.FileUtil/]: Reading file /sys/devices/system/cpu/cpu2/cache/index3/type
[21Sep2026 02:49:12.805] [main/DEBUG] [oshi.util.FileUtil/]: Reading file /sys/devices/system/cpu/cpu2/cache/index3/ways_of_associativity
[21Sep2026 02:49:12.806] [main/DEBUG] [oshi.util.FileUtil/]: Reading file /sys/devices/system/cpu/cpu2/cache/index3/ways_of_associativity
[21Sep2026 02:49:12.806] [main/DEBUG] [oshi.util.FileUtil/]: Reading file /sys/devices/system/cpu/cpu2/cache/index3/coherency_line_size
[21Sep2026 02:49:12.806] [main/DEBUG] [oshi.util.FileUtil/]: Reading file /sys/devices/system/cpu/cpu2/cache/index3/coherency_line_size
[21Sep2026 02:49:12.806] [main/DEBUG] [oshi.util.FileUtil/]: Reading file /sys/devices/system/cpu/cpu2/cache/index3/size
[21Sep2026 02:49:12.806] [main/DEBUG] [oshi.util.FileUtil/]: Reading file /sys/devices/system/cpu/cpu2/cache/index3/size
[21Sep2026 02:49:12.806] [main/DEBUG] [oshi.util.FileUtil/]: Reading file /sys/devices/system/cpu/cpu2/cache/index1/level
[21Sep2026 02:49:12.806] [main/DEBUG] [oshi.util.FileUtil/]: Reading file /sys/devices/system/cpu/cpu2/cache/index1/level
[21Sep2026 02:49:12.806] [main/DEBUG] [oshi.util.FileUtil/]: Reading file /sys/devices/system/cpu/cpu2/cache/index1/type
[21Sep2026 02:49:12.806] [main/DEBUG] [oshi.util.FileUtil/]: Reading file /sys/devices/system/cpu/cpu2/cache/index1/type
[21Sep2026 02:49:12.807] [main/DEBUG] [oshi.util.FileUtil/]: Reading file /sys/devices/system/cpu/cpu2/cache/index1/ways_of_associativity
[21Sep2026 02:49:12.807] [main/DEBUG] [oshi.util.FileUtil/]: Reading file /sys/devices/system/cpu/cpu2/cache/index1/ways_of_associativity
[21Sep2026 02:49:12.807] [main/DEBUG] [oshi.util.FileUtil/]: Reading file /sys/devices/system/cpu/cpu2/cache/index1/coherency_line_size
[21Sep2026 02:49:12.807] [main/DEBUG] [oshi.util.FileUtil/]: Reading file /sys/devices/system/cpu/cpu2/cache/index1/coherency_line_size
[21Sep2026 02:49:12.807] [main/DEBUG] [oshi.util.FileUtil/]: Reading file /sys/devices/system/cpu/cpu2/cache/index1/size
[21Sep2026 02:49:12.807] [main/DEBUG] [oshi.util.FileUtil/]: Reading file /sys/devices/system/cpu/cpu2/cache/index1/size
[21Sep2026 02:49:12.808] [main/DEBUG] [oshi.util.FileUtil/]: Reading file /sys/devices/system/cpu/cpu3/topology/core_id
[21Sep2026 02:49:12.808] [main/DEBUG] [oshi.util.FileUtil/]: Reading file /sys/devices/system/cpu/cpu3/topology/core_id
[21Sep2026 02:49:12.808] [main/DEBUG] [oshi.util.FileUtil/]: Reading file /sys/devices/system/cpu/cpu3/topology/physical_package_id
[21Sep2026 02:49:12.808] [main/DEBUG] [oshi.util.FileUtil/]: Reading file /sys/devices/system/cpu/cpu3/topology/physical_package_id
[21Sep2026 02:49:12.808] [main/DEBUG] [oshi.util.FileUtil/]: Reading file /sys/devices/system/cpu/cpu3/cpu_capacity
[21Sep2026 02:49:12.808] [main/DEBUG] [oshi.util.FileUtil/]: Reading file /sys/devices/system/cpu/cpu3/cache/index2/level
[21Sep2026 02:49:12.808] [main/DEBUG] [oshi.util.FileUtil/]: Reading file /sys/devices/system/cpu/cpu3/cache/index2/level
[21Sep2026 02:49:12.809] [main/DEBUG] [oshi.util.FileUtil/]: Reading file /sys/devices/system/cpu/cpu3/cache/index2/type
[21Sep2026 02:49:12.809] [main/DEBUG] [oshi.util.FileUtil/]: Reading file /sys/devices/system/cpu/cpu3/cache/index2/type
[21Sep2026 02:49:12.809] [main/DEBUG] [oshi.util.FileUtil/]: Reading file /sys/devices/system/cpu/cpu3/cache/index2/ways_of_associativity
[21Sep2026 02:49:12.809] [main/DEBUG] [oshi.util.FileUtil/]: Reading file /sys/devices/system/cpu/cpu3/cache/index2/ways_of_associativity
[21Sep2026 02:49:12.809] [main/DEBUG] [oshi.util.FileUtil/]: Reading file /sys/devices/system/cpu/cpu3/cache/index2/coherency_line_size
[21Sep2026 02:49:12.809] [main/DEBUG] [oshi.util.FileUtil/]: Reading file /sys/devices/system/cpu/cpu3/cache/index2/coherency_line_size
[21Sep2026 02:49:12.809] [main/DEBUG] [oshi.util.FileUtil/]: Reading file /sys/devices/system/cpu/cpu3/cache/index2/size
[21Sep2026 02:49:12.809] [main/DEBUG] [oshi.util.FileUtil/]: Reading file /sys/devices/system/cpu/cpu3/cache/index2/size
[21Sep2026 02:49:12.810] [main/DEBUG] [oshi.util.FileUtil/]: Reading file /sys/devices/system/cpu/cpu3/cache/index0/level
[21Sep2026 02:49:12.810] [main/DEBUG] [oshi.util.FileUtil/]: Reading file /sys/devices/system/cpu/cpu3/cache/index0/level
[21Sep2026 02:49:12.810] [main/DEBUG] [oshi.util.FileUtil/]: Reading file /sys/devices/system/cpu/cpu3/cache/index0/type
[21Sep2026 02:49:12.810] [main/DEBUG] [oshi.util.FileUtil/]: Reading file /sys/devices/system/cpu/cpu3/cache/index0/type
[21Sep2026 02:49:12.810] [main/DEBUG] [oshi.util.FileUtil/]: Reading file /sys/devices/system/cpu/cpu3/cache/index0/ways_of_associativity
[21Sep2026 02:49:12.810] [main/DEBUG] [oshi.util.FileUtil/]: Reading file /sys/devices/system/cpu/cpu3/cache/index0/ways_of_associativity
[21Sep2026 02:49:12.810] [main/DEBUG] [oshi.util.FileUtil/]: Reading file /sys/devices/system/cpu/cpu3/cache/index0/coherency_line_size
[21Sep2026 02:49:12.810] [main/DEBUG] [oshi.util.FileUtil/]: Reading file /sys/devices/system/cpu/cpu3/cache/index0/coherency_line_size
[21Sep2026 02:49:12.810] [main/DEBUG] [oshi.util.FileUtil/]: Reading file /sys/devices/system/cpu/cpu3/cache/index0/size
[21Sep2026 02:49:12.811] [main/DEBUG] [oshi.util.FileUtil/]: Reading file /sys/devices/system/cpu/cpu3/cache/index0/size
[21Sep2026 02:49:12.811] [main/DEBUG] [oshi.util.FileUtil/]: Reading file /sys/devices/system/cpu/cpu3/cache/index3/level
[21Sep2026 02:49:12.811] [main/DEBUG] [oshi.util.FileUtil/]: Reading file /sys/devices/system/cpu/cpu3/cache/index3/level
[21Sep2026 02:49:12.811] [main/DEBUG] [oshi.util.FileUtil/]: Reading file /sys/devices/system/cpu/cpu3/cache/index3/type
[21Sep2026 02:49:12.811] [main/DEBUG] [oshi.util.FileUtil/]: Reading file /sys/devices/system/cpu/cpu3/cache/index3/type
[21Sep2026 02:49:12.811] [main/DEBUG] [oshi.util.FileUtil/]: Reading file /sys/devices/system/cpu/cpu3/cache/index3/ways_of_associativity
[21Sep2026 02:49:12.811] [main/DEBUG] [oshi.util.FileUtil/]: Reading file /sys/devices/system/cpu/cpu3/cache/index3/ways_of_associativity
[21Sep2026 02:49:12.811] [main/DEBUG] [oshi.util.FileUtil/]: Reading file /sys/devices/system/cpu/cpu3/cache/index3/coherency_line_size
[21Sep2026 02:49:12.811] [main/DEBUG] [oshi.util.FileUtil/]: Reading file /sys/devices/system/cpu/cpu3/cache/index3/coherency_line_size
[21Sep2026 02:49:12.812] [main/DEBUG] [oshi.util.FileUtil/]: Reading file /sys/devices/system/cpu/cpu3/cache/index3/size
[21Sep2026 02:49:12.812] [main/DEBUG] [oshi.util.FileUtil/]: Reading file /sys/devices/system/cpu/cpu3/cache/index3/size
[21Sep2026 02:49:12.812] [main/DEBUG] [oshi.util.FileUtil/]: Reading file /sys/devices/system/cpu/cpu3/cache/index1/level
[21Sep2026 02:49:12.812] [main/DEBUG] [oshi.util.FileUtil/]: Reading file /sys/devices/system/cpu/cpu3/cache/index1/level
[21Sep2026 02:49:12.812] [main/DEBUG] [oshi.util.FileUtil/]: Reading file /sys/devices/system/cpu/cpu3/cache/index1/type
[21Sep2026 02:49:12.812] [main/DEBUG] [oshi.util.FileUtil/]: Reading file /sys/devices/system/cpu/cpu3/cache/index1/type
[21Sep2026 02:49:12.812] [main/DEBUG] [oshi.util.FileUtil/]: Reading file /sys/devices/system/cpu/cpu3/cache/index1/ways_of_associativity
[21Sep2026 02:49:12.812] [main/DEBUG] [oshi.util.FileUtil/]: Reading file /sys/devices/system/cpu/cpu3/cache/index1/ways_of_associativity
[21Sep2026 02:49:12.813] [main/DEBUG] [oshi.util.FileUtil/]: Reading file /sys/devices/system/cpu/cpu3/cache/index1/coherency_line_size
[21Sep2026 02:49:12.813] [main/DEBUG] [oshi.util.FileUtil/]: Reading file /sys/devices/system/cpu/cpu3/cache/index1/coherency_line_size
[21Sep2026 02:49:12.813] [main/DEBUG] [oshi.util.FileUtil/]: Reading file /sys/devices/system/cpu/cpu3/cache/index1/size
[21Sep2026 02:49:12.813] [main/DEBUG] [oshi.util.FileUtil/]: Reading file /sys/devices/system/cpu/cpu3/cache/index1/size
[21Sep2026 02:49:12.816] [main/DEBUG] [oshi.util.FileUtil/]: Reading file /proc/cpuinfo
[21Sep2026 02:49:12.817] [main/DEBUG] [oshi.util.FileUtil/]: Reading file /proc/cpuinfo
[21Sep2026 02:49:12.833] [main/DEBUG] [oshi.util.FileUtil/]: Reading file /proc/self/auxv
[21Sep2026 02:49:12.850] [main/DEBUG] [oshi.util.FileUtil/]: Reading file /proc/meminfo
[21Sep2026 02:49:12.851] [main/DEBUG] [oshi.util.FileUtil/]: Reading file /proc/meminfo
[21Sep2026 02:49:12.857] [main/DEBUG] [oshi.util.FileUtil/]: Reading file /etc/os-release
[21Sep2026 02:49:12.857] [main/DEBUG] [oshi.software.os.linux.LinuxOperatingSystem/]: os-release: NAME="Ubuntu"
[21Sep2026 02:49:12.857] [main/DEBUG] [oshi.software.os.linux.LinuxOperatingSystem/]: os-release: VERSION_ID="24.04"
[21Sep2026 02:49:12.857] [main/DEBUG] [oshi.software.os.linux.LinuxOperatingSystem/]: os-release: VERSION="24.04.4 LTS (Noble Numbat)"
[21Sep2026 02:49:12.857] [main/DEBUG] [oshi.util.FileUtil/]: Reading file /proc/version
[21Sep2026 02:49:12.862] [main/DEBUG] [oshi.util.FileUtil/]: Reading file /proc/3884/io
[21Sep2026 02:49:12.862] [main/DEBUG] [oshi.util.FileUtil/]: Reading file /proc/3884/io
[21Sep2026 02:49:12.862] [main/DEBUG] [oshi.util.FileUtil/]: Reading file /proc/3884/status
[21Sep2026 02:49:12.863] [main/DEBUG] [oshi.util.FileUtil/]: Reading file /proc/3884/status
[21Sep2026 02:49:12.863] [main/DEBUG] [oshi.util.FileUtil/]: Reading file /proc/3884/stat
[21Sep2026 02:49:12.863] [main/DEBUG] [oshi.util.FileUtil/]: Reading file /proc/3884/stat
[21Sep2026 02:49:12.863] [main/DEBUG] [oshi.util.FileUtil/]: Reading file /proc/self/stat
[21Sep2026 02:49:12.863] [main/DEBUG] [oshi.util.FileUtil/]: Reading file /proc/self/stat
[21Sep2026 02:49:12.919] [main/DEBUG] [mixin/]: Mixing MixinBuiltInRegistries from terrablender.mixins.json into net.minecraft.core.registries.BuiltInRegistries
[21Sep2026 02:49:12.919] [main/DEBUG] [mixin/]: terrablender.mixins.json:MixinBuiltInRegistries from mod terrablender: Class version 69 required is higher than the class version supported by the current version of Mixin (JAVA_17 supports class version 61)
[21Sep2026 02:49:12.919] [main/DEBUG] [mixin/]: Renaming synthetic method lambda$registerSimple$0(Lnet/minecraft/core/registries/BuiltInRegistries$RegistryBootstrap;Lnet/minecraft/core/Registry;)Ljava/lang/Object; to mdfaf31e$terrablender$lambda$registerSimple$0$0 in terrablender.mixins.json:MixinBuiltInRegistries from mod terrablender
[21Sep2026 02:49:12.922] [main/DEBUG] [mixin/]: terrablender.mixins.json:MixinBuiltInRegistries from mod terrablender->@Inject::registerSimple(Lnet/minecraft/resources/ResourceKey;Lnet/minecraft/core/registries/BuiltInRegistries$RegistryBootstrap;Lorg/spongepowered/asm/mixin/injection/callback/CallbackInfoReturnable;)V does use it's CallbackInfoReturnable
[21Sep2026 02:49:12.934] [main/DEBUG] [mixin/]: Mixing MappedRegistryAccessor from neoforge.mixins.json into net.minecraft.core.MappedRegistry
[21Sep2026 02:49:13.111] [main/DEBUG] [mixin/]: Mixing BlockStateBaseAccessor from balm.mixins.json into net.minecraft.world.level.block.state.BlockBehaviour$BlockStateBase
[21Sep2026 02:49:13.112] [main/DEBUG] [mixin/]: balm.mixins.json:BlockStateBaseAccessor from mod balm: Class version 69 required is higher than the class version supported by the current version of Mixin (JAVA_17 supports class version 61)
[21Sep2026 02:49:13.113] [main/DEBUG] [mixin/]: Mixing BlockStateBaseMixin from balm.mixins.json into net.minecraft.world.level.block.state.BlockBehaviour$BlockStateBase
[21Sep2026 02:49:13.113] [main/DEBUG] [mixin/]: balm.mixins.json:BlockStateBaseMixin from mod balm: Class version 69 required is higher than the class version supported by the current version of Mixin (JAVA_17 supports class version 61)
[21Sep2026 02:49:13.116] [main/DEBUG] [mixin/]: balm.mixins.json:BlockStateBaseMixin from mod balm->@Inject::getDestroyProgress(Lnet/minecraft/world/entity/player/Player;Lnet/minecraft/world/level/BlockGetter;Lnet/minecraft/core/BlockPos;Lorg/spongepowered/asm/mixin/injection/callback/CallbackInfoReturnable;)V does use it's CallbackInfoReturnable
[21Sep2026 02:49:13.144] [main/DEBUG] [mixin/]: Mixing entities.EntityAccessor from repurposed_structures-common.mixins.json into net.minecraft.world.entity.Entity
[21Sep2026 02:49:13.145] [main/DEBUG] [mixin/]: Mixing EntityMixin from waystones.mixins.json into net.minecraft.world.entity.Entity
[21Sep2026 02:49:13.145] [main/DEBUG] [mixin/]: waystones.mixins.json:EntityMixin from mod waystones: Class version 69 required is higher than the class version supported by the current version of Mixin (JAVA_17 supports class version 61)
[21Sep2026 02:49:13.150] [main/DEBUG] [mixin/]: Mixing EntityMixin from balm.neoforge.mixins.json into net.minecraft.world.entity.Entity
[21Sep2026 02:49:13.151] [main/DEBUG] [mixin/]: balm.neoforge.mixins.json:EntityMixin from mod balm: Class version 69 required is higher than the class version supported by the current version of Mixin (JAVA_21 supports class version 65)
[21Sep2026 02:49:13.152] [main/DEBUG] [mixin/]: Renaming synthetic method lambda$load$1(Lnet/minecraft/world/level/storage/ValueInput;)Ljava/util/Optional; to mdfaf31e$balm$lambda$load$1$0 in balm.neoforge.mixins.json:EntityMixin from mod balm
[21Sep2026 02:49:13.152] [main/DEBUG] [mixin/]: Renaming synthetic method lambda$load$0(Lnet/minecraft/world/level/storage/ValueInput;)Ljava/util/Optional; to mdfaf31e$balm$lambda$load$0$1 in balm.neoforge.mixins.json:EntityMixin from mod balm
[21Sep2026 02:49:13.154] [main/DEBUG] [mixin/]: Mixing EntityMixin from collective_neoforge.mixins.json into net.minecraft.world.entity.Entity
[21Sep2026 02:49:13.156] [main/DEBUG] [mixin/]: Mixing EntityMixin from tombstone.mixins.json into net.minecraft.world.entity.Entity
[21Sep2026 02:49:13.156] [main/DEBUG] [mixin/]: tombstone.mixins.json:EntityMixin from mod tombstone: Class version 69 required is higher than the class version supported by the current version of Mixin (JAVA_21 supports class version 65)
[21Sep2026 02:49:13.157] [main/DEBUG] [mixin/]: Renaming synthetic method lambda$methodDeflection$0(Lnet/minecraft/world/entity/projectile/Projectile;Lnet/minecraft/world/entity/Entity;Lnet/minecraft/util/RandomSource;)V to mdfaf31e$tombstone$lambda$methodDeflection$0$2 in tombstone.mixins.json:EntityMixin from mod tombstone
[21Sep2026 02:49:13.175] [main/DEBUG] [mixin/]: waystones.mixins.json:EntityMixin from mod waystones->@Inject::waystones$saveWarpPlateState(Lnet/minecraft/world/level/storage/ValueOutput;Lorg/spongepowered/asm/mixin/injection/callback/CallbackInfo;)V doesn't use it's CallbackInfo
[21Sep2026 02:49:13.175] [main/DEBUG] [mixin/]: waystones.mixins.json:EntityMixin from mod waystones->@Inject::waystones$saveWarpPlateState(Lnet/minecraft/world/level/storage/ValueOutput;Lorg/spongepowered/asm/mixin/injection/callback/CallbackInfo;)V has 0 override(s) in child classes
[21Sep2026 02:49:13.175] [main/DEBUG] [mixin/]: waystones.mixins.json:EntityMixin from mod waystones->@Inject::waystones$saveWarpPlateState(Lnet/minecraft/world/level/storage/ValueOutput;Lorg/spongepowered/asm/mixin/injection/callback/CallbackInfo;)V won't be passed a CallbackInfo as a result
[21Sep2026 02:49:13.176] [main/DEBUG] [mixin/]: waystones.mixins.json:EntityMixin from mod waystones->@Inject::waystones$loadWarpPlateState(Lnet/minecraft/world/level/storage/ValueInput;Lorg/spongepowered/asm/mixin/injection/callback/CallbackInfo;)V doesn't use it's CallbackInfo
[21Sep2026 02:49:13.176] [main/DEBUG] [mixin/]: waystones.mixins.json:EntityMixin from mod waystones->@Inject::waystones$loadWarpPlateState(Lnet/minecraft/world/level/storage/ValueInput;Lorg/spongepowered/asm/mixin/injection/callback/CallbackInfo;)V has 0 override(s) in child classes
[21Sep2026 02:49:13.176] [main/DEBUG] [mixin/]: waystones.mixins.json:EntityMixin from mod waystones->@Inject::waystones$loadWarpPlateState(Lnet/minecraft/world/level/storage/ValueInput;Lorg/spongepowered/asm/mixin/injection/callback/CallbackInfo;)V won't be passed a CallbackInfo as a result
[21Sep2026 02:49:13.176] [main/DEBUG] [mixin/]: waystones.mixins.json:EntityMixin from mod waystones->@Inject::waystones$tickWarpPlateState(Lorg/spongepowered/asm/mixin/injection/callback/CallbackInfo;)V doesn't use it's CallbackInfo
[21Sep2026 02:49:13.176] [main/DEBUG] [mixin/]: waystones.mixins.json:EntityMixin from mod waystones->@Inject::waystones$tickWarpPlateState(Lorg/spongepowered/asm/mixin/injection/callback/CallbackInfo;)V has 0 override(s) in child classes
[21Sep2026 02:49:13.176] [main/DEBUG] [mixin/]: waystones.mixins.json:EntityMixin from mod waystones->@Inject::waystones$tickWarpPlateState(Lorg/spongepowered/asm/mixin/injection/callback/CallbackInfo;)V won't be passed a CallbackInfo as a result
[21Sep2026 02:49:13.176] [main/DEBUG] [mixin/]: balm.neoforge.mixins.json:EntityMixin from mod balm->@Inject::load(Lnet/minecraft/world/level/storage/ValueInput;Lorg/spongepowered/asm/mixin/injection/callback/CallbackInfo;)V doesn't use it's CallbackInfo
[21Sep2026 02:49:13.176] [main/DEBUG] [mixin/]: balm.neoforge.mixins.json:EntityMixin from mod balm->@Inject::load(Lnet/minecraft/world/level/storage/ValueInput;Lorg/spongepowered/asm/mixin/injection/callback/CallbackInfo;)V has 0 override(s) in child classes
[21Sep2026 02:49:13.176] [main/DEBUG] [mixin/]: balm.neoforge.mixins.json:EntityMixin from mod balm->@Inject::load(Lnet/minecraft/world/level/storage/ValueInput;Lorg/spongepowered/asm/mixin/injection/callback/CallbackInfo;)V won't be passed a CallbackInfo as a result
[21Sep2026 02:49:13.176] [main/DEBUG] [mixin/]: collective_neoforge.mixins.json:EntityMixin from mod collective->@Inject::Entity_saveWithoutId(Lnet/minecraft/world/level/storage/ValueOutput;Lorg/spongepowered/asm/mixin/injection/callback/CallbackInfo;)V doesn't use it's CallbackInfo
[21Sep2026 02:49:13.176] [main/DEBUG] [mixin/]: collective_neoforge.mixins.json:EntityMixin from mod collective->@Inject::Entity_saveWithoutId(Lnet/minecraft/world/level/storage/ValueOutput;Lorg/spongepowered/asm/mixin/injection/callback/CallbackInfo;)V has 0 override(s) in child classes
[21Sep2026 02:49:13.176] [main/DEBUG] [mixin/]: collective_neoforge.mixins.json:EntityMixin from mod collective->@Inject::Entity_saveWithoutId(Lnet/minecraft/world/level/storage/ValueOutput;Lorg/spongepowered/asm/mixin/injection/callback/CallbackInfo;)V won't be passed a CallbackInfo as a result
[21Sep2026 02:49:13.176] [main/DEBUG] [mixin/]: collective_neoforge.mixins.json:EntityMixin from mod collective->@Inject::Entity_load(Lnet/minecraft/world/level/storage/ValueInput;Lorg/spongepowered/asm/mixin/injection/callback/CallbackInfo;)V doesn't use it's CallbackInfo
[21Sep2026 02:49:13.176] [main/DEBUG] [mixin/]: collective_neoforge.mixins.json:EntityMixin from mod collective->@Inject::Entity_load(Lnet/minecraft/world/level/storage/ValueInput;Lorg/spongepowered/asm/mixin/injection/callback/CallbackInfo;)V has 0 override(s) in child classes
[21Sep2026 02:49:13.176] [main/DEBUG] [mixin/]: collective_neoforge.mixins.json:EntityMixin from mod collective->@Inject::Entity_load(Lnet/minecraft/world/level/storage/ValueInput;Lorg/spongepowered/asm/mixin/injection/callback/CallbackInfo;)V won't be passed a CallbackInfo as a result
[21Sep2026 02:49:13.177] [main/DEBUG] [mixin/]: tombstone.mixins.json:EntityMixin from mod tombstone->@Inject::methodIsAlliedTo(Lnet/minecraft/world/entity/Entity;Lorg/spongepowered/asm/mixin/injection/callback/CallbackInfoReturnable;)V does use it's CallbackInfoReturnable
[21Sep2026 02:49:13.177] [main/DEBUG] [mixin/]: tombstone.mixins.json:EntityMixin from mod tombstone->@Inject::methodIsInvisibleTo(Lnet/minecraft/world/entity/player/Player;Lorg/spongepowered/asm/mixin/injection/callback/CallbackInfoReturnable;)V does use it's CallbackInfoReturnable
[21Sep2026 02:49:13.177] [main/DEBUG] [mixin/]: tombstone.mixins.json:EntityMixin from mod tombstone->@Inject::methodDeflection(Lnet/minecraft/world/entity/projectile/Projectile;Lorg/spongepowered/asm/mixin/injection/callback/CallbackInfoReturnable;)V does use it's CallbackInfoReturnable
[21Sep2026 02:49:13.177] [main/DEBUG] [mixin/]: tombstone.mixins.json:EntityMixin from mod tombstone->@Inject::methodOnInsideBlock(Lnet/minecraft/world/level/block/state/BlockState;Lorg/spongepowered/asm/mixin/injection/callback/CallbackInfo;)V doesn't use it's CallbackInfo
[21Sep2026 02:49:13.177] [main/DEBUG] [mixin/]: tombstone.mixins.json:EntityMixin from mod tombstone->@Inject::methodOnInsideBlock(Lnet/minecraft/world/level/block/state/BlockState;Lorg/spongepowered/asm/mixin/injection/callback/CallbackInfo;)V has 0 override(s) in child classes
[21Sep2026 02:49:13.177] [main/DEBUG] [mixin/]: tombstone.mixins.json:EntityMixin from mod tombstone->@Inject::methodOnInsideBlock(Lnet/minecraft/world/level/block/state/BlockState;Lorg/spongepowered/asm/mixin/injection/callback/CallbackInfo;)V won't be passed a CallbackInfo as a result
[21Sep2026 02:49:13.251] [main/DEBUG] [mixin/]: Mixing LivingEntityMixin from balm.mixins.json into net.minecraft.world.entity.LivingEntity
[21Sep2026 02:49:13.252] [main/DEBUG] [mixin/]: balm.mixins.json:LivingEntityMixin from mod balm: Class version 69 required is higher than the class version supported by the current version of Mixin (JAVA_17 supports class version 61)
[21Sep2026 02:49:13.252] [main/DEBUG] [mixin/]: Mixing LivingEntityMixin from balm.neoforge.mixins.json into net.minecraft.world.entity.LivingEntity
[21Sep2026 02:49:13.252] [main/DEBUG] [mixin/]: balm.neoforge.mixins.json:LivingEntityMixin from mod balm: Class version 69 required is higher than the class version supported by the current version of Mixin (JAVA_21 supports class version 65)
[21Sep2026 02:49:13.252] [main/DEBUG] [mixin/]: Mixing LivingEntityMixin from tombstone.mixins.json into net.minecraft.world.entity.LivingEntity
[21Sep2026 02:49:13.252] [main/DEBUG] [mixin/]: tombstone.mixins.json:LivingEntityMixin from mod tombstone: Class version 69 required is higher than the class version supported by the current version of Mixin (JAVA_21 supports class version 65)
[21Sep2026 02:49:13.272] [main/DEBUG] [mixin/]: tombstone.mixins.json:LivingEntityMixin from mod tombstone->@Inject::methodCanAttack(Lnet/minecraft/world/entity/LivingEntity;Lorg/spongepowered/asm/mixin/injection/callback/CallbackInfoReturnable;)V does use it's CallbackInfoReturnable
[21Sep2026 02:49:13.273] [main/DEBUG] [mixin/]: tombstone.mixins.json:LivingEntityMixin from mod tombstone->@Inject::methodResolvePlayerResponsibleForDamage(Lnet/minecraft/world/damagesource/DamageSource;Lorg/spongepowered/asm/mixin/injection/callback/CallbackInfoReturnable;)V does use it's CallbackInfoReturnable
[21Sep2026 02:49:13.273] [main/DEBUG] [mixin/]: tombstone.mixins.json:LivingEntityMixin from mod tombstone->@Inject::methodGetDefaultDimensions(Lnet/minecraft/world/entity/Pose;Lorg/spongepowered/asm/mixin/injection/callback/CallbackInfoReturnable;)V does use it's CallbackInfoReturnable
[21Sep2026 02:49:13.341] [main/DEBUG] [mixin/]: Mixing PlayerMixin from travelersbackpack.mixins.json into net.minecraft.world.entity.player.Player
[21Sep2026 02:49:13.341] [main/DEBUG] [mixin/]: travelersbackpack.mixins.json:PlayerMixin from mod travelersbackpack: Class version 69 required is higher than the class version supported by the current version of Mixin (JAVA_21 supports class version 65)
[21Sep2026 02:49:13.342] [main/DEBUG] [mixin/]: Mixing PlayerMixin from playerrevive.mixins.json into net.minecraft.world.entity.player.Player
[21Sep2026 02:49:13.344] [main/DEBUG] [mixin/]: playerrevive.mixins.json:PlayerMixin from mod playerrevive: Class version 69 required is higher than the class version supported by the current version of Mixin (JAVA_17 supports class version 61)
[21Sep2026 02:49:13.349] [main/DEBUG] [mixin/]: travelersbackpack.mixins.json:PlayerMixin from mod travelersbackpack->@Inject::getFlyingSpeed(Lorg/spongepowered/asm/mixin/injection/callback/CallbackInfoReturnable;)V does use it's CallbackInfoReturnable
[21Sep2026 02:49:13.349] [main/DEBUG] [mixin/]: travelersbackpack.mixins.json:PlayerMixin from mod travelersbackpack->@Inject::getFlyingSpeed(Lorg/spongepowered/asm/mixin/injection/callback/CallbackInfoReturnable;)V does use it's CallbackInfoReturnable
[21Sep2026 02:49:13.349] [main/DEBUG] [mixin/]: playerrevive.mixins.json:PlayerMixin from mod playerrevive->@Inject::isBleeding(Lorg/spongepowered/asm/mixin/injection/callback/CallbackInfoReturnable;)V does use it's CallbackInfoReturnable
[21Sep2026 02:49:13.393] [main/DEBUG] [mixin/]: Mixing ServerLevelMixin from tombstone.mixins.json into net.minecraft.server.level.ServerLevel
[21Sep2026 02:49:13.400] [main/DEBUG] [mixin/]: tombstone.mixins.json:ServerLevelMixin from mod tombstone: Class version 69 required is higher than the class version supported by the current version of Mixin (JAVA_21 supports class version 65)
[21Sep2026 02:49:13.401] [main/DEBUG] [mixin/]: Mixing MixinServerLevel from glitchcore.mixins.json into net.minecraft.server.level.ServerLevel
[21Sep2026 02:49:13.401] [main/DEBUG] [mixin/]: glitchcore.mixins.json:MixinServerLevel from mod glitchcore: Class version 69 required is higher than the class version supported by the current version of Mixin (JAVA_17 supports class version 61)
[21Sep2026 02:49:13.401] [main/DEBUG] [mixin/]: Mixing ServerLevelMixin from collective_neoforge.mixins.json into net.minecraft.server.level.ServerLevel
[21Sep2026 02:49:13.404] [main/DEBUG] [mixin/]: tombstone.mixins.json:ServerLevelMixin from mod tombstone->@Inject::onAddEntity(Lnet/minecraft/world/entity/Entity;Lorg/spongepowered/asm/mixin/injection/callback/CallbackInfoReturnable;)V does use it's CallbackInfoReturnable
[21Sep2026 02:49:13.404] [main/DEBUG] [mixin/]: glitchcore.mixins.json:MixinServerLevel from mod glitchcore->@Inject::onAddPlayer(Lnet/minecraft/server/level/ServerPlayer;Lorg/spongepowered/asm/mixin/injection/callback/CallbackInfo;)V doesn't use it's CallbackInfo
[21Sep2026 02:49:13.404] [main/DEBUG] [mixin/]: glitchcore.mixins.json:MixinServerLevel from mod glitchcore->@Inject::onAddPlayer(Lnet/minecraft/server/level/ServerPlayer;Lorg/spongepowered/asm/mixin/injection/callback/CallbackInfo;)V has 0 override(s) in child classes
[21Sep2026 02:49:13.404] [main/DEBUG] [mixin/]: glitchcore.mixins.json:MixinServerLevel from mod glitchcore->@Inject::onAddPlayer(Lnet/minecraft/server/level/ServerPlayer;Lorg/spongepowered/asm/mixin/injection/callback/CallbackInfo;)V won't be passed a CallbackInfo as a result
[21Sep2026 02:49:13.404] [main/DEBUG] [mixin/]: collective_neoforge.mixins.json:ServerLevelMixin from mod collective->@Inject::serverLevel_close(Lorg/spongepowered/asm/mixin/injection/callback/CallbackInfo;)V doesn't use it's CallbackInfo
[21Sep2026 02:49:13.404] [main/DEBUG] [mixin/]: collective_neoforge.mixins.json:ServerLevelMixin from mod collective->@Inject::serverLevel_close(Lorg/spongepowered/asm/mixin/injection/callback/CallbackInfo;)V has 0 override(s) in child classes
[21Sep2026 02:49:13.404] [main/DEBUG] [mixin/]: collective_neoforge.mixins.json:ServerLevelMixin from mod collective->@Inject::serverLevel_close(Lorg/spongepowered/asm/mixin/injection/callback/CallbackInfo;)V won't be passed a CallbackInfo as a result
[21Sep2026 02:49:13.477] [main/DEBUG] [mixin/]: Mixing ShapesMixin from creativecore.mixins.json into net.minecraft.world.phys.shapes.Shapes
[21Sep2026 02:49:13.477] [main/DEBUG] [mixin/]: creativecore.mixins.json:ShapesMixin from mod creativecore: Class version 69 required is higher than the class version supported by the current version of Mixin (JAVA_21 supports class version 65)
[21Sep2026 02:49:13.487] [main/DEBUG] [mixin/]: creativecore.mixins.json:ShapesMixin from mod creativecore->@Inject::joinUnoptimized(Lnet/minecraft/world/phys/shapes/VoxelShape;Lnet/minecraft/world/phys/shapes/VoxelShape;Lnet/minecraft/world/phys/shapes/BooleanOp;Lorg/spongepowered/asm/mixin/injection/callback/CallbackInfoReturnable;)V does use it's CallbackInfoReturnable
[21Sep2026 02:49:13.487] [main/DEBUG] [mixin/]: creativecore.mixins.json:ShapesMixin from mod creativecore->@Inject::joinUnoptimized(Lnet/minecraft/world/phys/shapes/VoxelShape;Lnet/minecraft/world/phys/shapes/VoxelShape;Lnet/minecraft/world/phys/shapes/BooleanOp;Lorg/spongepowered/asm/mixin/injection/callback/CallbackInfoReturnable;)V does use it's CallbackInfoReturnable
[21Sep2026 02:49:13.487] [main/DEBUG] [mixin/]: creativecore.mixins.json:ShapesMixin from mod creativecore->@Inject::joinUnoptimized(Lnet/minecraft/world/phys/shapes/VoxelShape;Lnet/minecraft/world/phys/shapes/VoxelShape;Lnet/minecraft/world/phys/shapes/BooleanOp;Lorg/spongepowered/asm/mixin/injection/callback/CallbackInfoReturnable;)V does use it's CallbackInfoReturnable
[21Sep2026 02:49:13.487] [main/DEBUG] [mixin/]: creativecore.mixins.json:ShapesMixin from mod creativecore->@Inject::joinIsNotEmpty(Lnet/minecraft/world/phys/shapes/VoxelShape;Lnet/minecraft/world/phys/shapes/VoxelShape;Lnet/minecraft/world/phys/shapes/BooleanOp;Lorg/spongepowered/asm/mixin/injection/callback/CallbackInfoReturnable;)V does use it's CallbackInfoReturnable
[21Sep2026 02:49:13.487] [main/DEBUG] [mixin/]: creativecore.mixins.json:ShapesMixin from mod creativecore->@Inject::joinIsNotEmpty(Lnet/minecraft/world/phys/shapes/VoxelShape;Lnet/minecraft/world/phys/shapes/VoxelShape;Lnet/minecraft/world/phys/shapes/BooleanOp;Lorg/spongepowered/asm/mixin/injection/callback/CallbackInfoReturnable;)V does use it's CallbackInfoReturnable
[21Sep2026 02:49:13.487] [main/DEBUG] [mixin/]: creativecore.mixins.json:ShapesMixin from mod creativecore->@Inject::joinIsNotEmpty(Lnet/minecraft/world/phys/shapes/VoxelShape;Lnet/minecraft/world/phys/shapes/VoxelShape;Lnet/minecraft/world/phys/shapes/BooleanOp;Lorg/spongepowered/asm/mixin/injection/callback/CallbackInfoReturnable;)V does use it's CallbackInfoReturnable
[21Sep2026 02:49:13.499] [main/DEBUG] [mixin/]: Mixing VoxelShapeAccessor from creativecore.mixins.json into net.minecraft.world.phys.shapes.VoxelShape
[21Sep2026 02:49:13.499] [main/DEBUG] [mixin/]: creativecore.mixins.json:VoxelShapeAccessor from mod creativecore: Class version 69 required is higher than the class version supported by the current version of Mixin (JAVA_21 supports class version 65)
[21Sep2026 02:49:13.731] [main/DEBUG] [mixin/]: Mixing ChestBlockMixin from tombstone.mixins.json into net.minecraft.world.level.block.ChestBlock
[21Sep2026 02:49:13.739] [main/DEBUG] [mixin/]: tombstone.mixins.json:ChestBlockMixin from mod tombstone: Class version 69 required is higher than the class version supported by the current version of Mixin (JAVA_21 supports class version 65)
[21Sep2026 02:49:13.744] [main/DEBUG] [mixin/]: tombstone.mixins.json:ChestBlockMixin from mod tombstone->@Inject::methodGetTicker(Lnet/minecraft/world/level/Level;Lnet/minecraft/world/level/block/state/BlockState;Lnet/minecraft/world/level/block/entity/BlockEntityType;Lorg/spongepowered/asm/mixin/injection/callback/CallbackInfoReturnable;)V does use it's CallbackInfoReturnable
[21Sep2026 02:49:13.751] [main/DEBUG] [mixin/]: Mixing client.FlowerPotBlockInvoker from journeymap.mixins.json into net.minecraft.world.level.block.FlowerPotBlock
[21Sep2026 02:49:13.751] [main/DEBUG] [mixin/]: journeymap.mixins.json:client.FlowerPotBlockInvoker from mod journeymap: Class version 69 required is higher than the class version supported by the current version of Mixin (JAVA_17 supports class version 61)
[21Sep2026 02:49:13.807] [main/DEBUG] [mixin/]: Mixing StemBlockMixin from balm.mixins.json into net.minecraft.world.level.block.StemBlock
[21Sep2026 02:49:13.808] [main/DEBUG] [mixin/]: balm.mixins.json:StemBlockMixin from mod balm: Class version 69 required is higher than the class version supported by the current version of Mixin (JAVA_17 supports class version 61)
[21Sep2026 02:49:13.810] [main/DEBUG] [mixin/]: balm.mixins.json:StemBlockMixin from mod balm->@Inject::mayPlaceOn(Lnet/minecraft/world/level/block/state/BlockState;Lnet/minecraft/world/level/BlockGetter;Lnet/minecraft/core/BlockPos;Lorg/spongepowered/asm/mixin/injection/callback/CallbackInfoReturnable;)V does use it's CallbackInfoReturnable
[21Sep2026 02:49:13.889] [main/DEBUG] [mixin/]: Mixing EntityTypeMixin from tombstone.mixins.json into net.minecraft.world.entity.EntityType
[21Sep2026 02:49:13.890] [main/DEBUG] [mixin/]: tombstone.mixins.json:EntityTypeMixin from mod tombstone: Class version 69 required is higher than the class version supported by the current version of Mixin (JAVA_21 supports class version 65)
[21Sep2026 02:49:13.891] [main/DEBUG] [mixin/]: tombstone.mixins.json:EntityTypeMixin from mod tombstone->@Inject::methodCanSpawn(Lnet/minecraft/world/level/Level;Lorg/spongepowered/asm/mixin/injection/callback/CallbackInfoReturnable;)V does use it's CallbackInfoReturnable
[21Sep2026 02:49:13.981] [main/DEBUG] [mixin/]: Mixing BlockEntityMixin from collective_neoforge.mixins.json into net.minecraft.world.level.block.entity.BlockEntity
[21Sep2026 02:49:13.983] [main/DEBUG] [mixin/]: collective_neoforge.mixins.json:BlockEntityMixin from mod collective->@Inject::setLevel(Lnet/minecraft/world/level/Level;Lorg/spongepowered/asm/mixin/injection/callback/CallbackInfo;)V doesn't use it's CallbackInfo
[21Sep2026 02:49:13.984] [main/DEBUG] [mixin/]: collective_neoforge.mixins.json:BlockEntityMixin from mod collective->@Inject::setLevel(Lnet/minecraft/world/level/Level;Lorg/spongepowered/asm/mixin/injection/callback/CallbackInfo;)V has 0 override(s) in child classes
[21Sep2026 02:49:13.984] [main/DEBUG] [mixin/]: collective_neoforge.mixins.json:BlockEntityMixin from mod collective->@Inject::setLevel(Lnet/minecraft/world/level/Level;Lorg/spongepowered/asm/mixin/injection/callback/CallbackInfo;)V won't be passed a CallbackInfo as a result
[21Sep2026 02:49:13.984] [main/DEBUG] [mixin/]: collective_neoforge.mixins.json:BlockEntityMixin from mod collective->@Inject::setRemoved(Lorg/spongepowered/asm/mixin/injection/callback/CallbackInfo;)V doesn't use it's CallbackInfo
[21Sep2026 02:49:13.984] [main/DEBUG] [mixin/]: collective_neoforge.mixins.json:BlockEntityMixin from mod collective->@Inject::setRemoved(Lorg/spongepowered/asm/mixin/injection/callback/CallbackInfo;)V has 0 override(s) in child classes
[21Sep2026 02:49:13.984] [main/DEBUG] [mixin/]: collective_neoforge.mixins.json:BlockEntityMixin from mod collective->@Inject::setRemoved(Lorg/spongepowered/asm/mixin/injection/callback/CallbackInfo;)V won't be passed a CallbackInfo as a result
[21Sep2026 02:49:13.987] [main/DEBUG] [mixin/]: Mixing BrushableBlockEntityMixin from tombstone.mixins.json into net.minecraft.world.level.block.entity.BrushableBlockEntity
[21Sep2026 02:49:13.987] [main/DEBUG] [mixin/]: tombstone.mixins.json:BrushableBlockEntityMixin from mod tombstone: Class version 69 required is higher than the class version supported by the current version of Mixin (JAVA_21 supports class version 65)
[21Sep2026 02:49:13.991] [main/DEBUG] [mixin/]: tombstone.mixins.json:BrushableBlockEntityMixin from mod tombstone->@Inject::methodUnpackLootTable(Lnet/minecraft/server/level/ServerLevel;Lnet/minecraft/world/entity/LivingEntity;Lnet/minecraft/world/item/ItemInstance;Lorg/spongepowered/asm/mixin/injection/callback/CallbackInfo;)V does use it's CallbackInfo
[21Sep2026 02:49:14.248] [main/DEBUG] [mixin/]: Mixing MobMixin from tombstone.mixins.json into net.minecraft.world.entity.Mob
[21Sep2026 02:49:14.249] [main/DEBUG] [mixin/]: tombstone.mixins.json:MobMixin from mod tombstone: Class version 69 required is higher than the class version supported by the current version of Mixin (JAVA_21 supports class version 65)
[21Sep2026 02:49:14.249] [main/DEBUG] [mixin/]: Renaming synthetic method lambda$methodSetTarget$0(Lnet/minecraft/world/entity/LivingEntity;Lnet/minecraft/world/entity/EntityReference;)Ljava/lang/Boolean; to mdfaf31e$tombstone$lambda$methodSetTarget$0$0 in tombstone.mixins.json:MobMixin from mod tombstone
[21Sep2026 02:49:14.253] [main/DEBUG] [mixin/]: tombstone.mixins.json:MobMixin from mod tombstone->@Inject::methodIsSunBurnTick(Lorg/spongepowered/asm/mixin/injection/callback/CallbackInfoReturnable;)V does use it's CallbackInfoReturnable
[21Sep2026 02:49:14.253] [main/DEBUG] [mixin/]: tombstone.mixins.json:MobMixin from mod tombstone->@Inject::methodCheckDespawn(Lorg/spongepowered/asm/mixin/injection/callback/CallbackInfo;)V does use it's CallbackInfo
[21Sep2026 02:49:14.253] [main/DEBUG] [mixin/]: tombstone.mixins.json:MobMixin from mod tombstone->@Inject::methodTick(Lorg/spongepowered/asm/mixin/injection/callback/CallbackInfo;)V doesn't use it's CallbackInfo
[21Sep2026 02:49:14.253] [main/DEBUG] [mixin/]: tombstone.mixins.json:MobMixin from mod tombstone->@Inject::methodTick(Lorg/spongepowered/asm/mixin/injection/callback/CallbackInfo;)V has 0 override(s) in child classes
[21Sep2026 02:49:14.253] [main/DEBUG] [mixin/]: tombstone.mixins.json:MobMixin from mod tombstone->@Inject::methodTick(Lorg/spongepowered/asm/mixin/injection/callback/CallbackInfo;)V won't be passed a CallbackInfo as a result
[21Sep2026 02:49:14.254] [main/DEBUG] [mixin/]: tombstone.mixins.json:MobMixin from mod tombstone->@Inject::methodCanBeLeashed(Lorg/spongepowered/asm/mixin/injection/callback/CallbackInfoReturnable;)V does use it's CallbackInfoReturnable
[21Sep2026 02:49:14.254] [main/DEBUG] [mixin/]: tombstone.mixins.json:MobMixin from mod tombstone->@Inject::methodSetTarget(Lnet/minecraft/world/entity/LivingEntity;Lorg/spongepowered/asm/mixin/injection/callback/CallbackInfo;)V does use it's CallbackInfo
[21Sep2026 02:49:14.266] [main/DEBUG] [mixin/]: Mixing MonsterMixin from tombstone.mixins.json into net.minecraft.world.entity.monster.Monster
[21Sep2026 02:49:14.266] [main/DEBUG] [mixin/]: tombstone.mixins.json:MonsterMixin from mod tombstone: Class version 69 required is higher than the class version supported by the current version of Mixin (JAVA_21 supports class version 65)
[21Sep2026 02:49:14.268] [main/DEBUG] [mixin/]: tombstone.mixins.json:MonsterMixin from mod tombstone->@Inject::methodIsPreventingPlayerRest(Lnet/minecraft/server/level/ServerLevel;Lnet/minecraft/world/entity/player/Player;Lorg/spongepowered/asm/mixin/injection/callback/CallbackInfoReturnable;)V does use it's CallbackInfoReturnable
[21Sep2026 02:49:14.269] [main/DEBUG] [mixin/]: tombstone.mixins.json:MonsterMixin from mod tombstone->@Inject::methodGetWalkTargetValue(Lnet/minecraft/core/BlockPos;Lnet/minecraft/world/level/LevelReader;Lorg/spongepowered/asm/mixin/injection/callback/CallbackInfoReturnable;)V does use it's CallbackInfoReturnable
[21Sep2026 02:49:14.386] [main/DEBUG] [mixin/]: Mixing BlockEntityTypeAccessor from neoforge.mixins.json into net.minecraft.world.level.block.entity.BlockEntityType
[21Sep2026 02:49:14.524] [main/DEBUG] [mixin/]: Mixing AbstractContainerMenuMixin from travelersbackpack.mixins.json into net.minecraft.world.inventory.AbstractContainerMenu
[21Sep2026 02:49:14.528] [main/DEBUG] [mixin/]: travelersbackpack.mixins.json:AbstractContainerMenuMixin from mod travelersbackpack: Class version 69 required is higher than the class version supported by the current version of Mixin (JAVA_21 supports class version 65)
[21Sep2026 02:49:14.545] [main/DEBUG] [mixin/]: Mixing CropBlockMixin from balm.mixins.json into net.minecraft.world.level.block.CropBlock
[21Sep2026 02:49:14.546] [main/DEBUG] [mixin/]: balm.mixins.json:CropBlockMixin from mod balm: Class version 69 required is higher than the class version supported by the current version of Mixin (JAVA_17 supports class version 61)
[21Sep2026 02:49:14.551] [main/DEBUG] [mixin/]: balm.mixins.json:CropBlockMixin from mod balm->@Inject::mayPlaceOn(Lnet/minecraft/world/level/block/state/BlockState;Lnet/minecraft/world/level/BlockGetter;Lnet/minecraft/core/BlockPos;Lorg/spongepowered/asm/mixin/injection/callback/CallbackInfoReturnable;)V does use it's CallbackInfoReturnable
[21Sep2026 02:49:15.621] [main/DEBUG] [mixin/]: Mixing ItemStackMixin from travelersbackpack.mixins.json into net.minecraft.world.item.ItemStack
[21Sep2026 02:49:15.621] [main/DEBUG] [mixin/]: travelersbackpack.mixins.json:ItemStackMixin from mod travelersbackpack: Class version 69 required is higher than the class version supported by the current version of Mixin (JAVA_21 supports class version 65)
[21Sep2026 02:49:15.622] [main/DEBUG] [mixin/]: Mixing MixinItemStack from glitchcore.mixins.json into net.minecraft.world.item.ItemStack
[21Sep2026 02:49:15.622] [main/DEBUG] [mixin/]: glitchcore.mixins.json:MixinItemStack from mod glitchcore: Class version 69 required is higher than the class version supported by the current version of Mixin (JAVA_17 supports class version 61)
[21Sep2026 02:49:15.625] [main/DEBUG] [mixin/]: travelersbackpack.mixins.json:ItemStackMixin from mod travelersbackpack->@Inject::afterOverrideOtherStackedOnMe(Lnet/minecraft/world/item/ItemStack;Lnet/minecraft/world/inventory/Slot;Lnet/minecraft/world/inventory/ClickAction;Lnet/minecraft/world/entity/player/Player;Lnet/minecraft/world/entity/SlotAccess;Lorg/spongepowered/asm/mixin/injection/callback/CallbackInfoReturnable;)V does use it's CallbackInfoReturnable
[21Sep2026 02:49:15.626] [main/DEBUG] [mixin/]: glitchcore.mixins.json:MixinItemStack from mod glitchcore->@Inject::onUse(Lnet/minecraft/world/level/Level;Lnet/minecraft/world/entity/player/Player;Lnet/minecraft/world/InteractionHand;Lorg/spongepowered/asm/mixin/injection/callback/CallbackInfoReturnable;)V does use it's CallbackInfoReturnable
[21Sep2026 02:49:15.626] [main/DEBUG] [mixin/]: glitchcore.mixins.json:MixinItemStack from mod glitchcore->@Inject::onFinishUsingItemBegin(Lnet/minecraft/world/level/Level;Lnet/minecraft/world/entity/LivingEntity;Lorg/spongepowered/asm/mixin/injection/callback/CallbackInfoReturnable;)V doesn't use it's CallbackInfoReturnable
[21Sep2026 02:49:15.626] [main/DEBUG] [mixin/]: glitchcore.mixins.json:MixinItemStack from mod glitchcore->@Inject::onFinishUsingItem(Lnet/minecraft/world/level/Level;Lnet/minecraft/world/entity/LivingEntity;Lorg/spongepowered/asm/mixin/injection/callback/CallbackInfoReturnable;)V does use it's CallbackInfoReturnable
[21Sep2026 02:49:15.633] [main/DEBUG] [mixin/]: Mixing ItemStackExtensionMixin from tombstone.mixins.json into net.neoforged.neoforge.common.extensions.IItemStackExtension
[21Sep2026 02:49:15.633] [main/DEBUG] [mixin/]: tombstone.mixins.json:ItemStackExtensionMixin from mod tombstone: Class version 69 required is higher than the class version supported by the current version of Mixin (JAVA_21 supports class version 65)
[21Sep2026 02:49:15.635] [main/DEBUG] [mixin/]: tombstone.mixins.json:ItemStackExtensionMixin from mod tombstone->@Inject::methodIsPrimaryItemFor(Lnet/minecraft/core/Holder;Lorg/spongepowered/asm/mixin/injection/callback/CallbackInfoReturnable;)V does use it's CallbackInfoReturnable
[21Sep2026 02:49:15.635] [main/DEBUG] [mixin/]: tombstone.mixins.json:ItemStackExtensionMixin from mod tombstone->@Inject::methodSupportsEnchantment(Lnet/minecraft/core/Holder;Lorg/spongepowered/asm/mixin/injection/callback/CallbackInfoReturnable;)V does use it's CallbackInfoReturnable
[21Sep2026 02:49:15.640] [main/DEBUG] [mixin/]: Mixing ServerPlayerMixin from shogi.mixins.json into net.minecraft.server.level.ServerPlayer
[21Sep2026 02:49:15.640] [main/DEBUG] [mixin/]: shogi.mixins.json:ServerPlayerMixin from mod shogi: Class version 69 required is higher than the class version supported by the current version of Mixin (JAVA_17 supports class version 61)
[21Sep2026 02:49:15.641] [main/DEBUG] [mixin/]: Mixing MixinServerPlayer from glitchcore.neoforge.mixins.json into net.minecraft.server.level.ServerPlayer
[21Sep2026 02:49:15.641] [main/DEBUG] [mixin/]: glitchcore.neoforge.mixins.json:MixinServerPlayer from mod glitchcore: Class version 69 required is higher than the class version supported by the current version of Mixin (JAVA_17 supports class version 61)
[21Sep2026 02:49:15.641] [main/DEBUG] [mixin/]: Mixing ServerPlayerMixin from playerrevive.mixins.json into net.minecraft.server.level.ServerPlayer
[21Sep2026 02:49:15.642] [main/DEBUG] [mixin/]: playerrevive.mixins.json:ServerPlayerMixin from mod playerrevive: Class version 69 required is higher than the class version supported by the current version of Mixin (JAVA_17 supports class version 61)
[21Sep2026 02:49:15.642] [main/DEBUG] [mixin/]: Mixing ServerPlayerMixin from collective_neoforge.mixins.json into net.minecraft.server.level.ServerPlayer
[21Sep2026 02:49:15.643] [main/DEBUG] [mixin/]: Mixing ServerPlayerMixin from tombstone.mixins.json into net.minecraft.server.level.ServerPlayer
[21Sep2026 02:49:15.643] [main/DEBUG] [mixin/]: tombstone.mixins.json:ServerPlayerMixin from mod tombstone: Class version 69 required is higher than the class version supported by the current version of Mixin (JAVA_21 supports class version 65)
[21Sep2026 02:49:15.647] [main/DEBUG] [mixin/]: shogi.mixins.json:ServerPlayerMixin from mod shogi->@Inject::shogi$readAdditionalSaveData(Lnet/minecraft/world/level/storage/ValueInput;Lorg/spongepowered/asm/mixin/injection/callback/CallbackInfo;)V doesn't use it's CallbackInfo
[21Sep2026 02:49:15.647] [main/DEBUG] [mixin/]: shogi.mixins.json:ServerPlayerMixin from mod shogi->@Inject::shogi$readAdditionalSaveData(Lnet/minecraft/world/level/storage/ValueInput;Lorg/spongepowered/asm/mixin/injection/callback/CallbackInfo;)V has 0 override(s) in child classes
[21Sep2026 02:49:15.647] [main/DEBUG] [mixin/]: shogi.mixins.json:ServerPlayerMixin from mod shogi->@Inject::shogi$readAdditionalSaveData(Lnet/minecraft/world/level/storage/ValueInput;Lorg/spongepowered/asm/mixin/injection/callback/CallbackInfo;)V won't be passed a CallbackInfo as a result
[21Sep2026 02:49:15.647] [main/DEBUG] [mixin/]: shogi.mixins.json:ServerPlayerMixin from mod shogi->@Inject::shogi$addAdditionalSaveData(Lnet/minecraft/world/level/storage/ValueOutput;Lorg/spongepowered/asm/mixin/injection/callback/CallbackInfo;)V doesn't use it's CallbackInfo
[21Sep2026 02:49:15.647] [main/DEBUG] [mixin/]: shogi.mixins.json:ServerPlayerMixin from mod shogi->@Inject::shogi$addAdditionalSaveData(Lnet/minecraft/world/level/storage/ValueOutput;Lorg/spongepowered/asm/mixin/injection/callback/CallbackInfo;)V has 0 override(s) in child classes
[21Sep2026 02:49:15.647] [main/DEBUG] [mixin/]: shogi.mixins.json:ServerPlayerMixin from mod shogi->@Inject::shogi$addAdditionalSaveData(Lnet/minecraft/world/level/storage/ValueOutput;Lorg/spongepowered/asm/mixin/injection/callback/CallbackInfo;)V won't be passed a CallbackInfo as a result
[21Sep2026 02:49:15.647] [main/DEBUG] [mixin/]: shogi.mixins.json:ServerPlayerMixin from mod shogi->@Inject::shogi$restoreFrom(Lnet/minecraft/server/level/ServerPlayer;ZLorg/spongepowered/asm/mixin/injection/callback/CallbackInfo;)V doesn't use it's CallbackInfo
[21Sep2026 02:49:15.647] [main/DEBUG] [mixin/]: shogi.mixins.json:ServerPlayerMixin from mod shogi->@Inject::shogi$restoreFrom(Lnet/minecraft/server/level/ServerPlayer;ZLorg/spongepowered/asm/mixin/injection/callback/CallbackInfo;)V has 0 override(s) in child classes
[21Sep2026 02:49:15.647] [main/DEBUG] [mixin/]: shogi.mixins.json:ServerPlayerMixin from mod shogi->@Inject::shogi$restoreFrom(Lnet/minecraft/server/level/ServerPlayer;ZLorg/spongepowered/asm/mixin/injection/callback/CallbackInfo;)V won't be passed a CallbackInfo as a result
[21Sep2026 02:49:15.647] [main/DEBUG] [mixin/]: shogi.mixins.json:ServerPlayerMixin from mod shogi->@Inject::shogi$tick(Lorg/spongepowered/asm/mixin/injection/callback/CallbackInfo;)V doesn't use it's CallbackInfo
[21Sep2026 02:49:15.648] [main/DEBUG] [mixin/]: shogi.mixins.json:ServerPlayerMixin from mod shogi->@Inject::shogi$tick(Lorg/spongepowered/asm/mixin/injection/callback/CallbackInfo;)V has 0 override(s) in child classes
[21Sep2026 02:49:15.648] [main/DEBUG] [mixin/]: shogi.mixins.json:ServerPlayerMixin from mod shogi->@Inject::shogi$tick(Lorg/spongepowered/asm/mixin/injection/callback/CallbackInfo;)V won't be passed a CallbackInfo as a result
[21Sep2026 02:49:15.648] [main/DEBUG] [mixin/]: glitchcore.neoforge.mixins.json:MixinServerPlayer from mod glitchcore->@Inject::onTeleport(Lnet/minecraft/world/level/portal/TeleportTransition;Lorg/spongepowered/asm/mixin/injection/callback/CallbackInfoReturnable;)V doesn't use it's CallbackInfoReturnable
[21Sep2026 02:49:15.648] [main/DEBUG] [mixin/]: glitchcore.neoforge.mixins.json:MixinServerPlayer from mod glitchcore->@Inject::onTeleport(Lnet/minecraft/world/level/portal/TeleportTransition;Lorg/spongepowered/asm/mixin/injection/callback/CallbackInfoReturnable;)V has 0 override(s) in child classes
[21Sep2026 02:49:15.648] [main/DEBUG] [mixin/]: glitchcore.neoforge.mixins.json:MixinServerPlayer from mod glitchcore->@Inject::onTeleport(Lnet/minecraft/world/level/portal/TeleportTransition;Lorg/spongepowered/asm/mixin/injection/callback/CallbackInfoReturnable;)V won't be passed a CallbackInfoReturnable as a result
[21Sep2026 02:49:15.648] [main/DEBUG] [mixin/]: playerrevive.mixins.json:ServerPlayerMixin from mod playerrevive->@Inject::getPermissionLevel(Lorg/spongepowered/asm/mixin/injection/callback/CallbackInfoReturnable;)V does use it's CallbackInfoReturnable
[21Sep2026 02:49:15.648] [main/DEBUG] [mixin/]: collective_neoforge.mixins.json:ServerPlayerMixin from mod collective->@Inject::ServerPlayer_restoreFrom(Lnet/minecraft/server/level/ServerPlayer;ZLorg/spongepowered/asm/mixin/injection/callback/CallbackInfo;)V doesn't use it's CallbackInfo
[21Sep2026 02:49:15.648] [main/DEBUG] [mixin/]: collective_neoforge.mixins.json:ServerPlayerMixin from mod collective->@Inject::ServerPlayer_restoreFrom(Lnet/minecraft/server/level/ServerPlayer;ZLorg/spongepowered/asm/mixin/injection/callback/CallbackInfo;)V has 0 override(s) in child classes
[21Sep2026 02:49:15.648] [main/DEBUG] [mixin/]: collective_neoforge.mixins.json:ServerPlayerMixin from mod collective->@Inject::ServerPlayer_restoreFrom(Lnet/minecraft/server/level/ServerPlayer;ZLorg/spongepowered/asm/mixin/injection/callback/CallbackInfo;)V won't be passed a CallbackInfo as a result
[21Sep2026 02:49:15.648] [main/DEBUG] [mixin/]: tombstone.mixins.json:ServerPlayerMixin from mod tombstone->@Inject::methodMayInteract(Lnet/minecraft/server/level/ServerLevel;Lnet/minecraft/core/BlockPos;Lorg/spongepowered/asm/mixin/injection/callback/CallbackInfoReturnable;)V does use it's CallbackInfoReturnable
[21Sep2026 02:49:15.649] [main/DEBUG] [mixin/]: tombstone.mixins.json:ServerPlayerMixin from mod tombstone->@Inject::methodGiveExperiencePoints(ILorg/spongepowered/asm/mixin/injection/callback/CallbackInfo;)V does use it's CallbackInfo
[21Sep2026 02:49:16.318] [main/DEBUG] [mixin/]: Mixing ItemMixin from tombstone.mixins.json into net.minecraft.world.item.Item
[21Sep2026 02:49:16.318] [main/DEBUG] [mixin/]: tombstone.mixins.json:ItemMixin from mod tombstone: Class version 69 required is higher than the class version supported by the current version of Mixin (JAVA_21 supports class version 65)
[21Sep2026 02:49:16.319] [main/DEBUG] [mixin/]: tombstone.mixins.json:ItemMixin from mod tombstone->@Inject::methodGetItemDamageSource(Lnet/minecraft/world/entity/LivingEntity;Lorg/spongepowered/asm/mixin/injection/callback/CallbackInfoReturnable;)V does use it's CallbackInfoReturnable
[21Sep2026 02:49:16.654] [main/DEBUG] [mixin/]: Mixing PotionContentsMixin from tombstone.mixins.json into net.minecraft.world.item.alchemy.PotionContents
[21Sep2026 02:49:16.654] [main/DEBUG] [mixin/]: tombstone.mixins.json:PotionContentsMixin from mod tombstone: Class version 69 required is higher than the class version supported by the current version of Mixin (JAVA_21 supports class version 65)
[21Sep2026 02:49:16.654] [main/DEBUG] [mixin/]: Renaming synthetic method lambda$methodAddToTooltip$0(Ljava/util/function/Consumer;Lnet/minecraft/core/component/DataComponentGetter;Lnet/minecraft/world/item/Item$TooltipContext;Lorg/spongepowered/asm/mixin/injection/callback/CallbackInfo;Lnet/minecraft/world/entity/player/Player;)V to mdfaf31e$tombstone$lambda$methodAddToTooltip$0$0 in tombstone.mixins.json:PotionContentsMixin from mod tombstone
[21Sep2026 02:49:16.655] [main/DEBUG] [mixin/]: Renaming synthetic method lambda$methodOnConsume$0(Lnet/minecraft/server/level/ServerLevel;Lnet/minecraft/server/level/ServerPlayer;Lnet/minecraft/world/entity/LivingEntity;FLnet/minecraft/world/effect/MobEffectInstance;)V to mdfaf31e$tombstone$lambda$methodOnConsume$0$1 in tombstone.mixins.json:PotionContentsMixin from mod tombstone
[21Sep2026 02:49:16.655] [main/DEBUG] [mixin/]: Renaming synthetic method lambda$methodOnConsume$1(FLnet/minecraft/world/effect/MobEffectInstance;)Ljava/lang/Integer; to mdfaf31e$tombstone$lambda$methodOnConsume$1$2 in tombstone.mixins.json:PotionContentsMixin from mod tombstone
[21Sep2026 02:49:16.657] [main/DEBUG] [mixin/]: tombstone.mixins.json:PotionContentsMixin from mod tombstone->@Inject::methodOnConsume(Lnet/minecraft/world/level/Level;Lnet/minecraft/world/entity/LivingEntity;Lnet/minecraft/world/item/ItemStack;Lnet/minecraft/world/item/component/Consumable;Lorg/spongepowered/asm/mixin/injection/callback/CallbackInfo;)V does use it's CallbackInfo
[21Sep2026 02:49:16.657] [main/DEBUG] [mixin/]: tombstone.mixins.json:PotionContentsMixin from mod tombstone->@Inject::methodAddToTooltip(Lnet/minecraft/world/item/Item$TooltipContext;Ljava/util/function/Consumer;Lnet/minecraft/world/item/TooltipFlag;Lnet/minecraft/core/component/DataComponentGetter;Lorg/spongepowered/asm/mixin/injection/callback/CallbackInfo;)V does use it's CallbackInfo
[21Sep2026 02:49:16.702] [main/DEBUG] [mixin/]: Mixing LevelChunkMixin from tombstone.mixins.json into net.minecraft.world.level.chunk.LevelChunk
[21Sep2026 02:49:16.704] [main/DEBUG] [mixin/]: tombstone.mixins.json:LevelChunkMixin from mod tombstone: Class version 69 required is higher than the class version supported by the current version of Mixin (JAVA_21 supports class version 65)
[21Sep2026 02:49:16.704] [main/DEBUG] [mixin/]: Renaming synthetic method lambda$methodSetBlockState$0(Lnet/minecraft/world/level/Level;Lnet/minecraft/core/BlockPos;Lnet/minecraft/world/level/block/state/BlockState;Lnet/minecraft/world/level/block/state/BlockState;Lnet/minecraft/world/level/block/entity/BlockEntity;)V to mdfaf31e$tombstone$lambda$methodSetBlockState$0$0 in tombstone.mixins.json:LevelChunkMixin from mod tombstone
[21Sep2026 02:49:16.704] [main/DEBUG] [mixin/]: Renaming synthetic method lambda$methodSetBlockState$1(Lnet/minecraft/world/level/Level;Lnet/minecraft/core/BlockPos;Lnet/minecraft/world/level/block/state/BlockState;Lnet/minecraft/nbt/CompoundTag;Lnet/minecraft/world/level/block/state/BlockState;)V to mdfaf31e$tombstone$lambda$methodSetBlockState$1$1 in tombstone.mixins.json:LevelChunkMixin from mod tombstone
[21Sep2026 02:49:16.704] [main/DEBUG] [mixin/]: Renaming synthetic method lambda$methodSetBlockState$2(Lnet/minecraft/nbt/CompoundTag;Lnet/minecraft/world/level/Level;Lnet/minecraft/core/BlockPos;Lnet/minecraft/world/level/block/state/BlockState;Lnet/minecraft/world/level/block/state/BlockState;Lnet/minecraft/world/level/block/entity/BlockEntity;)V to mdfaf31e$tombstone$lambda$methodSetBlockState$2$2 in tombstone.mixins.json:LevelChunkMixin from mod tombstone
[21Sep2026 02:49:16.706] [main/DEBUG] [mixin/]: tombstone.mixins.json:LevelChunkMixin from mod tombstone->@Inject::methodSetBlockState(Lnet/minecraft/core/BlockPos;Lnet/minecraft/world/level/block/state/BlockState;ILorg/spongepowered/asm/mixin/injection/callback/CallbackInfoReturnable;)V doesn't use it's CallbackInfoReturnable
[21Sep2026 02:49:16.706] [main/DEBUG] [mixin/]: tombstone.mixins.json:LevelChunkMixin from mod tombstone->@Inject::methodSetBlockState(Lnet/minecraft/core/BlockPos;Lnet/minecraft/world/level/block/state/BlockState;ILorg/spongepowered/asm/mixin/injection/callback/CallbackInfoReturnable;)V has 0 override(s) in child classes
[21Sep2026 02:49:16.706] [main/DEBUG] [mixin/]: tombstone.mixins.json:LevelChunkMixin from mod tombstone->@Inject::methodSetBlockState(Lnet/minecraft/core/BlockPos;Lnet/minecraft/world/level/block/state/BlockState;ILorg/spongepowered/asm/mixin/injection/callback/CallbackInfoReturnable;)V won't be passed a CallbackInfoReturnable as a result
[21Sep2026 02:49:16.762] [main/DEBUG] [mixin/]: Mixing resources.LootContextAccessor from repurposed_structures-common.mixins.json into net.minecraft.world.level.storage.loot.LootContext
[21Sep2026 02:49:16.959] [main/DEBUG] [mixin/]: Mixing DimensionStorageFileFixMixin from waystones.mixins.json into net.minecraft.util.filefix.fixes.DimensionStorageFileFix
[21Sep2026 02:49:16.960] [main/DEBUG] [mixin/]: waystones.mixins.json:DimensionStorageFileFixMixin from mod waystones: Class version 69 required is higher than the class version supported by the current version of Mixin (JAVA_17 supports class version 61)
[21Sep2026 02:49:16.961] [main/DEBUG] [mixin/]: waystones.mixins.json:DimensionStorageFileFixMixin from mod waystones->@Inject::makeFixer(Lorg/spongepowered/asm/mixin/injection/callback/CallbackInfo;)V doesn't use it's CallbackInfo
[21Sep2026 02:49:16.961] [main/DEBUG] [mixin/]: waystones.mixins.json:DimensionStorageFileFixMixin from mod waystones->@Inject::makeFixer(Lorg/spongepowered/asm/mixin/injection/callback/CallbackInfo;)V has 0 override(s) in child classes
[21Sep2026 02:49:16.961] [main/DEBUG] [mixin/]: waystones.mixins.json:DimensionStorageFileFixMixin from mod waystones->@Inject::makeFixer(Lorg/spongepowered/asm/mixin/injection/callback/CallbackInfo;)V won't be passed a CallbackInfo as a result
[21Sep2026 02:49:17.478] [main/DEBUG] [mixin/]: Mixing entities.BlockAttachedEntityMixin from repurposed_structures-common.mixins.json into net.minecraft.world.entity.decoration.BlockAttachedEntity
[21Sep2026 02:49:17.600] [main/DEBUG] [mixin/]: Mixing accessor.VillagerAccessor from tombstone.mixins.json into net.minecraft.world.entity.npc.villager.Villager
[21Sep2026 02:49:17.602] [main/DEBUG] [mixin/]: tombstone.mixins.json:accessor.VillagerAccessor from mod tombstone: Class version 69 required is higher than the class version supported by the current version of Mixin (JAVA_21 supports class version 65)
[21Sep2026 02:49:17.744] [main/DEBUG] [mixin/]: Mixing CombatTrackerAccessor from playerrevive.mixins.json into net.minecraft.world.damagesource.CombatTracker
[21Sep2026 02:49:17.744] [main/DEBUG] [mixin/]: playerrevive.mixins.json:CombatTrackerAccessor from mod playerrevive: Class version 69 required is higher than the class version supported by the current version of Mixin (JAVA_17 supports class version 61)
[21Sep2026 02:49:17.750] [main/DEBUG] [mixin/]: Mixing BrainMixin from tombstone.mixins.json into net.minecraft.world.entity.ai.Brain
[21Sep2026 02:49:17.750] [main/DEBUG] [mixin/]: tombstone.mixins.json:BrainMixin from mod tombstone: Class version 69 required is higher than the class version supported by the current version of Mixin (JAVA_21 supports class version 65)
[21Sep2026 02:49:17.751] [main/DEBUG] [mixin/]: tombstone.mixins.json:BrainMixin from mod tombstone->@Inject::methodTick(Lnet/minecraft/server/level/ServerLevel;Lnet/minecraft/world/entity/LivingEntity;Lorg/spongepowered/asm/mixin/injection/callback/CallbackInfo;)V does use it's CallbackInfo
[21Sep2026 02:49:17.807] [main/DEBUG] [mixin/]: Mixing entities.ShulkerEntityInvoker from repurposed_structures-common.mixins.json into net.minecraft.world.entity.monster.Shulker
[21Sep2026 02:49:17.826] [main/DEBUG] [mixin/]: Mixing BaseSpawnerMixin from collective_neoforge.mixins.json into net.minecraft.world.level.BaseSpawner
[21Sep2026 02:49:17.828] [main/DEBUG] [mixin/]: collective_neoforge.mixins.json:BaseSpawnerMixin from mod collective->@Inject::BaseSpawner_serverTick(Lnet/minecraft/server/level/ServerLevel;Lnet/minecraft/core/BlockPos;Lorg/spongepowered/asm/mixin/injection/callback/CallbackInfo;ZLnet/minecraft/util/RandomSource;Lnet/minecraft/world/level/SpawnData;ILnet/minecraft/util/ProblemReporter$ScopedCollector;Lnet/minecraft/world/level/storage/ValueInput;Ljava/util/Optional;Lnet/minecraft/world/phys/Vec3;Lnet/minecraft/core/BlockPos;Lnet/minecraft/world/entity/Entity;)V doesn't use it's CallbackInfo
[21Sep2026 02:49:17.828] [main/DEBUG] [mixin/]: collective_neoforge.mixins.json:BaseSpawnerMixin from mod collective->@Inject::BaseSpawner_serverTick(Lnet/minecraft/server/level/ServerLevel;Lnet/minecraft/core/BlockPos;Lorg/spongepowered/asm/mixin/injection/callback/CallbackInfo;ZLnet/minecraft/util/RandomSource;Lnet/minecraft/world/level/SpawnData;ILnet/minecraft/util/ProblemReporter$ScopedCollector;Lnet/minecraft/world/level/storage/ValueInput;Ljava/util/Optional;Lnet/minecraft/world/phys/Vec3;Lnet/minecraft/core/BlockPos;Lnet/minecraft/world/entity/Entity;)V has 0 override(s) in child classes
[21Sep2026 02:49:17.828] [main/DEBUG] [mixin/]: collective_neoforge.mixins.json:BaseSpawnerMixin from mod collective->@Inject::BaseSpawner_serverTick(Lnet/minecraft/server/level/ServerLevel;Lnet/minecraft/core/BlockPos;Lorg/spongepowered/asm/mixin/injection/callback/CallbackInfo;ZLnet/minecraft/util/RandomSource;Lnet/minecraft/world/level/SpawnData;ILnet/minecraft/util/ProblemReporter$ScopedCollector;Lnet/minecraft/world/level/storage/ValueInput;Ljava/util/Optional;Lnet/minecraft/world/phys/Vec3;Lnet/minecraft/core/BlockPos;Lnet/minecraft/world/entity/Entity;)V won't be passed a CallbackInfo as a result
[21Sep2026 02:49:17.958] [main/DEBUG] [mixin/]: Mixing BoneMealItemMixin from collective_neoforge.mixins.json into net.minecraft.world.item.BoneMealItem
[21Sep2026 02:49:17.960] [main/DEBUG] [mixin/]: collective_neoforge.mixins.json:BoneMealItemMixin from mod collective->@Inject::BoneMealItem_useOn(Lnet/minecraft/world/item/context/UseOnContext;Lorg/spongepowered/asm/mixin/injection/callback/CallbackInfoReturnable;)V does use it's CallbackInfoReturnable
[21Sep2026 02:49:17.960] [main/DEBUG] [mixin/]: collective_neoforge.mixins.json:BoneMealItemMixin from mod collective->@Inject::growCrop(Lnet/minecraft/world/item/ItemStack;Lnet/minecraft/world/level/Level;Lnet/minecraft/core/BlockPos;Lorg/spongepowered/asm/mixin/injection/callback/CallbackInfoReturnable;)V doesn't use it's CallbackInfoReturnable
[21Sep2026 02:49:17.987] [main/DEBUG] [mixin/]: Mixing TippedArrowItemMixin from tombstone.mixins.json into net.minecraft.world.item.TippedArrowItem
[21Sep2026 02:49:17.988] [main/DEBUG] [mixin/]: tombstone.mixins.json:TippedArrowItemMixin from mod tombstone: Class version 69 required is higher than the class version supported by the current version of Mixin (JAVA_21 supports class version 65)
[21Sep2026 02:49:17.989] [main/DEBUG] [mixin/]: tombstone.mixins.json:TippedArrowItemMixin from mod tombstone->@Inject::methodGetName(Lnet/minecraft/world/item/ItemStack;Lorg/spongepowered/asm/mixin/injection/callback/CallbackInfoReturnable;)V does use it's CallbackInfoReturnable
[21Sep2026 02:49:18.577] [main/DEBUG] [mixin/]: Mixing ServerScoreboardMixin from waystones.mixins.json into net.minecraft.server.ServerScoreboard
[21Sep2026 02:49:18.578] [main/DEBUG] [mixin/]: waystones.mixins.json:ServerScoreboardMixin from mod waystones: Class version 69 required is higher than the class version supported by the current version of Mixin (JAVA_17 supports class version 61)
[21Sep2026 02:49:18.579] [main/DEBUG] [mixin/]: waystones.mixins.json:ServerScoreboardMixin from mod waystones->@Inject::addPlayerToTeam(Ljava/lang/String;Lnet/minecraft/world/scores/PlayerTeam;Lorg/spongepowered/asm/mixin/injection/callback/CallbackInfoReturnable;)V does use it's CallbackInfoReturnable
[21Sep2026 02:49:18.580] [main/DEBUG] [mixin/]: waystones.mixins.json:ServerScoreboardMixin from mod waystones->@Inject::addPlayerToTeam(Ljava/lang/String;Lnet/minecraft/world/scores/PlayerTeam;Lorg/spongepowered/asm/mixin/injection/callback/CallbackInfoReturnable;)V does use it's CallbackInfoReturnable
[21Sep2026 02:49:18.580] [main/DEBUG] [mixin/]: waystones.mixins.json:ServerScoreboardMixin from mod waystones->@Inject::removePlayerFromTeam(Ljava/lang/String;Lnet/minecraft/world/scores/PlayerTeam;Lorg/spongepowered/asm/mixin/injection/callback/CallbackInfo;)V doesn't use it's CallbackInfo
[21Sep2026 02:49:18.580] [main/DEBUG] [mixin/]: waystones.mixins.json:ServerScoreboardMixin from mod waystones->@Inject::removePlayerFromTeam(Ljava/lang/String;Lnet/minecraft/world/scores/PlayerTeam;Lorg/spongepowered/asm/mixin/injection/callback/CallbackInfo;)V has 0 override(s) in child classes
[21Sep2026 02:49:18.580] [main/DEBUG] [mixin/]: waystones.mixins.json:ServerScoreboardMixin from mod waystones->@Inject::removePlayerFromTeam(Ljava/lang/String;Lnet/minecraft/world/scores/PlayerTeam;Lorg/spongepowered/asm/mixin/injection/callback/CallbackInfo;)V won't be passed a CallbackInfo as a result
[21Sep2026 02:49:18.704] [main/DEBUG] [mixin/]: Mixing SlotAccessor from balm.api.mixins.json into net.minecraft.world.inventory.Slot
[21Sep2026 02:49:18.704] [main/DEBUG] [mixin/]: balm.api.mixins.json:SlotAccessor from mod balm: Class version 69 required is higher than the class version supported by the current version of Mixin (JAVA_17 supports class version 61)
[21Sep2026 02:49:19.214] [main/DEBUG] [mixin/]: Mixing features.LessJungleBushInStructuresMixin from repurposed_structures-common.mixins.json into net.minecraft.world.level.levelgen.feature.TreeFeature
[21Sep2026 02:49:19.215] [main/DEBUG] [mixin/]: Renaming synthetic method lambda$repurposedstructures_lessJungleBushInStructures$0(Lnet/minecraft/core/Registry;Lnet/minecraft/world/level/levelgen/structure/Structure;)Z to mdfaf31e$repurposed_structures$lambda$repurposedstructures_lessJungleBushInStructures$0$0 in repurposed_structures-common.mixins.json:features.LessJungleBushInStructuresMixin from mod repurposed_structures
[21Sep2026 02:49:19.217] [main/DEBUG] [mixin/]: repurposed_structures-common.mixins.json:features.LessJungleBushInStructuresMixin from mod repurposed_structures->@Inject::repurposedstructures_lessJungleBushInStructures(Lnet/minecraft/world/level/levelgen/feature/FeaturePlaceContext;Lorg/spongepowered/asm/mixin/injection/callback/CallbackInfoReturnable;)V does use it's CallbackInfoReturnable
[21Sep2026 02:49:19.219] [main/DEBUG] [mixin/]: Mixing features.NoFallsInStructuresMixin from repurposed_structures-common.mixins.json into net.minecraft.world.level.levelgen.feature.SpringFeature
[21Sep2026 02:49:19.219] [main/DEBUG] [mixin/]: Renaming synthetic method lambda$repurposedstructures_noLavaInStructures$1(Lnet/minecraft/core/Registry;Lnet/minecraft/world/level/levelgen/structure/Structure;)Z to mdfaf31e$repurposed_structures$lambda$repurposedstructures_noLavaInStructures$1$0 in repurposed_structures-common.mixins.json:features.NoFallsInStructuresMixin from mod repurposed_structures
[21Sep2026 02:49:19.219] [main/DEBUG] [mixin/]: Renaming synthetic method lambda$repurposedstructures_noLavaInStructures$0(Lnet/minecraft/core/Registry;Lnet/minecraft/world/level/levelgen/structure/Structure;)Z to mdfaf31e$repurposed_structures$lambda$repurposedstructures_noLavaInStructures$0$1 in repurposed_structures-common.mixins.json:features.NoFallsInStructuresMixin from mod repurposed_structures
[21Sep2026 02:49:19.220] [main/DEBUG] [mixin/]: repurposed_structures-common.mixins.json:features.NoFallsInStructuresMixin from mod repurposed_structures->@Inject::repurposedstructures_noLavaInStructures(Lnet/minecraft/world/level/levelgen/feature/FeaturePlaceContext;Lorg/spongepowered/asm/mixin/injection/callback/CallbackInfoReturnable;)V does use it's CallbackInfoReturnable
[21Sep2026 02:49:19.224] [main/DEBUG] [mixin/]: Mixing features.SmarterSnowPlacingInStructuresMixin from repurposed_structures-common.mixins.json into net.minecraft.world.level.levelgen.feature.SnowAndFreezeFeature
[21Sep2026 02:49:19.224] [main/DEBUG] [mixin/]: Renaming synthetic method lambda$repurposedstructures_smarterSnowPlacingInStructures$0(Lnet/minecraft/core/Registry;Lnet/minecraft/world/level/levelgen/structure/Structure;)Z to mdfaf31e$repurposed_structures$lambda$repurposedstructures_smarterSnowPlacingInStructures$0$0 in repurposed_structures-common.mixins.json:features.SmarterSnowPlacingInStructuresMixin from mod repurposed_structures
[21Sep2026 02:49:19.226] [main/DEBUG] [mixin/]: Mixing features.NoVinesInStructuresMixin from repurposed_structures-common.mixins.json into net.minecraft.world.level.levelgen.feature.VinesFeature
[21Sep2026 02:49:19.226] [main/DEBUG] [mixin/]: Renaming synthetic method lambda$repurposedstructures_noLavaInStructures$0(Lnet/minecraft/core/Registry;Lnet/minecraft/world/level/levelgen/structure/Structure;)Z to mdfaf31e$repurposed_structures$lambda$repurposedstructures_noLavaInStructures$0$0 in repurposed_structures-common.mixins.json:features.NoVinesInStructuresMixin from mod repurposed_structures
[21Sep2026 02:49:19.226] [main/DEBUG] [mixin/]: repurposed_structures-common.mixins.json:features.NoVinesInStructuresMixin from mod repurposed_structures->@Inject::repurposedstructures_noLavaInStructures(Lnet/minecraft/world/level/levelgen/feature/FeaturePlaceContext;Lorg/spongepowered/asm/mixin/injection/callback/CallbackInfoReturnable;)V does use it's CallbackInfoReturnable
[21Sep2026 02:49:19.229] [main/DEBUG] [mixin/]: Mixing features.DungeonFeatureAccessor from repurposed_structures-common.mixins.json into net.minecraft.world.level.levelgen.feature.MonsterRoomFeature
[21Sep2026 02:49:19.229] [main/DEBUG] [mixin/]: Renaming @Accessor method repurposedstructures$getMOBS()[Lnet/minecraft/world/entity/EntityType; to repurposedstructures$getMOBS$repurposed_structures_$md$faf31e$0 in repurposed_structures-common.mixins.json:features.DungeonFeatureAccessor from mod repurposed_structures
[21Sep2026 02:49:19.232] [main/DEBUG] [mixin/]: Mixing features.NoLakesInStructuresMixin from repurposed_structures-common.mixins.json into net.minecraft.world.level.levelgen.feature.LakeFeature
[21Sep2026 02:49:19.232] [main/DEBUG] [mixin/]: Renaming synthetic method lambda$repurposedstructures_noLakesInStructures$0(Lnet/minecraft/core/Registry;Lnet/minecraft/world/level/levelgen/structure/Structure;)Z to mdfaf31e$repurposed_structures$lambda$repurposedstructures_noLakesInStructures$0$0 in repurposed_structures-common.mixins.json:features.NoLakesInStructuresMixin from mod repurposed_structures
[21Sep2026 02:49:19.233] [main/DEBUG] [mixin/]: repurposed_structures-common.mixins.json:features.NoLakesInStructuresMixin from mod repurposed_structures->@Inject::repurposedstructures_noLakesInStructures(Lnet/minecraft/world/level/levelgen/feature/FeaturePlaceContext;Lorg/spongepowered/asm/mixin/injection/callback/CallbackInfoReturnable;)V does use it's CallbackInfoReturnable
[21Sep2026 02:49:19.241] [main/DEBUG] [mixin/]: Mixing features.LessBambooInStructuresMixin from repurposed_structures-common.mixins.json into net.minecraft.world.level.levelgen.feature.BambooFeature
[21Sep2026 02:49:19.242] [main/DEBUG] [mixin/]: Renaming synthetic method lambda$repurposedstructures_lessBambooInStructures$0(Lnet/minecraft/core/Registry;Lnet/minecraft/world/level/levelgen/structure/Structure;)Z to mdfaf31e$repurposed_structures$lambda$repurposedstructures_lessBambooInStructures$0$0 in repurposed_structures-common.mixins.json:features.LessBambooInStructuresMixin from mod repurposed_structures
[21Sep2026 02:49:19.242] [main/DEBUG] [mixin/]: Mixing features.FixBambooPlacementMixin from repurposed_structures-common.mixins.json into net.minecraft.world.level.levelgen.feature.BambooFeature
[21Sep2026 02:49:19.258] [main/DEBUG] [mixin/]: repurposed_structures-common.mixins.json:features.LessBambooInStructuresMixin from mod repurposed_structures->@Inject::repurposedstructures_lessBambooInStructures(Lnet/minecraft/world/level/levelgen/feature/FeaturePlaceContext;Lorg/spongepowered/asm/mixin/injection/callback/CallbackInfoReturnable;)V does use it's CallbackInfoReturnable
[21Sep2026 02:49:19.260] [main/DEBUG] [mixin/]: repurposed_structures-common.mixins.json:features.FixBambooPlacementMixin from mod repurposed_structures->@Inject::repurposedstructures_fixBambooNonAirCheck(Lnet/minecraft/world/level/levelgen/feature/FeaturePlaceContext;Lorg/spongepowered/asm/mixin/injection/callback/CallbackInfoReturnable;)V doesn't use it's CallbackInfoReturnable
[21Sep2026 02:49:19.261] [main/DEBUG] [mixin/]: repurposed_structures-common.mixins.json:features.FixBambooPlacementMixin from mod repurposed_structures->@Inject::repurposedstructures_fixBambooNonAirCheck(Lnet/minecraft/world/level/levelgen/feature/FeaturePlaceContext;Lorg/spongepowered/asm/mixin/injection/callback/CallbackInfoReturnable;)V has 0 override(s) in child classes
[21Sep2026 02:49:19.261] [main/DEBUG] [mixin/]: repurposed_structures-common.mixins.json:features.FixBambooPlacementMixin from mod repurposed_structures->@Inject::repurposedstructures_fixBambooNonAirCheck(Lnet/minecraft/world/level/levelgen/feature/FeaturePlaceContext;Lorg/spongepowered/asm/mixin/injection/callback/CallbackInfoReturnable;)V won't be passed a CallbackInfoReturnable as a result
[21Sep2026 02:49:19.265] [main/DEBUG] [mixin/]: Mixing features.NoBasaltColumnsInStructuresMixin from repurposed_structures-common.mixins.json into net.minecraft.world.level.levelgen.feature.BasaltColumnsFeature
[21Sep2026 02:49:19.265] [main/DEBUG] [mixin/]: Renaming synthetic method lambda$repurposedstructures_noBasaltColumnsInStructures2$0(Lnet/minecraft/core/Registry;Lnet/minecraft/world/level/levelgen/structure/Structure;)Z to mdfaf31e$repurposed_structures$lambda$repurposedstructures_noBasaltColumnsInStructures2$0$0 in repurposed_structures-common.mixins.json:features.NoBasaltColumnsInStructuresMixin from mod repurposed_structures
[21Sep2026 02:49:19.265] [main/DEBUG] [mixin/]: Renaming synthetic method lambda$repurposedstructures_noBasaltColumnsInStructures1$0(Lnet/minecraft/core/Registry;Lnet/minecraft/world/level/levelgen/structure/Structure;)Z to mdfaf31e$repurposed_structures$lambda$repurposedstructures_noBasaltColumnsInStructures1$0$1 in repurposed_structures-common.mixins.json:features.NoBasaltColumnsInStructuresMixin from mod repurposed_structures
[21Sep2026 02:49:19.268] [main/DEBUG] [mixin/]: Mixing features.NoDeltasInStructuresMixin from repurposed_structures-common.mixins.json into net.minecraft.world.level.levelgen.feature.DeltaFeature
[21Sep2026 02:49:19.268] [main/DEBUG] [mixin/]: Renaming synthetic method lambda$repurposedstructures_noDeltasInStructures$0(Lnet/minecraft/core/Registry;Lnet/minecraft/world/level/levelgen/structure/Structure;)Z to mdfaf31e$repurposed_structures$lambda$repurposedstructures_noDeltasInStructures$0$0 in repurposed_structures-common.mixins.json:features.NoDeltasInStructuresMixin from mod repurposed_structures
[21Sep2026 02:49:19.269] [main/DEBUG] [mixin/]: repurposed_structures-common.mixins.json:features.NoDeltasInStructuresMixin from mod repurposed_structures->@Inject::repurposedstructures_noDeltasInStructures(Lnet/minecraft/world/level/levelgen/feature/FeaturePlaceContext;Lorg/spongepowered/asm/mixin/injection/callback/CallbackInfoReturnable;)V does use it's CallbackInfoReturnable
[21Sep2026 02:49:19.274] [main/DEBUG] [mixin/]: Mixing features.NoGeodesInStructuresMixin from repurposed_structures-common.mixins.json into net.minecraft.world.level.levelgen.feature.GeodeFeature
[21Sep2026 02:49:19.274] [main/DEBUG] [mixin/]: Renaming synthetic method lambda$repurposedstructures_noGeodesInStructures$0(Lnet/minecraft/core/Registry;Lnet/minecraft/world/level/levelgen/structure/Structure;)Z to mdfaf31e$repurposed_structures$lambda$repurposedstructures_noGeodesInStructures$0$0 in repurposed_structures-common.mixins.json:features.NoGeodesInStructuresMixin from mod repurposed_structures
[21Sep2026 02:49:19.275] [main/DEBUG] [mixin/]: repurposed_structures-common.mixins.json:features.NoGeodesInStructuresMixin from mod repurposed_structures->@Inject::repurposedstructures_noGeodesInStructures(Lnet/minecraft/world/level/levelgen/feature/FeaturePlaceContext;Lorg/spongepowered/asm/mixin/injection/callback/CallbackInfoReturnable;)V does use it's CallbackInfoReturnable
[21Sep2026 02:49:19.357] [main/DEBUG] [mixin/]: Mixing structures.StructurePieceAccessor from repurposed_structures-common.mixins.json into net.minecraft.world.level.levelgen.structure.StructurePiece
[21Sep2026 02:49:19.395] [main/DEBUG] [mixin/]: Mixing structures.PoolElementStructurePieceAccessor from repurposed_structures-common.mixins.json into net.minecraft.world.level.levelgen.structure.PoolElementStructurePiece
[21Sep2026 02:49:19.415] [main/DEBUG] [mixin/]: Mixing structures.StructurePoolAccessor from repurposed_structures-common.mixins.json into net.minecraft.world.level.levelgen.structure.pools.StructureTemplatePool
[21Sep2026 02:49:19.415] [main/DEBUG] [mixin/]: Renaming @Accessor method repurposedstructures$getCODEC_REFERENCE()Lorg/apache/commons/lang3/mutable/MutableObject; to repurposedstructures$getCODEC_REFERENCE$repurposed_structures_$md$faf31e$0 in repurposed_structures-common.mixins.json:structures.StructurePoolAccessor from mod repurposed_structures
[21Sep2026 02:49:19.416] [main/DEBUG] [mixin/]: Mixing StructureTemplatePoolAccessor from waystones.mixins.json into net.minecraft.world.level.levelgen.structure.pools.StructureTemplatePool
[21Sep2026 02:49:19.416] [main/DEBUG] [mixin/]: waystones.mixins.json:StructureTemplatePoolAccessor from mod waystones: Class version 69 required is higher than the class version supported by the current version of Mixin (JAVA_17 supports class version 61)
[21Sep2026 02:49:19.416] [main/DEBUG] [mixin/]: Mixing structures.StructurePoolMixin from repurposed_structures-common.mixins.json into net.minecraft.world.level.levelgen.structure.pools.StructureTemplatePool
[21Sep2026 02:49:19.481] [main/DEBUG] [mixin/]: Mixing MixinBiomeSource from terrablender.mixins.json into net.minecraft.world.level.biome.BiomeSource
[21Sep2026 02:49:19.481] [main/DEBUG] [mixin/]: terrablender.mixins.json:MixinBiomeSource from mod terrablender: Class version 69 required is higher than the class version supported by the current version of Mixin (JAVA_17 supports class version 61)
[21Sep2026 02:49:19.481] [main/DEBUG] [mixin/]: Renaming synthetic method lambda$appendDeferredBiomesList$0(Ljava/util/List;)Ljava/util/Set; to mdfaf31e$terrablender$lambda$appendDeferredBiomesList$0$0 in terrablender.mixins.json:MixinBiomeSource from mod terrablender
[21Sep2026 02:49:19.506] [main/DEBUG] [mixin/]: Mixing MixinMultiNoiseBiomeSource from terrablender.mixins.json into net.minecraft.world.level.biome.MultiNoiseBiomeSource
[21Sep2026 02:49:19.506] [main/DEBUG] [mixin/]: terrablender.mixins.json:MixinMultiNoiseBiomeSource from mod terrablender: Class version 69 required is higher than the class version supported by the current version of Mixin (JAVA_17 supports class version 61)
[21Sep2026 02:49:19.507] [main/DEBUG] [mixin/]: Mixing MultiNoiseBiomeSourceAccess from terrablender.mixins.json into net.minecraft.world.level.biome.MultiNoiseBiomeSource
[21Sep2026 02:49:19.507] [main/DEBUG] [mixin/]: terrablender.mixins.json:MultiNoiseBiomeSourceAccess from mod terrablender: Class version 69 required is higher than the class version supported by the current version of Mixin (JAVA_17 supports class version 61)
[21Sep2026 02:49:19.508] [main/DEBUG] [mixin/]: terrablender.mixins.json:MixinMultiNoiseBiomeSource from mod terrablender->@Inject::getNoiseBiome(IIILnet/minecraft/world/level/biome/Climate$Sampler;Lorg/spongepowered/asm/mixin/injection/callback/CallbackInfoReturnable;)V does use it's CallbackInfoReturnable
[21Sep2026 02:49:19.508] [main/DEBUG] [mixin/]: terrablender.mixins.json:MixinMultiNoiseBiomeSource from mod terrablender->@Inject::addDebugInfo(Ljava/util/List;Lnet/minecraft/core/BlockPos;Lnet/minecraft/world/level/biome/Climate$Sampler;Lorg/spongepowered/asm/mixin/injection/callback/CallbackInfo;)V doesn't use it's CallbackInfo
[21Sep2026 02:49:19.508] [main/DEBUG] [mixin/]: terrablender.mixins.json:MixinMultiNoiseBiomeSource from mod terrablender->@Inject::addDebugInfo(Ljava/util/List;Lnet/minecraft/core/BlockPos;Lnet/minecraft/world/level/biome/Climate$Sampler;Lorg/spongepowered/asm/mixin/injection/callback/CallbackInfo;)V has 0 override(s) in child classes
[21Sep2026 02:49:19.508] [main/DEBUG] [mixin/]: terrablender.mixins.json:MixinMultiNoiseBiomeSource from mod terrablender->@Inject::addDebugInfo(Ljava/util/List;Lnet/minecraft/core/BlockPos;Lnet/minecraft/world/level/biome/Climate$Sampler;Lorg/spongepowered/asm/mixin/injection/callback/CallbackInfo;)V won't be passed a CallbackInfo as a result
[21Sep2026 02:49:19.511] [main/DEBUG] [mixin/]: Mixing MixinParameterList from terrablender.mixins.json into net.minecraft.world.level.biome.Climate$ParameterList
[21Sep2026 02:49:19.511] [main/DEBUG] [mixin/]: terrablender.mixins.json:MixinParameterList from mod terrablender: Class version 69 required is higher than the class version supported by the current version of Mixin (JAVA_17 supports class version 61)
[21Sep2026 02:49:19.512] [main/DEBUG] [mixin/]: Renaming synthetic method lambda$initializeForTerraBlender$1(Lnet/minecraft/core/Registry;Ljava/util/List;Lcom/mojang/datafixers/util/Pair;)V to mdfaf31e$terrablender$lambda$initializeForTerraBlender$1$0 in terrablender.mixins.json:MixinParameterList from mod terrablender
[21Sep2026 02:49:19.512] [main/DEBUG] [mixin/]: Renaming synthetic method lambda$initializeForTerraBlender$0(Lterrablender/api/RegionType;JLterrablender/worldgen/noise/InitialLayer;)Lterrablender/worldgen/noise/Area; to mdfaf31e$terrablender$lambda$initializeForTerraBlender$0$1 in terrablender.mixins.json:MixinParameterList from mod terrablender
[21Sep2026 02:49:19.523] [main/DEBUG] [mixin/]: Mixing MixinTheEndBiomeSource from terrablender.mixins.json into net.minecraft.world.level.biome.TheEndBiomeSource
[21Sep2026 02:49:19.523] [main/DEBUG] [mixin/]: terrablender.mixins.json:MixinTheEndBiomeSource from mod terrablender: Class version 69 required is higher than the class version supported by the current version of Mixin (JAVA_17 supports class version 61)
[21Sep2026 02:49:19.524] [main/DEBUG] [mixin/]: Renaming synthetic method lambda$initializeForTerraBlender$0(Lnet/minecraft/resources/ResourceKey;)V to mdfaf31e$terrablender$lambda$initializeForTerraBlender$0$0 in terrablender.mixins.json:MixinTheEndBiomeSource from mod terrablender
[21Sep2026 02:49:19.525] [main/DEBUG] [mixin/]: terrablender.mixins.json:MixinTheEndBiomeSource from mod terrablender->@Inject::onCollectPossibleBiomes(Lorg/spongepowered/asm/mixin/injection/callback/CallbackInfoReturnable;)V does use it's CallbackInfoReturnable
[21Sep2026 02:49:19.525] [main/DEBUG] [mixin/]: terrablender.mixins.json:MixinTheEndBiomeSource from mod terrablender->@Inject::onGetNoiseBiome(IIILnet/minecraft/world/level/biome/Climate$Sampler;Lorg/spongepowered/asm/mixin/injection/callback/CallbackInfoReturnable;)V does use it's CallbackInfoReturnable
[21Sep2026 02:49:19.528] [main/DEBUG] [mixin/]: Mixing MixinNoiseBasedChunkGenerator from terrablender.mixins.json into net.minecraft.world.level.levelgen.NoiseBasedChunkGenerator
[21Sep2026 02:49:19.528] [main/DEBUG] [mixin/]: terrablender.mixins.json:MixinNoiseBasedChunkGenerator from mod terrablender: Class version 69 required is higher than the class version supported by the current version of Mixin (JAVA_17 supports class version 61)
[21Sep2026 02:49:19.532] [main/DEBUG] [mixin/]: Mixing MixinChunkGenerator from terrablender.mixins.json into net.minecraft.world.level.chunk.ChunkGenerator
[21Sep2026 02:49:19.532] [main/DEBUG] [mixin/]: terrablender.mixins.json:MixinChunkGenerator from mod terrablender: Class version 69 required is higher than the class version supported by the current version of Mixin (JAVA_17 supports class version 61)
[21Sep2026 02:49:19.532] [main/DEBUG] [mixin/]: terrablender.mixins.json:MixinChunkGenerator from mod terrablender->@Inject::validate(Lorg/spongepowered/asm/mixin/injection/callback/CallbackInfo;)V does use it's CallbackInfo
[21Sep2026 02:49:19.536] [main/DEBUG] [mixin/]: Mixing MixinNoiseGeneratorSettings from terrablender.mixins.json into net.minecraft.world.level.levelgen.NoiseGeneratorSettings
[21Sep2026 02:49:19.536] [main/DEBUG] [mixin/]: terrablender.mixins.json:MixinNoiseGeneratorSettings from mod terrablender: Class version 69 required is higher than the class version supported by the current version of Mixin (JAVA_17 supports class version 61)
[21Sep2026 02:49:19.537] [main/DEBUG] [mixin/]: terrablender.mixins.json:MixinNoiseGeneratorSettings from mod terrablender->@Inject::surfaceRule(Lorg/spongepowered/asm/mixin/injection/callback/CallbackInfoReturnable;)V does use it's CallbackInfoReturnable
[21Sep2026 02:49:19.604] [main/DEBUG] [mixin/]: Mixing structures.SinglePoolElementAccessor from repurposed_structures-common.mixins.json into net.minecraft.world.level.levelgen.structure.pools.SinglePoolElement
[21Sep2026 02:49:19.605] [main/DEBUG] [mixin/]: Mixing SinglePoolElementMixin from waystones.mixins.json into net.minecraft.world.level.levelgen.structure.pools.SinglePoolElement
[21Sep2026 02:49:19.605] [main/DEBUG] [mixin/]: waystones.mixins.json:SinglePoolElementMixin from mod waystones: Class version 69 required is higher than the class version supported by the current version of Mixin (JAVA_17 supports class version 61)
[21Sep2026 02:49:19.605] [main/DEBUG] [mixin/]: Renaming synthetic method lambda$waystones$isWaystone$1(Lnet/minecraft/world/level/levelgen/structure/templatesystem/StructureTemplate;)V to mdfaf31e$waystones$lambda$waystones$isWaystone$1$0 in waystones.mixins.json:SinglePoolElementMixin from mod waystones
[21Sep2026 02:49:19.606] [main/DEBUG] [mixin/]: Renaming synthetic method lambda$waystones$isWaystone$0(Lnet/minecraft/resources/Identifier;)V to mdfaf31e$waystones$lambda$waystones$isWaystone$0$1 in waystones.mixins.json:SinglePoolElementMixin from mod waystones
[21Sep2026 02:49:19.607] [main/DEBUG] [mixin/]: waystones.mixins.json:SinglePoolElementMixin from mod waystones->@Inject::place(Lnet/minecraft/world/level/levelgen/structure/templatesystem/StructureTemplateManager;Lnet/minecraft/world/level/WorldGenLevel;Lnet/minecraft/world/level/StructureManager;Lnet/minecraft/world/level/chunk/ChunkGenerator;Lnet/minecraft/core/BlockPos;Lnet/minecraft/core/BlockPos;Lnet/minecraft/world/level/block/Rotation;Lnet/minecraft/world/level/levelgen/structure/BoundingBox;Lnet/minecraft/util/RandomSource;Lnet/minecraft/world/level/levelgen/structure/templatesystem/LiquidSettings;ZLorg/spongepowered/asm/mixin/injection/callback/CallbackInfoReturnable;)V does use it's CallbackInfoReturnable
[21Sep2026 02:49:20.004] [main/DEBUG] [net.neoforged.fml.ModWorkManager/LOADING]: Using 4 threads for parallel mod-loading
[21Sep2026 02:49:20.013] [main/DEBUG] [net.neoforged.fml.javafmlmod.FMLModContainer/LOADING]: Creating FMLModContainer instance for repurposed_structures with entrypoints [com.telepathicgrunt.repurposedstructures.neoforge.RepurposedStructuresNeoforge]
[21Sep2026 02:49:20.018] [main/DEBUG] [net.neoforged.fml.javafmlmod.FMLModContainer/LOADING]: Creating FMLModContainer instance for libipn with entrypoints [org.anti_ad.mc.libipn.LibIPNModEntry]
[21Sep2026 02:49:20.019] [main/DEBUG] [net.neoforged.fml.javafmlmod.FMLModContainer/LOADING]: Creating FMLModContainer instance for kuma_api with entrypoints []
[21Sep2026 02:49:20.019] [main/DEBUG] [net.neoforged.fml.javafmlmod.FMLModContainer/LOADING]: Creating FMLModContainer instance for terrablender with entrypoints [terrablender.core.TerraBlenderNeoForge]
[21Sep2026 02:49:20.019] [main/DEBUG] [net.neoforged.fml.javafmlmod.FMLModContainer/LOADING]: Creating FMLModContainer instance for trashslot with entrypoints [net.blay09.mods.trashslot.neoforge.NeoForgeTrashSlot]
[21Sep2026 02:49:20.020] [main/DEBUG] [net.neoforged.fml.javafmlmod.FMLModContainer/LOADING]: Creating FMLModContainer instance for explorify with entrypoints []
[21Sep2026 02:49:20.020] [main/DEBUG] [net.neoforged.fml.javafmlmod.FMLModContainer/LOADING]: Creating FMLModContainer instance for justhammers with entrypoints [pro.mikey.justhammers.neoforge.HammersNeoForge]
[21Sep2026 02:49:20.021] [main/DEBUG] [net.neoforged.fml.javafmlmod.FMLModContainer/LOADING]: Creating FMLModContainer instance for creativecore with entrypoints [team.creative.creativecore.CreativeCore]
[21Sep2026 02:49:20.022] [main/DEBUG] [net.neoforged.fml.javafmlmod.FMLModContainer/LOADING]: Creating FMLModContainer instance for jei with entrypoints [mezz.jei.neoforge.JustEnoughItems]
[21Sep2026 02:49:20.022] [main/DEBUG] [net.neoforged.fml.javafmlmod.FMLModContainer/LOADING]: Creating FMLModContainer instance for commonnetworking with entrypoints [commonnetwork.CommonNetworkNeoForge]
[21Sep2026 02:49:20.023] [main/DEBUG] [net.neoforged.fml.javafmlmod.FMLModContainer/LOADING]: Creating FMLModContainer instance for rottenfleshtoleather with entrypoints [team.smartstreamlabs.rottenfleshtoleather.RottenFleshToLeatherNeoForge]
[21Sep2026 02:49:20.023] [main/DEBUG] [net.neoforged.fml.javafmlmod.FMLModContainer/LOADING]: Creating FMLModContainer instance for shogi with entrypoints [net.blay09.mods.shogi.neoforge.NeoForgeShogi]
[21Sep2026 02:49:20.024] [main/DEBUG] [net.neoforged.fml.javafmlmod.FMLModContainer/LOADING]: Creating FMLModContainer instance for waystones with entrypoints [net.blay09.mods.waystones.neoforge.NeoForgeWaystones]
[21Sep2026 02:49:20.024] [main/DEBUG] [net.neoforged.fml.javafmlmod.FMLModContainer/LOADING]: Creating FMLModContainer instance for collective with entrypoints [com.natamus.collective.CollectiveNeoForge]
[21Sep2026 02:49:20.025] [main/DEBUG] [net.neoforged.fml.javafmlmod.FMLModContainer/LOADING]: Creating FMLModContainer instance for journeymap with entrypoints [journeymap.common.JourneymapNeoForge]
[21Sep2026 02:49:20.026] [main/DEBUG] [net.neoforged.fml.javafmlmod.FMLModContainer/LOADING]: Creating FMLModContainer instance for neoforge with entrypoints [net.neoforged.neoforge.common.NeoForgeMod, net.neoforged.neoforge.common.OnlyInWarningsHandler, net.neoforged.neoforge.internal.LogoFileWarningsHandler]
[21Sep2026 02:49:20.029] [main/DEBUG] [net.neoforged.fml.javafmlmod.FMLModContainer/LOADING]: Creating FMLModContainer instance for travelersbackpack with entrypoints [com.tiviacz.travelersbackpack.TravelersBackpack]
[21Sep2026 02:49:20.030] [main/DEBUG] [net.neoforged.fml.javafmlmod.FMLModContainer/LOADING]: Creating FMLModContainer instance for tombstone with entrypoints [ovh.corail.tombstone.ModTombstone]
[21Sep2026 02:49:20.030] [main/DEBUG] [net.neoforged.fml.javafmlmod.FMLModContainer/LOADING]: Creating FMLModContainer instance for dungeoncrawl with entrypoints [xiroc.dungeoncrawl.DungeonCrawl]
[21Sep2026 02:49:20.031] [main/DEBUG] [net.neoforged.fml.javafmlmod.FMLModContainer/LOADING]: Creating FMLModContainer instance for glitchcore with entrypoints [glitchcore.neoforge.GlitchCoreNeoForge]
[21Sep2026 02:49:20.031] [main/DEBUG] [net.neoforged.fml.javafmlmod.FMLModContainer/LOADING]: Creating FMLModContainer instance for biomesoplenty with entrypoints [biomesoplenty.neoforge.core.BiomesOPlentyNeoForge]
[21Sep2026 02:49:20.032] [main/DEBUG] [net.neoforged.fml.javafmlmod.FMLModContainer/LOADING]: Creating FMLModContainer instance for inventoryprofilesnext with entrypoints [org.anti_ad.mc.ipnext.neoforge.IPNForgeModInit]
[21Sep2026 02:49:20.033] [main/DEBUG] [net.neoforged.fml.javafmlmod.FMLModContainer/LOADING]: Creating FMLModContainer instance for balm with entrypoints [net.blay09.mods.balm.neoforge.internal.NeoForgeBalm]
[21Sep2026 02:49:20.034] [main/DEBUG] [net.neoforged.fml.javafmlmod.FMLModContainer/LOADING]: Creating FMLModContainer instance for fallingtree with entrypoints [fr.rakambda.fallingtree.neoforge.FallingTree]
[21Sep2026 02:49:20.034] [main/DEBUG] [net.neoforged.fml.javafmlmod.FMLModContainer/LOADING]: Creating FMLModContainer instance for shogi_api with entrypoints []
[21Sep2026 02:49:20.035] [main/DEBUG] [net.neoforged.fml.javafmlmod.FMLModContainer/LOADING]: Creating FMLModContainer instance for journeymap_api with entrypoints [journeymap.JourneyMapAPI]
[21Sep2026 02:49:20.035] [main/DEBUG] [net.neoforged.fml.javafmlmod.FMLModContainer/LOADING]: Creating FMLModContainer instance for playerrevive with entrypoints [team.creative.playerrevive.PlayerRevive]
[21Sep2026 02:49:20.036] [main/DEBUG] [net.neoforged.fml.javafmlmod.FMLModContainer/LOADING]: Creating FMLModContainer instance for replantingcrops with entrypoints [com.natamus.replantingcrops.ModNeoForge]
[21Sep2026 02:49:20.040] [modloading-worker-0/DEBUG] [net.neoforged.fml.javafmlmod.AutomaticEventSubscriber/LOADING]: Attempting to inject @EventBusSubscriber classes into the eventbus for kuma_api
[21Sep2026 02:49:20.054] [modloading-worker-0/DEBUG] [net.neoforged.fml.javafmlmod.AutomaticEventSubscriber/LOADING]: Attempting to inject @EventBusSubscriber classes into the eventbus for libipn
[21Sep2026 02:49:20.055] [modloading-worker-0/DEBUG] [net.neoforged.fml.javafmlmod.AutomaticEventSubscriber/LOADING]: Attempting to inject @EventBusSubscriber classes into the eventbus for explorify
[21Sep2026 02:49:20.060] [modloading-worker-0/DEBUG] [net.neoforged.fml.javafmlmod.AutomaticEventSubscriber/LOADING]: Attempting to inject @EventBusSubscriber classes into the eventbus for terrablender
[21Sep2026 02:49:20.082] [modloading-worker-0/DEBUG] [net.neoforged.fml.javafmlmod.AutomaticEventSubscriber/LOADING]: Attempting to inject @EventBusSubscriber classes into the eventbus for justhammers
[21Sep2026 02:49:20.098] [modloading-worker-0/DEBUG] [net.neoforged.fml.config.ConfigTracker/CONFIG]: Config file jei-server.toml for jei tracking
[21Sep2026 02:49:20.101] [modloading-worker-0/DEBUG] [net.neoforged.fml.config.ConfigTracker/CONFIG]: Config file repurposed_structures-neoforge/modded_loot.toml for repurposed_structures tracking
[21Sep2026 02:49:20.135] [modloading-worker-0/DEBUG] [net.neoforged.fml.javafmlmod.AutomaticEventSubscriber/LOADING]: Attempting to inject @EventBusSubscriber classes into the eventbus for jei
[21Sep2026 02:49:20.189] [modloading-worker-0/DEBUG] [mixin/]: Mixing MinecraftServerMixin from balm.mixins.json into net.minecraft.server.MinecraftServer
[21Sep2026 02:49:20.194] [modloading-worker-0/DEBUG] [mixin/]: balm.mixins.json:MinecraftServerMixin from mod balm: Class version 69 required is higher than the class version supported by the current version of Mixin (JAVA_17 supports class version 61)
[21Sep2026 02:49:20.194] [modloading-worker-0/DEBUG] [mixin/]: Renaming synthetic method lambda$reloadResources$0(Ljava/lang/Void;)V to mdfaf31e$balm$lambda$reloadResources$0$0 in balm.mixins.json:MinecraftServerMixin from mod balm
[21Sep2026 02:49:20.196] [modloading-worker-0/DEBUG] [mixin/]: balm.mixins.json:MinecraftServerMixin from mod balm->@Inject::reloadResources(Ljava/util/Collection;Lorg/spongepowered/asm/mixin/injection/callback/CallbackInfoReturnable;)V does use it's CallbackInfoReturnable
[21Sep2026 02:49:20.236] [modloading-worker-0/DEBUG] [mixin/]: Mixing ReloadableServerResourcesMixin from balm.mixins.json into net.minecraft.server.ReloadableServerResources
[21Sep2026 02:49:20.236] [modloading-worker-0/DEBUG] [mixin/]: balm.mixins.json:ReloadableServerResourcesMixin from mod balm: Class version 69 required is higher than the class version supported by the current version of Mixin (JAVA_17 supports class version 61)
[21Sep2026 02:49:20.237] [modloading-worker-0/DEBUG] [mixin/]: Renaming synthetic method lambda$loadResources$0(Lnet/minecraft/server/ReloadableServerResources;)V to mdfaf31e$balm$lambda$loadResources$0$0 in balm.mixins.json:ReloadableServerResourcesMixin from mod balm
[21Sep2026 02:49:20.240] [modloading-worker-0/DEBUG] [mixin/]: balm.mixins.json:ReloadableServerResourcesMixin from mod balm->@Inject::loadResources(Lnet/minecraft/server/packs/resources/ResourceManager;Lnet/minecraft/core/LayeredRegistryAccess;Ljava/util/List;Lnet/minecraft/world/flag/FeatureFlagSet;Lnet/minecraft/commands/Commands$CommandSelection;Lnet/minecraft/server/permissions/PermissionSet;Ljava/util/concurrent/Executor;Ljava/util/concurrent/Executor;Lorg/spongepowered/asm/mixin/injection/callback/CallbackInfoReturnable;)V does use it's CallbackInfoReturnable
[21Sep2026 02:49:20.241] [modloading-worker-0/DEBUG] [creativecore/]: Created network creativecore:main
[21Sep2026 02:49:20.257] [modloading-worker-0/DEBUG] [net.neoforged.fml.javafmlmod.AutomaticEventSubscriber/LOADING]: Attempting to inject @EventBusSubscriber classes into the eventbus for creativecore
[21Sep2026 02:49:20.257] [modloading-worker-0/DEBUG] [net.neoforged.fml.javafmlmod.AutomaticEventSubscriber/LOADING]: Attempting to inject @EventBusSubscriber classes into the eventbus for commonnetworking
[21Sep2026 02:49:20.261] [modloading-worker-0/INFO] [rottenfleshtoleather/]: Loaded rottenfleshtoleather
[21Sep2026 02:49:20.261] [modloading-worker-0/DEBUG] [net.neoforged.fml.javafmlmod.AutomaticEventSubscriber/LOADING]: Attempting to inject @EventBusSubscriber classes into the eventbus for rottenfleshtoleather
[21Sep2026 02:49:20.291] [modloading-worker-0/DEBUG] [net.neoforged.fml.javafmlmod.AutomaticEventSubscriber/LOADING]: Attempting to inject @EventBusSubscriber classes into the eventbus for repurposed_structures
[21Sep2026 02:49:20.291] [modloading-worker-0/DEBUG] [net.neoforged.fml.javafmlmod.AutomaticEventSubscriber/LOADING]: Scanning class com.telepathicgrunt.repurposedstructures.datagen.StructureNbtUpdaterDatagen for @SubscribeEvent-annotated methods
[21Sep2026 02:49:20.300] [modloading-worker-0/DEBUG] [net.neoforged.fml.javafmlmod.AutomaticEventSubscriber/LOADING]: Subscribing method public static void com.telepathicgrunt.repurposedstructures.datagen.StructureNbtUpdaterDatagen.gatherData(net.neoforged.neoforge.data.event.GatherDataEvent$Server) to the event bus of mod repurposed_structures
[21Sep2026 02:49:20.303] [modloading-worker-0/INFO] [Collective/]: Loading Collective version 8.39.
[21Sep2026 02:49:20.314] [modloading-worker-0/DEBUG] [net.neoforged.fml.javafmlmod.AutomaticEventSubscriber/LOADING]: Attempting to inject @EventBusSubscriber classes into the eventbus for shogi
[21Sep2026 02:49:20.336] [modloading-worker-0/INFO] [net.blay09.mods.balm.neoforge.platform.config.internal.NeoForgeBalmConfig/]: Registering config for trashslot:common (COMMON) with 5 properties.
[21Sep2026 02:49:20.337] [modloading-worker-0/DEBUG] [net.neoforged.fml.config.ConfigTracker/CONFIG]: Config file trashslot-common.toml for trashslot tracking
[21Sep2026 02:49:20.344] [modloading-worker-0/INFO] [net.blay09.mods.balm.neoforge.platform.config.internal.NeoForgeBalmConfig/]: Registering config for waystones:common (COMMON) with 32 properties.
[21Sep2026 02:49:20.344] [modloading-worker-0/DEBUG] [net.neoforged.fml.config.ConfigTracker/CONFIG]: Config file waystones-common.toml for waystones tracking
[21Sep2026 02:49:20.360] [modloading-worker-0/DEBUG] [net.neoforged.fml.javafmlmod.AutomaticEventSubscriber/LOADING]: Attempting to inject @EventBusSubscriber classes into the eventbus for trashslot
[21Sep2026 02:49:20.368] [modloading-worker-0/DEBUG] [net.neoforged.fml.config.ConfigTracker/CONFIG]: Config file journeymap-server.toml for journeymap tracking
[21Sep2026 02:49:20.369] [modloading-worker-0/DEBUG] [net.neoforged.fml.javafmlmod.AutomaticEventSubscriber/LOADING]: Attempting to inject @EventBusSubscriber classes into the eventbus for journeymap
[21Sep2026 02:49:20.388] [modloading-worker-0/INFO] [net.neoforged.neoforge.common.NeoForgeMod/NEOFORGE-MOD]: NeoForge mod loading, version 26.2.0.75, for MC 26.2
[21Sep2026 02:49:20.403] [modloading-worker-0/DEBUG] [net.neoforged.fml.config.ConfigTracker/CONFIG]: Config file neoforge-server.toml for neoforge tracking
[21Sep2026 02:49:20.404] [modloading-worker-0/DEBUG] [net.neoforged.fml.config.ConfigTracker/CONFIG]: Config file neoforge-common.toml for neoforge tracking
[21Sep2026 02:49:20.411] [modloading-worker-0/DEBUG] [net.neoforged.fml.config.ConfigTracker/CONFIG]: Config file travelersbackpack-server.toml for travelersbackpack tracking
[21Sep2026 02:49:20.413] [modloading-worker-0/DEBUG] [net.neoforged.fml.config.ConfigTracker/CONFIG]: Config file travelersbackpack-common.toml for travelersbackpack tracking
[21Sep2026 02:49:20.414] [modloading-worker-0/DEBUG] [net.neoforged.fml.config.ConfigTracker/CONFIG]: Config file travelersbackpack-client.toml for travelersbackpack tracking
[21Sep2026 02:49:20.463] [modloading-worker-0/DEBUG] [net.neoforged.fml.javafmlmod.AutomaticEventSubscriber/LOADING]: Attempting to inject @EventBusSubscriber classes into the eventbus for neoforge
[21Sep2026 02:49:20.463] [modloading-worker-0/DEBUG] [net.neoforged.fml.javafmlmod.AutomaticEventSubscriber/LOADING]: Scanning class net.neoforged.neoforge.attachment.AttachmentInternals for @SubscribeEvent-annotated methods
[21Sep2026 02:49:20.467] [modloading-worker-0/DEBUG] [net.neoforged.fml.javafmlmod.AutomaticEventSubscriber/LOADING]: Subscribing method public static void net.neoforged.neoforge.attachment.AttachmentInternals.onLivingConvert(net.neoforged.neoforge.event.entity.living.LivingConversionEvent$Post) to the game event bus
[21Sep2026 02:49:20.469] [modloading-worker-0/DEBUG] [net.neoforged.fml.javafmlmod.AutomaticEventSubscriber/LOADING]: Subscribing method public static void net.neoforged.neoforge.attachment.AttachmentInternals.onPlayerClone(net.neoforged.neoforge.event.entity.player.PlayerEvent$Clone) to the game event bus
[21Sep2026 02:49:20.470] [modloading-worker-0/DEBUG] [net.neoforged.fml.javafmlmod.AutomaticEventSubscriber/LOADING]: Scanning class net.neoforged.neoforge.attachment.AttachmentSync for @SubscribeEvent-annotated methods
[21Sep2026 02:49:20.475] [modloading-worker-0/DEBUG] [net.neoforged.fml.javafmlmod.AutomaticEventSubscriber/LOADING]: Subscribing method public static void net.neoforged.neoforge.attachment.AttachmentSync.onChunkSent(net.neoforged.neoforge.event.level.ChunkWatchEvent$Sent) to the game event bus
[21Sep2026 02:49:20.478] [modloading-worker-0/DEBUG] [net.neoforged.fml.javafmlmod.AutomaticEventSubscriber/LOADING]: Scanning class net.neoforged.neoforge.common.MonsterRoomHooks for @SubscribeEvent-annotated methods
[21Sep2026 02:49:20.479] [modloading-worker-0/DEBUG] [net.neoforged.fml.javafmlmod.AutomaticEventSubscriber/LOADING]: Subscribing method public static void net.neoforged.neoforge.common.MonsterRoomHooks.onDataMapsUpdated(net.neoforged.neoforge.registries.datamaps.DataMapsUpdatedEvent) to the game event bus
[21Sep2026 02:49:20.481] [modloading-worker-0/DEBUG] [net.neoforged.fml.javafmlmod.AutomaticEventSubscriber/LOADING]: Scanning class net.neoforged.neoforge.network.ConfigurationInitialization for @SubscribeEvent-annotated methods
[21Sep2026 02:49:20.485] [modloading-worker-0/DEBUG] [net.neoforged.fml.javafmlmod.AutomaticEventSubscriber/LOADING]: Subscribing method private static void net.neoforged.neoforge.network.ConfigurationInitialization.configureModdedClient(net.neoforged.neoforge.network.event.RegisterConfigurationTasksEvent) to the event bus of mod neoforge
[21Sep2026 02:49:20.486] [modloading-worker-0/DEBUG] [net.neoforged.fml.javafmlmod.AutomaticEventSubscriber/LOADING]: Scanning class net.neoforged.neoforge.network.NetworkInitialization for @SubscribeEvent-annotated methods
[21Sep2026 02:49:20.487] [modloading-worker-0/DEBUG] [net.neoforged.fml.javafmlmod.AutomaticEventSubscriber/LOADING]: Subscribing method private static void net.neoforged.neoforge.network.NetworkInitialization.register(net.neoforged.neoforge.network.event.RegisterPayloadHandlersEvent) to the event bus of mod neoforge
[21Sep2026 02:49:20.487] [modloading-worker-0/DEBUG] [net.neoforged.fml.javafmlmod.AutomaticEventSubscriber/LOADING]: Scanning class net.neoforged.neoforge.network.filters.GenericPacketSplitter for @SubscribeEvent-annotated methods
[21Sep2026 02:49:20.533] [modloading-worker-0/DEBUG] [io.netty.util.internal.PlatformDependent0/]: Java version: 25
[21Sep2026 02:49:20.533] [modloading-worker-0/DEBUG] [io.netty.util.internal.PlatformDependent0/]: -Dio.netty.noUnsafe: false
[21Sep2026 02:49:20.533] [modloading-worker-0/DEBUG] [io.netty.util.internal.PlatformDependent0/]: sun.misc.Unsafe: unavailable (io.netty.noUnsafe=true by default on Java 25+)
[21Sep2026 02:49:20.544] [modloading-worker-0/DEBUG] [io.netty.util.internal.PlatformDependent0/]: java.nio.DirectByteBuffer.<init>(long, {int,long}): unavailable
[21Sep2026 02:49:20.545] [modloading-worker-0/DEBUG] [io.netty.util.internal.PlatformDependent/]: maxDirectMemory: 15032385536 bytes (maybe)
[21Sep2026 02:49:20.545] [modloading-worker-0/DEBUG] [io.netty.util.internal.PlatformDependent/]: -Dio.netty.tmpdir: /tmp (java.io.tmpdir)
[21Sep2026 02:49:20.545] [modloading-worker-0/DEBUG] [io.netty.util.internal.PlatformDependent/]: -Dio.netty.bitMode: 64 (sun.arch.data.model)
[21Sep2026 02:49:20.546] [modloading-worker-0/DEBUG] [io.netty.util.internal.PlatformDependent/]: -Dio.netty.maxDirectMemory: 15032385536 bytes
[21Sep2026 02:49:20.548] [modloading-worker-0/DEBUG] [io.netty.util.internal.CleanerJava9/]: java.nio.ByteBuffer.cleaner(): unavailable
java.lang.UnsupportedOperationException: sun.misc.Unsafe unavailable
	at io.netty.util.internal.CleanerJava9.<clinit>(CleanerJava9.java:70) ~[netty-common-4.2.15.Final.jar:4.2.15.Final]
	at io.netty.util.internal.PlatformDependent.<clinit>(PlatformDependent.java:209) ~[netty-common-4.2.15.Final.jar:4.2.15.Final]
	at io.netty.buffer.UnpooledByteBufAllocator.<clinit>(UnpooledByteBufAllocator.java:38) ~[netty-buffer-4.2.15.Final.jar:4.2.15.Final]
	at io.netty.buffer.Unpooled.<clinit>(Unpooled.java:75) ~[netty-buffer-4.2.15.Final.jar:4.2.15.Final]
	at TRANSFORMER/neoforge@26.2.0.75/net.neoforged.neoforge.network.filters.GenericPacketSplitter.determineMaxPayloadSize(GenericPacketSplitter.java:188) ~[neoforge-26.2.0.75-universal.jar:?]
	at TRANSFORMER/neoforge@26.2.0.75/net.neoforged.neoforge.network.filters.GenericPacketSplitter$SizeLimits.<init>(GenericPacketSplitter.java:46) ~[neoforge-26.2.0.75-universal.jar:?]
	at TRANSFORMER/neoforge@26.2.0.75/net.neoforged.neoforge.network.filters.GenericPacketSplitter.<clinit>(GenericPacketSplitter.java:51) ~[neoforge-26.2.0.75-universal.jar:?]
	at java.base/java.lang.Class.forName0(Native Method) ~[?:?]
	at java.base/java.lang.Class.forName(Class.java:547) ~[?:?]
	at net.neoforged.fml.javafmlmod.AutomaticEventSubscriber.lambda$inject$4(AutomaticEventSubscriber.java:54) ~[loader-11.0.16.jar:11.0]
	at java.base/java.util.ArrayList.forEach(ArrayList.java:1604) ~[?:?]
	at net.neoforged.fml.javafmlmod.AutomaticEventSubscriber.inject(AutomaticEventSubscriber.java:47) ~[loader-11.0.16.jar:11.0]
	at net.neoforged.fml.javafmlmod.FMLModContainer.constructMod(FMLModContainer.java:136) ~[loader-11.0.16.jar:11.0]
	at net.neoforged.fml.ModLoader.lambda$constructMods$0(ModLoader.java:125) [loader-11.0.16.jar:11.0]
	at net.neoforged.fml.ModLoader.lambda$dispatchParallelTask$3(ModLoader.java:203) [loader-11.0.16.jar:11.0]
	at java.base/java.util.concurrent.CompletableFuture.uniHandle(CompletableFuture.java:955) [?:?]
	at java.base/java.util.concurrent.CompletableFuture$UniHandle.tryFire(CompletableFuture.java:932) [?:?]
	at java.base/java.util.concurrent.CompletableFuture$Completion.exec(CompletableFuture.java:504) [?:?]
	at java.base/java.util.concurrent.ForkJoinTask.doExec(ForkJoinTask.java:511) [?:?]
	at java.base/java.util.concurrent.ForkJoinPool$WorkQueue.topLevelExec(ForkJoinPool.java:1450) [?:?]
	at java.base/java.util.concurrent.ForkJoinPool.runWorker(ForkJoinPool.java:2019) [?:?]
	at java.base/java.util.concurrent.ForkJoinWorkerThread.run(ForkJoinWorkerThread.java:187) [?:?]
[21Sep2026 02:49:20.693] [modloading-worker-0/DEBUG] [io.netty.util.internal.CleanerJava24Linker/]: java.nio.ByteBuffer.cleaner(): available
[21Sep2026 02:49:20.695] [modloading-worker-0/DEBUG] [io.netty.util.internal.PlatformDependent/]: -Dio.netty.noPreferDirect: false
[21Sep2026 02:49:20.695] [modloading-worker-0/DEBUG] [io.netty.util.internal.PlatformDependent/]: -Dio.netty.ignoreExpensiveClean: false
[21Sep2026 02:49:20.700] [modloading-worker-0/DEBUG] [io.netty.util.internal.PlatformDependent/]: -Dio.netty.jfr.enabled: true
[21Sep2026 02:49:20.704] [modloading-worker-0/DEBUG] [io.netty.util.internal.PlatformDependent/]: java.lang.invoke.VarHandle: available
[21Sep2026 02:49:20.705] [modloading-worker-0/DEBUG] [io.netty.util.internal.PlatformDependent/]: -Dio.netty.varHandle.enabled: true
[21Sep2026 02:49:20.720] [modloading-worker-0/DEBUG] [io.netty.buffer.AbstractByteBuf/]: -Dio.netty.buffer.checkAccessible: true
[21Sep2026 02:49:20.723] [modloading-worker-0/DEBUG] [io.netty.buffer.AbstractByteBuf/]: -Dio.netty.buffer.checkBounds: true
[21Sep2026 02:49:20.725] [modloading-worker-0/DEBUG] [io.netty.util.ResourceLeakDetectorFactory/]: Loaded default ResourceLeakDetector: io.netty.util.ResourceLeakDetector@296a0af7
[21Sep2026 02:49:20.745] [modloading-worker-0/DEBUG] [io.netty.util.internal.InternalThreadLocalMap/]: -Dio.netty.threadLocalMap.stringBuilder.initialSize: 1024
[21Sep2026 02:49:20.746] [modloading-worker-0/DEBUG] [io.netty.util.internal.InternalThreadLocalMap/]: -Dio.netty.threadLocalMap.stringBuilder.maxSize: 4096
[21Sep2026 02:49:20.749] [modloading-worker-0/DEBUG] [io.netty.buffer.AdaptiveByteBufAllocator/]: -Dio.netty.allocator.useCachedMagazinesForNonEventLoopThreads: false
[21Sep2026 02:49:20.750] [modloading-worker-0/DEBUG] [net.neoforged.fml.javafmlmod.AutomaticEventSubscriber/LOADING]: Attempting to inject @EventBusSubscriber classes into the eventbus for waystones
[21Sep2026 02:49:20.770] [modloading-worker-0/DEBUG] [io.netty.util.Recycler/]: -Dio.netty.recycler.maxCapacityPerThread: 4096
[21Sep2026 02:49:20.770] [modloading-worker-0/DEBUG] [io.netty.util.Recycler/]: -Dio.netty.recycler.ratio: 8
[21Sep2026 02:49:20.770] [modloading-worker-0/DEBUG] [io.netty.util.Recycler/]: -Dio.netty.recycler.chunkSize: 32
[21Sep2026 02:49:20.770] [modloading-worker-0/DEBUG] [io.netty.util.Recycler/]: -Dio.netty.recycler.blocking: false
[21Sep2026 02:49:20.770] [modloading-worker-0/DEBUG] [io.netty.util.Recycler/]: -Dio.netty.recycler.batchFastThreadLocalOnly: true
[21Sep2026 02:49:20.778] [modloading-worker-0/DEBUG] [io.netty.buffer.ByteBufUtil/]: -Dio.netty.allocator.type: adaptive
[21Sep2026 02:49:20.778] [modloading-worker-0/DEBUG] [io.netty.buffer.ByteBufUtil/]: -Dio.netty.threadLocalDirectBufferSize: 0
[21Sep2026 02:49:20.778] [modloading-worker-0/DEBUG] [io.netty.buffer.ByteBufUtil/]: -Dio.netty.maxThreadLocalCharBufferSize: 16384
[21Sep2026 02:49:20.788] [modloading-worker-0/DEBUG] [net.neoforged.fml.javafmlmod.AutomaticEventSubscriber/LOADING]: Subscribing method private static void net.neoforged.neoforge.network.filters.GenericPacketSplitter.register(net.neoforged.neoforge.network.event.RegisterPayloadHandlersEvent) to the event bus of mod neoforge
[21Sep2026 02:49:20.789] [modloading-worker-0/INFO] [Dungeon Crawl/]: Here we go! Launching Dungeon Crawl 2.3.17...
[21Sep2026 02:49:20.790] [modloading-worker-0/DEBUG] [net.neoforged.fml.config.ConfigTracker/CONFIG]: Config file dungeon_crawl.toml for dungeoncrawl tracking
[21Sep2026 02:49:20.793] [modloading-worker-0/DEBUG] [net.neoforged.fml.javafmlmod.AutomaticEventSubscriber/LOADING]: Attempting to inject @EventBusSubscriber classes into the eventbus for dungeoncrawl
[21Sep2026 02:49:20.795] [modloading-worker-0/DEBUG] [mixin/]: Mixing impl.MixinPacketHandler from glitchcore.neoforge.mixins.json into glitchcore.network.PacketHandler
[21Sep2026 02:49:20.796] [modloading-worker-0/DEBUG] [mixin/]: glitchcore.neoforge.mixins.json:impl.MixinPacketHandler from mod glitchcore: Class version 69 required is higher than the class version supported by the current version of Mixin (JAVA_17 supports class version 61)
[21Sep2026 02:49:20.796] [modloading-worker-0/DEBUG] [mixin/]: Renaming synthetic method lambda$register$2(Lglitchcore/neoforge/network/GCPayloadFactory;Lnet/neoforged/neoforge/client/network/event/RegisterClientPayloadHandlersEvent;)V to mdfaf31e$glitchcore$lambda$register$2$0 in glitchcore.neoforge.mixins.json:impl.MixinPacketHandler from mod glitchcore
[21Sep2026 02:49:20.796] [modloading-worker-0/DEBUG] [mixin/]: Renaming synthetic method lambda$register$1(Ljava/lang/String;Lglitchcore/network/CustomPacket;Lglitchcore/neoforge/network/GCPayloadFactory;Lnet/neoforged/neoforge/network/event/RegisterPayloadHandlersEvent;)V to mdfaf31e$glitchcore$lambda$register$1$1 in glitchcore.neoforge.mixins.json:impl.MixinPacketHandler from mod glitchcore
[21Sep2026 02:49:20.796] [modloading-worker-0/DEBUG] [mixin/]: Renaming synthetic method lambda$register$0()Ljava/lang/IllegalArgumentException; to mdfaf31e$glitchcore$lambda$register$0$2 in glitchcore.neoforge.mixins.json:impl.MixinPacketHandler from mod glitchcore
[21Sep2026 02:49:20.804] [modloading-worker-0/DEBUG] [net.neoforged.fml.javafmlmod.AutomaticEventSubscriber/LOADING]: Attempting to inject @EventBusSubscriber classes into the eventbus for collective
[21Sep2026 02:49:20.804] [modloading-worker-0/DEBUG] [net.neoforged.fml.javafmlmod.AutomaticEventSubscriber/LOADING]: Scanning class com.natamus.collective.neoforge.events.RegisterCollectiveNeoForgeEvents for @SubscribeEvent-annotated methods
[21Sep2026 02:49:20.807] [modloading-worker-0/DEBUG] [net.neoforged.fml.javafmlmod.AutomaticEventSubscriber/LOADING]: Attempting to inject @EventBusSubscriber classes into the eventbus for glitchcore
[21Sep2026 02:49:20.807] [modloading-worker-0/DEBUG] [net.neoforged.fml.javafmlmod.AutomaticEventSubscriber/LOADING]: Scanning class glitchcore.neoforge.handlers.InteractionEventHandler for @SubscribeEvent-annotated methods
[21Sep2026 02:49:20.808] [modloading-worker-0/DEBUG] [net.neoforged.fml.javafmlmod.AutomaticEventSubscriber/LOADING]: Subscribing method public static void com.natamus.collective.neoforge.events.RegisterCollectiveNeoForgeEvents.onWorldTick(net.neoforged.neoforge.event.tick.LevelTickEvent$Post) to the game event bus
[21Sep2026 02:49:20.808] [modloading-worker-0/DEBUG] [net.neoforged.fml.javafmlmod.AutomaticEventSubscriber/LOADING]: Subscribing method public static void com.natamus.collective.neoforge.events.RegisterCollectiveNeoForgeEvents.onEntityJoinLevel(net.neoforged.neoforge.event.entity.EntityJoinLevelEvent) to the game event bus
[21Sep2026 02:49:20.808] [modloading-worker-0/DEBUG] [net.neoforged.fml.config.ConfigTracker/CONFIG]: Config file tombstone-client.toml for tombstone tracking
[21Sep2026 02:49:20.808] [modloading-worker-0/DEBUG] [net.neoforged.fml.javafmlmod.AutomaticEventSubscriber/LOADING]: Subscribing method public static void com.natamus.collective.neoforge.events.RegisterCollectiveNeoForgeEvents.onServerStarted(net.neoforged.neoforge.event.server.ServerAboutToStartEvent) to the game event bus
[21Sep2026 02:49:20.809] [modloading-worker-0/DEBUG] [net.neoforged.fml.config.ConfigTracker/CONFIG]: Config file tombstone-common.toml for tombstone tracking
[21Sep2026 02:49:20.809] [modloading-worker-0/DEBUG] [net.neoforged.fml.javafmlmod.AutomaticEventSubscriber/LOADING]: Subscribing method public static void glitchcore.neoforge.handlers.InteractionEventHandler.onRightClickBlock(net.neoforged.neoforge.event.entity.player.PlayerInteractEvent$RightClickBlock) to the game event bus
[21Sep2026 02:49:20.809] [modloading-worker-0/DEBUG] [net.neoforged.fml.javafmlmod.AutomaticEventSubscriber/LOADING]: Scanning class glitchcore.neoforge.handlers.RegisterCommandsEventHandler for @SubscribeEvent-annotated methods
[21Sep2026 02:49:20.810] [modloading-worker-0/DEBUG] [net.neoforged.fml.javafmlmod.AutomaticEventSubscriber/LOADING]: Subscribing method public static void glitchcore.neoforge.handlers.RegisterCommandsEventHandler.onRegisterCommands(net.neoforged.neoforge.event.RegisterCommandsEvent) to the game event bus
[21Sep2026 02:49:20.810] [modloading-worker-0/DEBUG] [net.neoforged.fml.javafmlmod.AutomaticEventSubscriber/LOADING]: Scanning class glitchcore.neoforge.handlers.RegistryEventHandler for @SubscribeEvent-annotated methods
[21Sep2026 02:49:20.811] [modloading-worker-0/DEBUG] [net.neoforged.fml.javafmlmod.AutomaticEventSubscriber/LOADING]: Subscribing method private static void glitchcore.neoforge.handlers.RegistryEventHandler.onRegister(net.neoforged.neoforge.registries.RegisterEvent) to the event bus of mod glitchcore
[21Sep2026 02:49:20.811] [modloading-worker-0/DEBUG] [net.neoforged.fml.javafmlmod.AutomaticEventSubscriber/LOADING]: Scanning class glitchcore.neoforge.handlers.RemapperEventHandler for @SubscribeEvent-annotated methods
[21Sep2026 02:49:20.809] [modloading-worker-0/DEBUG] [net.neoforged.fml.javafmlmod.AutomaticEventSubscriber/LOADING]: Subscribing method public static void com.natamus.collective.neoforge.events.RegisterCollectiveNeoForgeEvents.onPlayerLoggedIn(net.neoforged.neoforge.event.entity.player.PlayerEvent$PlayerLoggedInEvent) to the game event bus
[21Sep2026 02:49:20.812] [modloading-worker-0/DEBUG] [net.neoforged.fml.javafmlmod.AutomaticEventSubscriber/LOADING]: Attempting to inject @EventBusSubscriber classes into the eventbus for travelersbackpack
[21Sep2026 02:49:20.812] [modloading-worker-0/DEBUG] [net.neoforged.fml.javafmlmod.AutomaticEventSubscriber/LOADING]: Subscribing method public static void com.natamus.collective.neoforge.events.RegisterCollectiveNeoForgeEvents.onServerTick(net.neoforged.neoforge.event.tick.ServerTickEvent$Post) to the game event bus
[21Sep2026 02:49:20.812] [modloading-worker-0/DEBUG] [net.neoforged.fml.javafmlmod.AutomaticEventSubscriber/LOADING]: Scanning class com.tiviacz.travelersbackpack.handlers.ModEventHandler for @SubscribeEvent-annotated methods
[21Sep2026 02:49:20.812] [modloading-worker-0/DEBUG] [net.neoforged.fml.javafmlmod.AutomaticEventSubscriber/LOADING]: Subscribing method public static void com.natamus.collective.neoforge.events.RegisterCollectiveNeoForgeEvents.onWorldLoad(net.neoforged.neoforge.event.level.LevelEvent$Load) to the game event bus
[21Sep2026 02:49:20.812] [modloading-worker-0/DEBUG] [net.neoforged.fml.javafmlmod.AutomaticEventSubscriber/LOADING]: Subscribing method public static void com.natamus.collective.neoforge.events.RegisterCollectiveNeoForgeEvents.registerCommands(net.neoforged.neoforge.event.RegisterCommandsEvent) to the game event bus
[21Sep2026 02:49:20.816] [modloading-worker-0/DEBUG] [net.neoforged.fml.javafmlmod.AutomaticEventSubscriber/LOADING]: Subscribing method public static void glitchcore.neoforge.handlers.RemapperEventHandler.onRegister(net.neoforged.neoforge.registries.RegisterEvent) to the event bus of mod glitchcore
[21Sep2026 02:49:20.816] [modloading-worker-0/DEBUG] [net.neoforged.fml.javafmlmod.AutomaticEventSubscriber/LOADING]: Scanning class glitchcore.neoforge.handlers.TagsUpdatedEventHandler for @SubscribeEvent-annotated methods
[21Sep2026 02:49:20.817] [modloading-worker-0/DEBUG] [net.neoforged.fml.javafmlmod.AutomaticEventSubscriber/LOADING]: Subscribing method public static void glitchcore.neoforge.handlers.TagsUpdatedEventHandler.onTagsUpdated(net.neoforged.neoforge.event.TagsUpdatedEvent) to the game event bus
[21Sep2026 02:49:20.817] [modloading-worker-0/DEBUG] [net.neoforged.fml.javafmlmod.AutomaticEventSubscriber/LOADING]: Scanning class glitchcore.neoforge.handlers.TickEventHandler for @SubscribeEvent-annotated methods
[21Sep2026 02:49:20.819] [modloading-worker-0/DEBUG] [net.neoforged.fml.config.ConfigTracker/CONFIG]: Config file tombstone-server.toml for tombstone tracking
[21Sep2026 02:49:20.819] [modloading-worker-0/DEBUG] [net.neoforged.fml.javafmlmod.AutomaticEventSubscriber/LOADING]: Attempting to inject @EventBusSubscriber classes into the eventbus for tombstone
[21Sep2026 02:49:20.819] [modloading-worker-0/DEBUG] [net.neoforged.fml.javafmlmod.AutomaticEventSubscriber/LOADING]: Scanning class ovh.corail.tombstone.config.ConfigTombstone$ConfigEvent for @SubscribeEvent-annotated methods
[21Sep2026 02:49:20.820] [modloading-worker-0/DEBUG] [net.neoforged.fml.javafmlmod.AutomaticEventSubscriber/LOADING]: Subscribing method public static void com.tiviacz.travelersbackpack.handlers.ModEventHandler.onGatherData(net.neoforged.neoforge.data.event.GatherDataEvent$Client) to the event bus of mod travelersbackpack
[21Sep2026 02:49:20.820] [modloading-worker-0/DEBUG] [net.neoforged.fml.javafmlmod.AutomaticEventSubscriber/LOADING]: Subscribing method public static void com.tiviacz.travelersbackpack.handlers.ModEventHandler.registerPayloadHandler(net.neoforged.neoforge.network.event.RegisterPayloadHandlersEvent) to the event bus of mod travelersbackpack
[21Sep2026 02:49:20.821] [modloading-worker-0/DEBUG] [net.neoforged.fml.javafmlmod.AutomaticEventSubscriber/LOADING]: Subscribing method public static void com.tiviacz.travelersbackpack.handlers.ModEventHandler.onModConfigLoad(net.neoforged.fml.event.config.ModConfigEvent$Loading) to the event bus of mod travelersbackpack
[21Sep2026 02:49:20.821] [modloading-worker-0/DEBUG] [net.neoforged.fml.javafmlmod.AutomaticEventSubscriber/LOADING]: Subscribing method public static void com.tiviacz.travelersbackpack.handlers.ModEventHandler.onModConfigReload(net.neoforged.fml.event.config.ModConfigEvent$Reloading) to the event bus of mod travelersbackpack
[21Sep2026 02:49:20.821] [modloading-worker-0/DEBUG] [net.neoforged.fml.javafmlmod.AutomaticEventSubscriber/LOADING]: Subscribing method public static void ovh.corail.tombstone.config.ConfigTombstone$ConfigEvent.onReloadConfig(net.neoforged.fml.event.config.ModConfigEvent$Reloading) to the event bus of mod tombstone
[21Sep2026 02:49:20.821] [modloading-worker-0/DEBUG] [net.neoforged.fml.javafmlmod.AutomaticEventSubscriber/LOADING]: Subscribing method public static void com.tiviacz.travelersbackpack.handlers.ModEventHandler.registerCapabilities(net.neoforged.neoforge.capabilities.RegisterCapabilitiesEvent) to the event bus of mod travelersbackpack
[21Sep2026 02:49:20.821] [modloading-worker-0/DEBUG] [net.neoforged.fml.javafmlmod.AutomaticEventSubscriber/LOADING]: Scanning class ovh.corail.tombstone.entity.trade.TradeManager for @SubscribeEvent-annotated methods
[21Sep2026 02:49:20.822] [modloading-worker-0/DEBUG] [net.neoforged.fml.javafmlmod.AutomaticEventSubscriber/LOADING]: Scanning class com.tiviacz.travelersbackpack.handlers.NeoForgeEventHandler for @SubscribeEvent-annotated methods
[21Sep2026 02:49:20.828] [modloading-worker-0/DEBUG] [net.neoforged.fml.javafmlmod.AutomaticEventSubscriber/LOADING]: Subscribing method public static void glitchcore.neoforge.handlers.TickEventHandler.onLevelTick(net.neoforged.neoforge.event.tick.LevelTickEvent$Pre) to the game event bus
[21Sep2026 02:49:20.828] [modloading-worker-0/DEBUG] [net.neoforged.fml.javafmlmod.AutomaticEventSubscriber/LOADING]: Subscribing method public static void glitchcore.neoforge.handlers.TickEventHandler.onLevelTick(net.neoforged.neoforge.event.tick.LevelTickEvent$Post) to the game event bus
[21Sep2026 02:49:20.829] [modloading-worker-0/DEBUG] [net.neoforged.fml.javafmlmod.AutomaticEventSubscriber/LOADING]: Scanning class glitchcore.neoforge.handlers.ToolModificationEventHandler for @SubscribeEvent-annotated methods
[21Sep2026 02:49:20.830] [modloading-worker-0/DEBUG] [net.neoforged.fml.javafmlmod.AutomaticEventSubscriber/LOADING]: Subscribing method public static void glitchcore.neoforge.handlers.ToolModificationEventHandler.onToolModification(net.neoforged.neoforge.event.level.BlockEvent$BlockToolModificationEvent) to the game event bus
[21Sep2026 02:49:20.830] [modloading-worker-0/DEBUG] [net.neoforged.fml.javafmlmod.AutomaticEventSubscriber/LOADING]: Scanning class glitchcore.neoforge.handlers.TooltipEventHandler for @SubscribeEvent-annotated methods
[21Sep2026 02:49:20.833] [modloading-worker-0/DEBUG] [net.neoforged.fml.javafmlmod.AutomaticEventSubscriber/LOADING]: Subscribing method public static void glitchcore.neoforge.handlers.TooltipEventHandler.onItemTooltip(net.neoforged.neoforge.event.entity.player.ItemTooltipEvent) to the game event bus
[21Sep2026 02:49:20.836] [modloading-worker-0/INFO] [Inventory Profiles Next/]: [Inventory Profiles Next] Inventory Profiles Next - init in Kotlin
[21Sep2026 02:49:20.843] [modloading-worker-0/DEBUG] [mixin/]: Mixing impl.MixinEnvironment from glitchcore.neoforge.mixins.json into glitchcore.util.Environment
[21Sep2026 02:49:20.843] [modloading-worker-0/DEBUG] [mixin/]: glitchcore.neoforge.mixins.json:impl.MixinEnvironment from mod glitchcore: Class version 69 required is higher than the class version supported by the current version of Mixin (JAVA_17 supports class version 61)
[21Sep2026 02:49:20.844] [modloading-worker-0/DEBUG] [net.neoforged.fml.javafmlmod.AutomaticEventSubscriber/LOADING]: Attempting to inject @EventBusSubscriber classes into the eventbus for inventoryprofilesnext
[21Sep2026 02:49:20.846] [modloading-worker-0/DEBUG] [net.neoforged.fml.javafmlmod.AutomaticEventSubscriber/LOADING]: Subscribing method public static void com.tiviacz.travelersbackpack.handlers.NeoForgeEventHandler.onWorldTick(net.neoforged.neoforge.event.tick.LevelTickEvent$Post) to the game event bus
[21Sep2026 02:49:20.847] [modloading-worker-0/DEBUG] [net.neoforged.fml.javafmlmod.AutomaticEventSubscriber/LOADING]: Subscribing method public static void com.tiviacz.travelersbackpack.handlers.NeoForgeEventHandler.onServerTick(net.neoforged.neoforge.event.tick.ServerTickEvent$Post) to the game event bus
[21Sep2026 02:49:20.847] [modloading-worker-0/DEBUG] [net.neoforged.fml.javafmlmod.AutomaticEventSubscriber/LOADING]: Subscribing method public static void com.tiviacz.travelersbackpack.handlers.NeoForgeEventHandler.onPlayerDrops(net.neoforged.neoforge.event.entity.living.LivingDropsEvent) to the game event bus
[21Sep2026 02:49:20.849] [modloading-worker-0/DEBUG] [net.neoforged.fml.javafmlmod.AutomaticEventSubscriber/LOADING]: Subscribing method public static void com.tiviacz.travelersbackpack.handlers.NeoForgeEventHandler.playerSetSpawn(net.neoforged.neoforge.event.entity.player.PlayerSetSpawnEvent) to the game event bus
[21Sep2026 02:49:20.849] [modloading-worker-0/DEBUG] [net.neoforged.fml.javafmlmod.AutomaticEventSubscriber/LOADING]: Subscribing method public static void com.tiviacz.travelersbackpack.handlers.NeoForgeEventHandler.playerWakeUp(net.neoforged.neoforge.event.entity.player.PlayerWakeUpEvent) to the game event bus
[21Sep2026 02:49:20.852] [modloading-worker-0/DEBUG] [net.neoforged.fml.javafmlmod.AutomaticEventSubscriber/LOADING]: Subscribing method public static void com.tiviacz.travelersbackpack.handlers.NeoForgeEventHandler.playerRightClickBlock(net.neoforged.neoforge.event.entity.player.PlayerInteractEvent$RightClickBlock) to the game event bus
[21Sep2026 02:49:20.852] [modloading-worker-0/DEBUG] [net.neoforged.fml.javafmlmod.AutomaticEventSubscriber/LOADING]: Subscribing method public static void com.tiviacz.travelersbackpack.handlers.NeoForgeEventHandler.onEnderManAngerEvent(net.neoforged.neoforge.event.entity.living.EnderManAngerEvent) to the game event bus
[21Sep2026 02:49:20.852] [modloading-worker-0/DEBUG] [net.neoforged.fml.javafmlmod.AutomaticEventSubscriber/LOADING]: Subscribing method public static void com.tiviacz.travelersbackpack.handlers.NeoForgeEventHandler.blockBlazeProjectile(net.neoforged.neoforge.event.entity.ProjectileImpactEvent) to the game event bus
[21Sep2026 02:49:20.853] [modloading-worker-0/DEBUG] [net.neoforged.fml.javafmlmod.AutomaticEventSubscriber/LOADING]: Subscribing method public static void com.tiviacz.travelersbackpack.handlers.NeoForgeEventHandler.livingChangeTarget(net.neoforged.neoforge.event.entity.living.LivingChangeTargetEvent) to the game event bus
[21Sep2026 02:49:20.853] [modloading-worker-0/DEBUG] [net.neoforged.fml.javafmlmod.AutomaticEventSubscriber/LOADING]: Subscribing method public static void com.tiviacz.travelersbackpack.handlers.NeoForgeEventHandler.onExpPickup(net.neoforged.neoforge.event.entity.player.PlayerXpEvent$PickupXp) to the game event bus
[21Sep2026 02:49:20.853] [modloading-worker-0/DEBUG] [net.neoforged.fml.javafmlmod.AutomaticEventSubscriber/LOADING]: Subscribing method public static void com.tiviacz.travelersbackpack.handlers.NeoForgeEventHandler.playerDeath(net.neoforged.neoforge.event.entity.living.LivingDeathEvent) to the game event bus
[21Sep2026 02:49:20.853] [modloading-worker-0/DEBUG] [net.neoforged.fml.javafmlmod.AutomaticEventSubscriber/LOADING]: Subscribing method public static void com.tiviacz.travelersbackpack.handlers.NeoForgeEventHandler.playerChangeDimension(net.neoforged.neoforge.event.entity.player.PlayerEvent$PlayerChangedDimensionEvent) to the game event bus
[21Sep2026 02:49:20.856] [modloading-worker-0/DEBUG] [net.neoforged.fml.javafmlmod.AutomaticEventSubscriber/LOADING]: Subscribing method public static void com.tiviacz.travelersbackpack.handlers.NeoForgeEventHandler.playerJoin(net.neoforged.neoforge.event.entity.player.PlayerEvent$PlayerLoggedInEvent) to the game event bus
[21Sep2026 02:49:20.860] [modloading-worker-0/DEBUG] [net.neoforged.fml.javafmlmod.AutomaticEventSubscriber/LOADING]: Subscribing method public static void com.tiviacz.travelersbackpack.handlers.NeoForgeEventHandler.playerJoin(net.neoforged.neoforge.event.entity.player.PlayerEvent$PlayerRespawnEvent) to the game event bus
[21Sep2026 02:49:20.860] [modloading-worker-0/DEBUG] [net.neoforged.fml.javafmlmod.AutomaticEventSubscriber/LOADING]: Subscribing method public static void com.tiviacz.travelersbackpack.handlers.NeoForgeEventHandler.entityJoin(net.neoforged.neoforge.event.entity.EntityJoinLevelEvent) to the game event bus
[21Sep2026 02:49:20.860] [modloading-worker-0/DEBUG] [net.neoforged.fml.javafmlmod.AutomaticEventSubscriber/LOADING]: Subscribing method public static void com.tiviacz.travelersbackpack.handlers.NeoForgeEventHandler.finalizeSpawnEvent(net.neoforged.neoforge.event.entity.living.FinalizeSpawnEvent) to the game event bus
[21Sep2026 02:49:20.860] [modloading-worker-0/DEBUG] [net.neoforged.fml.javafmlmod.AutomaticEventSubscriber/LOADING]: Subscribing method public static void com.tiviacz.travelersbackpack.handlers.NeoForgeEventHandler.playerTracking(net.neoforged.neoforge.event.entity.player.PlayerEvent$StartTracking) to the game event bus
[21Sep2026 02:49:20.861] [modloading-worker-0/DEBUG] [net.neoforged.fml.javafmlmod.AutomaticEventSubscriber/LOADING]: Subscribing method public static void com.tiviacz.travelersbackpack.handlers.NeoForgeEventHandler.playerTick(net.neoforged.neoforge.event.tick.PlayerTickEvent$Post) to the game event bus
[21Sep2026 02:49:20.861] [modloading-worker-0/DEBUG] [net.neoforged.fml.javafmlmod.AutomaticEventSubscriber/LOADING]: Subscribing method public static void com.tiviacz.travelersbackpack.handlers.NeoForgeEventHandler.registerCommands(net.neoforged.neoforge.event.RegisterCommandsEvent) to the game event bus
[21Sep2026 02:49:20.861] [modloading-worker-0/DEBUG] [net.neoforged.fml.javafmlmod.AutomaticEventSubscriber/LOADING]: Subscribing method public static void com.tiviacz.travelersbackpack.handlers.NeoForgeEventHandler.onHit(net.neoforged.neoforge.event.entity.player.AttackEntityEvent) to the game event bus
[21Sep2026 02:49:20.862] [modloading-worker-0/DEBUG] [net.neoforged.fml.javafmlmod.AutomaticEventSubscriber/LOADING]: Subscribing method public static void com.tiviacz.travelersbackpack.handlers.NeoForgeEventHandler.onItemPickup(net.neoforged.neoforge.event.entity.player.ItemEntityPickupEvent$Pre) to the game event bus
[21Sep2026 02:49:20.863] [modloading-worker-0/DEBUG] [net.neoforged.fml.javafmlmod.AutomaticEventSubscriber/LOADING]: Subscribing method public static void ovh.corail.tombstone.entity.trade.TradeManager.onAddReloadListener(net.neoforged.neoforge.event.AddServerReloadListenersEvent) to the game event bus
[21Sep2026 02:49:20.863] [modloading-worker-0/DEBUG] [net.neoforged.fml.javafmlmod.AutomaticEventSubscriber/LOADING]: Scanning class ovh.corail.tombstone.event.EventHandler for @SubscribeEvent-annotated methods
[21Sep2026 02:49:20.879] [modloading-worker-0/DEBUG] [net.neoforged.fml.javafmlmod.AutomaticEventSubscriber/LOADING]: Subscribing method public static void ovh.corail.tombstone.event.EventHandler.onClone(net.neoforged.neoforge.event.entity.player.PlayerEvent$Clone) to the game event bus
[21Sep2026 02:49:20.880] [modloading-worker-0/DEBUG] [net.neoforged.fml.javafmlmod.AutomaticEventSubscriber/LOADING]: Subscribing method public static void ovh.corail.tombstone.event.EventHandler.onServerStoppingEvent(net.neoforged.neoforge.event.server.ServerStoppingEvent) to the game event bus
[21Sep2026 02:49:20.881] [modloading-worker-0/DEBUG] [net.neoforged.fml.javafmlmod.AutomaticEventSubscriber/LOADING]: Subscribing method public static void ovh.corail.tombstone.event.EventHandler.onRegisterCommand(net.neoforged.neoforge.event.RegisterCommandsEvent) to the game event bus
[21Sep2026 02:49:20.881] [modloading-worker-0/DEBUG] [net.neoforged.fml.javafmlmod.AutomaticEventSubscriber/LOADING]: Subscribing method public static void ovh.corail.tombstone.event.EventHandler.onUseCommand(net.neoforged.neoforge.event.CommandEvent) to the game event bus
[21Sep2026 02:49:20.882] [modloading-worker-0/DEBUG] [net.neoforged.fml.javafmlmod.AutomaticEventSubscriber/LOADING]: Subscribing method public static void ovh.corail.tombstone.event.EventHandler.onDetonate(net.neoforged.neoforge.event.level.ExplosionEvent$Detonate) to the game event bus
[21Sep2026 02:49:20.883] [modloading-worker-0/DEBUG] [net.neoforged.fml.javafmlmod.AutomaticEventSubscriber/LOADING]: Subscribing method public static void ovh.corail.tombstone.event.EventHandler.onModifyCustomSpawners(net.neoforged.neoforge.event.level.ModifyCustomSpawnersEvent) to the game event bus
[21Sep2026 02:49:20.884] [modloading-worker-0/DEBUG] [net.neoforged.fml.javafmlmod.AutomaticEventSubscriber/LOADING]: Subscribing method public static void ovh.corail.tombstone.event.EventHandler.onLivingIncomingDamage(net.neoforged.neoforge.event.entity.living.LivingIncomingDamageEvent) to the game event bus
[21Sep2026 02:49:20.884] [modloading-worker-0/DEBUG] [net.neoforged.fml.javafmlmod.AutomaticEventSubscriber/LOADING]: Subscribing method public static void ovh.corail.tombstone.event.EventHandler.onPreventDeathPre(net.neoforged.neoforge.event.entity.living.LivingDamageEvent$Pre) to the game event bus
[21Sep2026 02:49:20.884] [modloading-worker-0/DEBUG] [net.neoforged.fml.javafmlmod.AutomaticEventSubscriber/LOADING]: Subscribing method public static void ovh.corail.tombstone.event.EventHandler.onCheckHidden(net.neoforged.neoforge.event.entity.living.LivingEvent$LivingVisibilityEvent) to the game event bus
[21Sep2026 02:49:20.885] [modloading-worker-0/DEBUG] [net.neoforged.fml.javafmlmod.AutomaticEventSubscriber/LOADING]: Subscribing method public static void ovh.corail.tombstone.event.EventHandler.onCheckDiscretion(net.neoforged.neoforge.event.entity.living.LivingEvent$LivingVisibilityEvent) to the game event bus
[21Sep2026 02:49:20.885] [modloading-worker-0/DEBUG] [net.neoforged.fml.javafmlmod.AutomaticEventSubscriber/LOADING]: Subscribing method public static void ovh.corail.tombstone.event.EventHandler.onPlayerRespawn(net.neoforged.neoforge.event.entity.player.PlayerEvent$PlayerRespawnEvent) to the game event bus
[21Sep2026 02:49:20.886] [modloading-worker-0/DEBUG] [net.neoforged.fml.javafmlmod.AutomaticEventSubscriber/LOADING]: Subscribing method public static void ovh.corail.tombstone.event.EventHandler.onPlayerDeath(net.neoforged.neoforge.event.entity.living.LivingDeathEvent) to the game event bus
[21Sep2026 02:49:20.886] [modloading-worker-0/DEBUG] [net.neoforged.fml.javafmlmod.AutomaticEventSubscriber/LOADING]: Subscribing method public static void ovh.corail.tombstone.event.EventHandler.onLivingExperienceDrop(net.neoforged.neoforge.event.entity.living.LivingExperienceDropEvent) to the game event bus
[21Sep2026 02:49:20.888] [modloading-worker-0/DEBUG] [net.neoforged.fml.javafmlmod.AutomaticEventSubscriber/LOADING]: Subscribing method public static void ovh.corail.tombstone.event.EventHandler.onHandleSoulbound(net.neoforged.neoforge.event.entity.living.LivingDropsEvent) to the game event bus
[21Sep2026 02:49:20.888] [modloading-worker-0/DEBUG] [net.neoforged.fml.javafmlmod.AutomaticEventSubscriber/LOADING]: Subscribing method public static void ovh.corail.tombstone.event.EventHandler.onDrops(net.neoforged.neoforge.event.entity.living.LivingDropsEvent) to the game event bus
[21Sep2026 02:49:20.889] [modloading-worker-0/DEBUG] [net.neoforged.fml.javafmlmod.AutomaticEventSubscriber/LOADING]: Subscribing method public static void ovh.corail.tombstone.event.EventHandler.onAnvilRepair(net.neoforged.neoforge.event.entity.player.AnvilCraftEvent$Post) to the game event bus
[21Sep2026 02:49:20.889] [modloading-worker-0/DEBUG] [net.neoforged.fml.javafmlmod.AutomaticEventSubscriber/LOADING]: Subscribing method public static void ovh.corail.tombstone.event.EventHandler.onLivingUpdate(net.neoforged.neoforge.event.tick.EntityTickEvent$Pre) to the game event bus
[21Sep2026 02:49:20.889] [modloading-worker-0/DEBUG] [net.neoforged.fml.javafmlmod.AutomaticEventSubscriber/LOADING]: Subscribing method public static void ovh.corail.tombstone.event.EventHandler.onTrackingStart(net.neoforged.neoforge.event.entity.player.PlayerEvent$StartTracking) to the game event bus
[21Sep2026 02:49:20.890] [modloading-worker-0/DEBUG] [net.neoforged.fml.javafmlmod.AutomaticEventSubscriber/LOADING]: Subscribing method public static void ovh.corail.tombstone.event.EventHandler.onEffectApplied(net.neoforged.neoforge.event.entity.living.MobEffectEvent$Applicable) to the game event bus
[21Sep2026 02:49:20.895] [modloading-worker-0/DEBUG] [net.neoforged.fml.javafmlmod.AutomaticEventSubscriber/LOADING]: Subscribing method public static void ovh.corail.tombstone.event.EventHandler.onEffectExpired(net.neoforged.neoforge.event.entity.living.MobEffectEvent$Expired) to the game event bus
[21Sep2026 02:49:20.895] [modloading-worker-0/DEBUG] [net.neoforged.fml.javafmlmod.AutomaticEventSubscriber/LOADING]: Subscribing method public static void ovh.corail.tombstone.event.EventHandler.onSyncOnChangedDimension(net.neoforged.neoforge.event.entity.player.PlayerEvent$PlayerChangedDimensionEvent) to the game event bus
[21Sep2026 02:49:20.896] [modloading-worker-0/DEBUG] [net.neoforged.fml.javafmlmod.AutomaticEventSubscriber/LOADING]: Subscribing method public static void ovh.corail.tombstone.event.EventHandler.onPlayerInteractEntity(net.neoforged.neoforge.event.entity.player.PlayerInteractEvent$EntityInteract) to the game event bus
[21Sep2026 02:49:20.896] [modloading-worker-0/DEBUG] [net.neoforged.fml.javafmlmod.AutomaticEventSubscriber/LOADING]: Subscribing method public static void ovh.corail.tombstone.event.EventHandler.onPhantomTime(ovh.corail.tombstone.api.event.PhantomSpawnerEvent$TimeForCheck) to the game event bus
[21Sep2026 02:49:20.896] [modloading-worker-0/DEBUG] [net.neoforged.fml.javafmlmod.AutomaticEventSubscriber/LOADING]: Subscribing method public static void ovh.corail.tombstone.event.EventHandler.onEntitySpawn(net.neoforged.neoforge.event.entity.EntityJoinLevelEvent) to the game event bus
[21Sep2026 02:49:20.897] [modloading-worker-0/DEBUG] [net.neoforged.fml.javafmlmod.AutomaticEventSubscriber/LOADING]: Subscribing method public static void ovh.corail.tombstone.event.EventHandler.onEntityHeal(net.neoforged.neoforge.event.entity.living.LivingHealEvent) to the game event bus
[21Sep2026 02:49:20.897] [modloading-worker-0/DEBUG] [net.neoforged.fml.javafmlmod.AutomaticEventSubscriber/LOADING]: Subscribing method public static void ovh.corail.tombstone.event.EventHandler.onStartingLivingConversion(net.neoforged.neoforge.event.entity.living.LivingConversionEvent$Pre) to the game event bus
[21Sep2026 02:49:20.897] [modloading-worker-0/DEBUG] [net.neoforged.fml.javafmlmod.AutomaticEventSubscriber/LOADING]: Subscribing method public static void ovh.corail.tombstone.event.EventHandler.onCriticalHit(net.neoforged.neoforge.event.entity.player.CriticalHitEvent) to the game event bus
[21Sep2026 02:49:20.898] [modloading-worker-0/DEBUG] [net.neoforged.fml.javafmlmod.AutomaticEventSubscriber/LOADING]: Subscribing method public static void ovh.corail.tombstone.event.EventHandler.onServerLevelTick(net.neoforged.neoforge.event.tick.LevelTickEvent$Post) to the game event bus
[21Sep2026 02:49:20.898] [modloading-worker-0/DEBUG] [net.neoforged.fml.javafmlmod.AutomaticEventSubscriber/LOADING]: Subscribing method public static void ovh.corail.tombstone.event.EventHandler.onPlayerWakeUp(net.neoforged.neoforge.event.entity.player.PlayerWakeUpEvent) to the game event bus
[21Sep2026 02:49:20.898] [modloading-worker-0/DEBUG] [net.neoforged.fml.javafmlmod.AutomaticEventSubscriber/LOADING]: Subscribing method public static void ovh.corail.tombstone.event.EventHandler.onBlockPlaced(net.neoforged.neoforge.event.level.BlockEvent$EntityPlaceEvent) to the game event bus
[21Sep2026 02:49:20.898] [modloading-worker-0/DEBUG] [net.neoforged.fml.javafmlmod.AutomaticEventSubscriber/LOADING]: Subscribing method public static void ovh.corail.tombstone.event.EventHandler.onEnteringSection(net.neoforged.neoforge.event.entity.EntityEvent$EnteringSection) to the game event bus
[21Sep2026 02:49:20.899] [modloading-worker-0/DEBUG] [net.neoforged.fml.javafmlmod.AutomaticEventSubscriber/LOADING]: Subscribing method public static void ovh.corail.tombstone.event.EventHandler.onPlayerLoggedIn(net.neoforged.neoforge.event.entity.player.PlayerEvent$PlayerLoggedInEvent) to the game event bus
[21Sep2026 02:49:20.899] [modloading-worker-0/DEBUG] [net.neoforged.fml.javafmlmod.AutomaticEventSubscriber/LOADING]: Subscribing method public static void ovh.corail.tombstone.event.EventHandler.onServerTick(net.neoforged.neoforge.event.tick.ServerTickEvent$Post) to the game event bus
[21Sep2026 02:49:20.899] [modloading-worker-0/DEBUG] [net.neoforged.fml.javafmlmod.AutomaticEventSubscriber/LOADING]: Subscribing method public static void ovh.corail.tombstone.event.EventHandler.onWorldLoad(net.neoforged.neoforge.event.level.LevelEvent$Load) to the game event bus
[21Sep2026 02:49:20.900] [modloading-worker-0/DEBUG] [net.neoforged.fml.javafmlmod.AutomaticEventSubscriber/LOADING]: Subscribing method public static void ovh.corail.tombstone.event.EventHandler.onEffectRemoved(net.neoforged.neoforge.event.entity.living.MobEffectEvent$Remove) to the game event bus
[21Sep2026 02:49:20.900] [modloading-worker-0/DEBUG] [net.neoforged.fml.javafmlmod.AutomaticEventSubscriber/LOADING]: Subscribing method public static void ovh.corail.tombstone.event.EventHandler.onLivingDamagePre(net.neoforged.neoforge.event.entity.living.LivingDamageEvent$Pre) to the game event bus
[21Sep2026 02:49:20.900] [modloading-worker-0/DEBUG] [net.neoforged.fml.javafmlmod.AutomaticEventSubscriber/LOADING]: Subscribing method public static void ovh.corail.tombstone.event.EventHandler.onProjectileImpact(net.neoforged.neoforge.event.entity.ProjectileImpactEvent) to the game event bus
[21Sep2026 02:49:20.901] [modloading-worker-0/DEBUG] [net.neoforged.fml.javafmlmod.AutomaticEventSubscriber/LOADING]: Subscribing method public static void ovh.corail.tombstone.event.EventHandler.onAnvilUpdate(net.neoforged.neoforge.event.AnvilUpdateEvent) to the game event bus
[21Sep2026 02:49:20.901] [modloading-worker-0/DEBUG] [net.neoforged.fml.javafmlmod.AutomaticEventSubscriber/LOADING]: Subscribing method public static void ovh.corail.tombstone.event.EventHandler.onBreak(net.neoforged.neoforge.event.level.block.BreakBlockEvent) to the game event bus
[21Sep2026 02:49:20.901] [modloading-worker-0/DEBUG] [net.neoforged.fml.javafmlmod.AutomaticEventSubscriber/LOADING]: Subscribing method public static void ovh.corail.tombstone.event.EventHandler.onLeftClickBlock(net.neoforged.neoforge.event.entity.player.PlayerInteractEvent$LeftClickBlock) to the game event bus
[21Sep2026 02:49:20.902] [modloading-worker-0/DEBUG] [net.neoforged.fml.javafmlmod.AutomaticEventSubscriber/LOADING]: Subscribing method public static void ovh.corail.tombstone.event.EventHandler.onRightClickBlock(net.neoforged.neoforge.event.entity.player.PlayerInteractEvent$RightClickBlock) to the game event bus
[21Sep2026 02:49:20.903] [modloading-worker-0/DEBUG] [net.neoforged.fml.javafmlmod.AutomaticEventSubscriber/LOADING]: Subscribing method public static void ovh.corail.tombstone.event.EventHandler.onServerStarting(net.neoforged.neoforge.event.server.ServerStartingEvent) to the game event bus
[21Sep2026 02:49:20.906] [modloading-worker-0/DEBUG] [net.neoforged.fml.javafmlmod.AutomaticEventSubscriber/LOADING]: Subscribing method public static void ovh.corail.tombstone.event.EventHandler.onPlayerLoggedOut(net.neoforged.neoforge.event.entity.player.PlayerEvent$PlayerLoggedOutEvent) to the game event bus
[21Sep2026 02:49:20.906] [modloading-worker-0/DEBUG] [net.neoforged.fml.javafmlmod.AutomaticEventSubscriber/LOADING]: Scanning class ovh.corail.tombstone.helper.LootHelper for @SubscribeEvent-annotated methods
[21Sep2026 02:49:20.912] [modloading-worker-0/DEBUG] [net.neoforged.fml.javafmlmod.AutomaticEventSubscriber/LOADING]: Attempting to inject @EventBusSubscriber classes into the eventbus for balm
[21Sep2026 02:49:20.912] [modloading-worker-0/DEBUG] [net.neoforged.fml.javafmlmod.AutomaticEventSubscriber/LOADING]: Attempting to inject @EventBusSubscriber classes into the eventbus for shogi_api
[21Sep2026 02:49:20.913] [modloading-worker-0/DEBUG] [net.neoforged.fml.javafmlmod.AutomaticEventSubscriber/LOADING]: Attempting to inject @EventBusSubscriber classes into the eventbus for journeymap_api
[21Sep2026 02:49:20.913] [modloading-worker-0/DEBUG] [playerrevive/]: Created network playerrevive:main
[21Sep2026 02:49:20.919] [modloading-worker-0/DEBUG] [net.neoforged.fml.javafmlmod.AutomaticEventSubscriber/LOADING]: Attempting to inject @EventBusSubscriber classes into the eventbus for playerrevive
[21Sep2026 02:49:20.936] [modloading-worker-0/DEBUG] [mixin/]: Mixing MixinBloodFluid from biomesoplenty.neoforge.mixins.json into biomesoplenty.block.BloodFluid
[21Sep2026 02:49:20.937] [modloading-worker-0/DEBUG] [mixin/]: biomesoplenty.neoforge.mixins.json:MixinBloodFluid from mod biomesoplenty: Class version 69 required is higher than the class version supported by the current version of Mixin (JAVA_17 supports class version 61)
[21Sep2026 02:49:20.941] [modloading-worker-0/DEBUG] [net.neoforged.fml.javafmlmod.AutomaticEventSubscriber/LOADING]: Attempting to inject @EventBusSubscriber classes into the eventbus for replantingcrops
[21Sep2026 02:49:20.943] [modloading-worker-0/DEBUG] [mixin/]: Mixing MixinLiquidNullFluid from biomesoplenty.neoforge.mixins.json into biomesoplenty.block.LiquidNullFluid
[21Sep2026 02:49:20.943] [modloading-worker-0/DEBUG] [mixin/]: biomesoplenty.neoforge.mixins.json:MixinLiquidNullFluid from mod biomesoplenty: Class version 69 required is higher than the class version supported by the current version of Mixin (JAVA_17 supports class version 61)
[21Sep2026 02:49:20.947] [modloading-worker-0/DEBUG] [net.neoforged.fml.javafmlmod.AutomaticEventSubscriber/LOADING]: Subscribing method public static void ovh.corail.tombstone.helper.LootHelper.onDrops(net.neoforged.neoforge.event.entity.living.LivingDropsEvent) to the game event bus
[21Sep2026 02:49:20.947] [modloading-worker-0/DEBUG] [net.neoforged.fml.javafmlmod.AutomaticEventSubscriber/LOADING]: Subscribing method public static void ovh.corail.tombstone.helper.LootHelper.onLootTableLoad(net.neoforged.neoforge.event.LootTableLoadEvent) to the game event bus
[21Sep2026 02:49:20.947] [modloading-worker-0/DEBUG] [net.neoforged.fml.javafmlmod.AutomaticEventSubscriber/LOADING]: Subscribing method public static void ovh.corail.tombstone.helper.LootHelper.onReloadListener(net.neoforged.neoforge.event.AddServerReloadListenersEvent) to the game event bus
[21Sep2026 02:49:20.948] [modloading-worker-0/DEBUG] [net.neoforged.fml.javafmlmod.AutomaticEventSubscriber/LOADING]: Scanning class ovh.corail.tombstone.helper.PlacedBlocksTracker$PlacedBlocksEvents for @SubscribeEvent-annotated methods
[21Sep2026 02:49:20.948] [modloading-worker-0/DEBUG] [net.neoforged.fml.javafmlmod.AutomaticEventSubscriber/LOADING]: Subscribing method public static void ovh.corail.tombstone.helper.PlacedBlocksTracker$PlacedBlocksEvents.onPlacedBlock(net.neoforged.neoforge.event.level.BlockEvent$EntityPlaceEvent) to the game event bus
[21Sep2026 02:49:20.949] [modloading-worker-0/DEBUG] [net.neoforged.fml.javafmlmod.AutomaticEventSubscriber/LOADING]: Subscribing method public static void ovh.corail.tombstone.helper.PlacedBlocksTracker$PlacedBlocksEvents.onBrokenBlock(net.neoforged.neoforge.event.level.block.BreakBlockEvent) to the game event bus
[21Sep2026 02:49:20.949] [modloading-worker-0/DEBUG] [net.neoforged.fml.javafmlmod.AutomaticEventSubscriber/LOADING]: Scanning class ovh.corail.tombstone.network.PacketHandler for @SubscribeEvent-annotated methods
[21Sep2026 02:49:20.954] [modloading-worker-0/DEBUG] [net.neoforged.fml.javafmlmod.AutomaticEventSubscriber/LOADING]: Subscribing method public static void ovh.corail.tombstone.network.PacketHandler.onRegisterPayloadHandler(net.neoforged.neoforge.network.event.RegisterPayloadHandlersEvent) to the event bus of mod tombstone
[21Sep2026 02:49:20.956] [modloading-worker-0/DEBUG] [net.neoforged.fml.javafmlmod.AutomaticEventSubscriber/LOADING]: Scanning class ovh.corail.tombstone.perk.PerkRegistry for @SubscribeEvent-annotated methods
[21Sep2026 02:49:20.957] [modloading-worker-0/DEBUG] [net.neoforged.fml.javafmlmod.AutomaticEventSubscriber/LOADING]: Subscribing method public static void ovh.corail.tombstone.perk.PerkRegistry.createRegistry(net.neoforged.neoforge.registries.NewRegistryEvent) to the event bus of mod tombstone
[21Sep2026 02:49:20.960] [modloading-worker-0/DEBUG] [net.neoforged.fml.javafmlmod.AutomaticEventSubscriber/LOADING]: Scanning class ovh.corail.tombstone.registry.ModPotions for @SubscribeEvent-annotated methods
[21Sep2026 02:49:20.967] [modloading-worker-0/DEBUG] [net.neoforged.fml.javafmlmod.AutomaticEventSubscriber/LOADING]: Subscribing method public static void ovh.corail.tombstone.registry.ModPotions.onBrewingRecipeRegister(net.neoforged.neoforge.event.brewing.RegisterBrewingRecipesEvent) to the game event bus
[21Sep2026 02:49:20.967] [modloading-worker-0/DEBUG] [net.neoforged.fml.javafmlmod.AutomaticEventSubscriber/LOADING]: Scanning class ovh.corail.tombstone.registry.Registration for @SubscribeEvent-annotated methods
[21Sep2026 02:49:20.968] [modloading-worker-0/DEBUG] [net.neoforged.fml.javafmlmod.AutomaticEventSubscriber/LOADING]: Subscribing method public static void ovh.corail.tombstone.registry.Registration.onRegistration(net.neoforged.neoforge.registries.RegisterEvent) to the event bus of mod tombstone
[21Sep2026 02:49:20.969] [modloading-worker-0/DEBUG] [net.neoforged.fml.javafmlmod.AutomaticEventSubscriber/LOADING]: Subscribing method public static void ovh.corail.tombstone.registry.Registration.onRegisterAttributes(net.neoforged.neoforge.event.entity.EntityAttributeCreationEvent) to the event bus of mod tombstone
[21Sep2026 02:49:20.993] [modloading-worker-0/DEBUG] [net.neoforged.fml.javafmlmod.AutomaticEventSubscriber/LOADING]: Attempting to inject @EventBusSubscriber classes into the eventbus for fallingtree
[21Sep2026 02:49:21.002] [modloading-worker-0/DEBUG] [net.neoforged.fml.javafmlmod.AutomaticEventSubscriber/LOADING]: Attempting to inject @EventBusSubscriber classes into the eventbus for biomesoplenty
[21Sep2026 02:49:21.002] [modloading-worker-0/DEBUG] [net.neoforged.fml.javafmlmod.AutomaticEventSubscriber/LOADING]: Scanning class biomesoplenty.neoforge.client.FluidClientHandler for @SubscribeEvent-annotated methods
[21Sep2026 02:49:21.004] [modloading-worker-0/DEBUG] [net.neoforged.fml.javafmlmod.AutomaticEventSubscriber/LOADING]: Subscribing method public static void biomesoplenty.neoforge.client.FluidClientHandler.onRegisterFluidModels(net.neoforged.neoforge.client.event.RegisterFluidModelsEvent) to the event bus of mod biomesoplenty
[21Sep2026 02:49:21.004] [modloading-worker-0/DEBUG] [net.neoforged.fml.javafmlmod.AutomaticEventSubscriber/LOADING]: Subscribing method public static void biomesoplenty.neoforge.client.FluidClientHandler.onRegisterClientExtensions(net.neoforged.neoforge.client.extensions.common.RegisterClientExtensionsEvent) to the event bus of mod biomesoplenty
[21Sep2026 02:49:21.004] [modloading-worker-0/DEBUG] [net.neoforged.fml.javafmlmod.AutomaticEventSubscriber/LOADING]: Scanning class biomesoplenty.neoforge.datagen.DataGenerationHandler for @SubscribeEvent-annotated methods
[21Sep2026 02:49:21.019] [modloading-worker-0/DEBUG] [net.neoforged.fml.javafmlmod.AutomaticEventSubscriber/LOADING]: Subscribing method public static void biomesoplenty.neoforge.datagen.DataGenerationHandler.onGatherData(net.neoforged.neoforge.data.event.GatherDataEvent$Client) to the event bus of mod biomesoplenty
[21Sep2026 02:49:21.765] [modloading-sync-worker/DEBUG] [mixin/]: Mixing impl.MixinBlockHelper from glitchcore.neoforge.mixins.json into glitchcore.util.BlockHelper
[21Sep2026 02:49:21.766] [modloading-sync-worker/DEBUG] [mixin/]: glitchcore.neoforge.mixins.json:impl.MixinBlockHelper from mod glitchcore: Class version 69 required is higher than the class version supported by the current version of Mixin (JAVA_17 supports class version 61)
[21Sep2026 02:49:22.574] [modloading-sync-worker/DEBUG] [net.neoforged.fml.config.ConfigTracker/CONFIG]: Loading configs type COMMON
[21Sep2026 02:49:22.582] [modloading-sync-worker/DEBUG] [net.neoforged.fml.config.ConfigTracker/CONFIG]: Loaded TOML config file /workspaces/SERVER-DISLEXICO-03/servidor_minecraft/config/repurposed_structures-neoforge/modded_loot.toml
[21Sep2026 02:49:22.588] [modloading-sync-worker/DEBUG] [net.neoforged.fml.config.ConfigTracker/CONFIG]: Watching TOML config file /workspaces/SERVER-DISLEXICO-03/servidor_minecraft/config/repurposed_structures-neoforge/modded_loot.toml for changes
[21Sep2026 02:49:22.591] [modloading-sync-worker/DEBUG] [net.neoforged.fml.config.ConfigTracker/CONFIG]: Loaded TOML config file /workspaces/SERVER-DISLEXICO-03/servidor_minecraft/config/trashslot-common.toml
[21Sep2026 02:49:22.591] [modloading-sync-worker/DEBUG] [net.neoforged.fml.config.ConfigTracker/CONFIG]: Watching TOML config file /workspaces/SERVER-DISLEXICO-03/servidor_minecraft/config/trashslot-common.toml for changes
[21Sep2026 02:49:22.593] [modloading-sync-worker/WARN] [net.neoforged.fml.config.ConfigTracker/CONFIG]: Configuration file /workspaces/SERVER-DISLEXICO-03/servidor_minecraft/config/waystones-common.toml is not correct. Correcting
[21Sep2026 02:49:22.604] [modloading-sync-worker/DEBUG] [net.neoforged.fml.config.ConfigTracker/CONFIG]: Loaded TOML config file /workspaces/SERVER-DISLEXICO-03/servidor_minecraft/config/waystones-common.toml
[21Sep2026 02:49:22.604] [modloading-sync-worker/DEBUG] [net.neoforged.fml.config.ConfigTracker/CONFIG]: Watching TOML config file /workspaces/SERVER-DISLEXICO-03/servidor_minecraft/config/waystones-common.toml for changes
[21Sep2026 02:49:22.605] [modloading-sync-worker/DEBUG] [net.neoforged.neoforge.common.NeoForgeMod/FORGEMOD]: Loaded NeoForge config file neoforge-common.toml
[21Sep2026 02:49:22.605] [modloading-sync-worker/DEBUG] [net.neoforged.fml.config.ConfigTracker/CONFIG]: Loaded TOML config file /workspaces/SERVER-DISLEXICO-03/servidor_minecraft/config/neoforge-common.toml
[21Sep2026 02:49:22.605] [modloading-sync-worker/DEBUG] [net.neoforged.fml.config.ConfigTracker/CONFIG]: Watching TOML config file /workspaces/SERVER-DISLEXICO-03/servidor_minecraft/config/neoforge-common.toml for changes
[21Sep2026 02:49:22.606] [modloading-sync-worker/DEBUG] [net.neoforged.fml.config.ConfigTracker/CONFIG]: Loaded TOML config file /workspaces/SERVER-DISLEXICO-03/servidor_minecraft/config/travelersbackpack-common.toml
[21Sep2026 02:49:22.606] [modloading-sync-worker/DEBUG] [net.neoforged.fml.config.ConfigTracker/CONFIG]: Watching TOML config file /workspaces/SERVER-DISLEXICO-03/servidor_minecraft/config/travelersbackpack-common.toml for changes
[21Sep2026 02:49:22.608] [modloading-sync-worker/DEBUG] [net.neoforged.fml.config.ConfigTracker/CONFIG]: Loaded TOML config file /workspaces/SERVER-DISLEXICO-03/servidor_minecraft/config/dungeon_crawl.toml
[21Sep2026 02:49:22.608] [modloading-sync-worker/DEBUG] [net.neoforged.fml.config.ConfigTracker/CONFIG]: Watching TOML config file /workspaces/SERVER-DISLEXICO-03/servidor_minecraft/config/dungeon_crawl.toml for changes
[21Sep2026 02:49:22.612] [modloading-sync-worker/DEBUG] [net.neoforged.fml.config.ConfigTracker/CONFIG]: Loaded TOML config file /workspaces/SERVER-DISLEXICO-03/servidor_minecraft/config/tombstone-common.toml
[21Sep2026 02:49:22.612] [modloading-sync-worker/DEBUG] [net.neoforged.fml.config.ConfigTracker/CONFIG]: Watching TOML config file /workspaces/SERVER-DISLEXICO-03/servidor_minecraft/config/tombstone-common.toml for changes
[21Sep2026 02:49:22.621] [NeoForge Version Check/INFO] [net.neoforged.fml.VersionChecker/]: [journeymap] Starting version check at https://neoforge.curseupdate.com/32274/journeymap
[21Sep2026 02:49:22.653] [modloading-sync-worker/DEBUG] [net.neoforged.fml.DeferredWorkQueue/LOADING]: Dispatching synchronous work for work queue Common setup: 4 jobs
[21Sep2026 02:49:22.659] [modloading-sync-worker/INFO] [com.tiviacz.travelersbackpack.TravelersBackpack/]: Registered the FluidEffect with Unique ID of minecraft:water for Reference{ResourceKey[minecraft:fluid / minecraft:water]=minecraft:water} (Fluid Amount Required: 1000) with the ID 0
[21Sep2026 02:49:22.659] [modloading-sync-worker/INFO] [com.tiviacz.travelersbackpack.TravelersBackpack/]: Registered the FluidEffect with Unique ID of minecraft:lava for Reference{ResourceKey[minecraft:fluid / minecraft:lava]=minecraft:lava} (Fluid Amount Required: 1000) with the ID 1
[21Sep2026 02:49:22.660] [modloading-sync-worker/INFO] [com.tiviacz.travelersbackpack.TravelersBackpack/]: Registered the FluidEffect with Unique ID of travelersbackpack:potion for Reference{ResourceKey[minecraft:fluid / travelersbackpack:potion_fluid]=travelersbackpack:potion_fluid} (Fluid Amount Required: 250) with the ID 2
[21Sep2026 02:49:22.660] [modloading-sync-worker/INFO] [com.tiviacz.travelersbackpack.TravelersBackpack/]: Registered the FluidEffect with Unique ID of minecraft:milk for Reference{ResourceKey[minecraft:fluid / minecraft:milk]=minecraft:milk} (Fluid Amount Required: 1000) with the ID 3
[21Sep2026 02:49:22.662] [modloading-sync-worker/INFO] [terrablender/]: Registered region minecraft:overworld to index 0 for type OVERWORLD
[21Sep2026 02:49:22.662] [modloading-sync-worker/INFO] [terrablender/]: Registered region minecraft:nether to index 0 for type NETHER
[21Sep2026 02:49:22.662] [modloading-sync-worker/INFO] [terrablender/]: Registered region biomesoplenty:overworld_primary to index 1 for type OVERWORLD
[21Sep2026 02:49:22.662] [modloading-sync-worker/INFO] [terrablender/]: Registered region biomesoplenty:overworld_secondary to index 2 for type OVERWORLD
[21Sep2026 02:49:22.663] [modloading-sync-worker/INFO] [terrablender/]: Registered region biomesoplenty:overworld_rare to index 3 for type OVERWORLD
[21Sep2026 02:49:22.663] [modloading-sync-worker/INFO] [terrablender/]: Registered region biomesoplenty:nether_common to index 1 for type NETHER
[21Sep2026 02:49:22.663] [modloading-sync-worker/INFO] [terrablender/]: Registered region biomesoplenty:nether_rare to index 2 for type NETHER
[21Sep2026 02:49:22.670] [modloading-sync-worker/DEBUG] [net.neoforged.fml.DeferredWorkQueue/LOADING]: Synchronous work queue completed in 15.75 ms
[21Sep2026 02:49:22.721] [NeoForge Version Check/DEBUG] [net.neoforged.fml.VersionChecker/]: [journeymap] Received version check data:
{"promos":{"1.20.1-latest":"5.9.18","1.20.1-recommended":"5.9.18","1.20.2-latest":"5.9.22","1.20.2-recommended":"5.9.22","1.20.3-latest":"5.9.18","1.20.3-recommended":"5.9.18","1.20.4-latest":"5.10.0","1.20.4-recommended":"5.10.0","1.20.5-latest":"5.9.27","1.20.5-recommended":"5.9.27","1.20.6-latest":"5.10.0","1.20.6-recommended":"5.10.0","1.21-latest":"1.21-6.0.0-beta.27","1.21.1-latest":"1.21.1-6.0.0-beta.52","1.21.4-latest":"1.21.4-6.0.0-beta.45","1.21.5-latest":"1.21.5-6.0.0-beta.52","1.21.6-latest":"1.21.6-6.0.0-beta.52","1.21.7-latest":"1.21.7-6.0.0-beta.53","1.21.8-latest":"1.21.8-6.0.0-beta.52"},"homepage":"https://www.curseforge.com/minecraft/mc-mods/journeymap"}
[21Sep2026 02:49:22.722] [NeoForge Version Check/INFO] [net.neoforged.fml.VersionChecker/]: [journeymap] Found status: BETA Current: 26.2-6.0.8 Target: null
[21Sep2026 02:49:22.722] [NeoForge Version Check/INFO] [net.neoforged.fml.VersionChecker/]: [tombstone] Starting version check at https://raw.githubusercontent.com/Corail31/tombstone_lite/master/neoforge-update.json
[21Sep2026 02:49:22.798] [NeoForge Version Check/DEBUG] [net.neoforged.fml.VersionChecker/]: [tombstone] Received version check data:
{
	"homepage": "https://modrinth.com/mod/corail-tombstone",
	"promos": {
		"26.2-latest": "9.9.3",
		"26.2-recommended": "9.9.3",
		"26.1.2-latest": "9.8.4",
		"26.1.2-recommended": "9.8.4",
		"1.21.11-latest": "9.7.1",
		"1.21.11-recommended": "9.7.1",
		"1.21.10-latest": "9.6.2",
		"1.21.10-recommended": "9.6.2",
		"1.21.9-latest": "9.6.2",
		"1.21.9-recommended": "9.6.2",
		"1.21.8-latest": "9.5.11",
		"1.21.8-recommended": "9.5.11",
		"1.21.7-latest": "9.5.11",
		"1.21.7-recommended": "9.5.11",
		"1.21.6-latest": "9.5.1",
		"1.21.6-recommended": "9.5.1",
		"1.21.5-latest": "9.4.4",
		"1.21.5-recommended": "9.4.4",
		"1.21.4-latest": "9.3.10",
		"1.21.4-recommended": "9.3.10",
		"1.21.3-latest": "9.2.4",
		"1.21.3-recommended": "9.2.4",
		"1.21.1-latest": "9.5.6",
		"1.21.1-recommended": "9.5.6"
	},
	"26.2.0": {
		"9.9.3": "new lore Nights of Nour",
		"9.9.2": "improvements",
		"9.9.1": "fixes",
		"9.9.0": "initial port"
	},
	"26.1.2": {
		"9.8.4": "new lore Nights of Nour",
		"9.8.3": "improvements"
	},
	"1.21.11": {
		"9.7.1": "final version"
	},
	"1.21.10": {
		"9.6.2": "final version"
	},
	"1.21.9": {
		"9.6.2": "final version"
	},
	"1.21.8": {
		"9.5.11": "final version"
	},
	"1.21.7": {
		"9.5.11": "final version"
	},
	"1.21.6": {
		"9.5.1": "final version"
	},
	"1.21.5": {
		"9.4.4": "final version"
	},
	"1.21.4": {
		"9.3.10": "final version"
	},
	"1.21.3": {
		"9.2.4": "final version"
	},
	"1.21.1": {
		"9.5.6": "fixes",
		"9.5.5": "compatibility Create Aeronautics",
		"9.5.4": "ritual flute interaction",
		"9.5.3": "new lore Nights of Nour",
		"9.5.2": "data-driven trades",
		"9.5.1": "improvements"
	}
}
[21Sep2026 02:49:22.798] [NeoForge Version Check/INFO] [net.neoforged.fml.VersionChecker/]: [tombstone] Found status: UP_TO_DATE Current: 9.9.3 Target: null
[21Sep2026 02:49:22.800] [modloading-sync-worker/DEBUG] [mixin/]: Generating mapped inner class glitchcore/network/PacketHandler$Anonymous$bea9914f861f3bb88249739ffeb67def (originally glitchcore/neoforge/mixin/impl/MixinPacketHandler$1)
[21Sep2026 02:49:22.842] [main/INFO] [com.mojang.authlib.yggdrasil.YggdrasilAuthenticationService/]: Environment: Environment[sessionHost=https://sessionserver.mojang.com, servicesHost=https://api.minecraftservices.com, profilesHost=https://api.mojang.com, name=PROD]
[21Sep2026 02:49:22.945] [main/DEBUG] [mixin/]: Mixing MixinPrimaryLevelData from terrablender.mixins.json into net.minecraft.world.level.storage.PrimaryLevelData
[21Sep2026 02:49:22.945] [main/DEBUG] [mixin/]: terrablender.mixins.json:MixinPrimaryLevelData from mod terrablender: Class version 69 required is higher than the class version supported by the current version of Mixin (JAVA_17 supports class version 61)
[21Sep2026 02:49:22.946] [main/DEBUG] [mixin/]: Mixing PrimaryLevelDataMixin from collective_neoforge.mixins.json into net.minecraft.world.level.storage.PrimaryLevelData
[21Sep2026 02:49:22.948] [main/DEBUG] [mixin/]: terrablender.mixins.json:MixinPrimaryLevelData from mod terrablender->@Inject::forceStable(Lorg/spongepowered/asm/mixin/injection/callback/CallbackInfoReturnable;)V does use it's CallbackInfoReturnable
[21Sep2026 02:49:22.948] [main/DEBUG] [mixin/]: collective_neoforge.mixins.json:PrimaryLevelDataMixin from mod collective->@Inject::PrimaryLevelData(Lorg/spongepowered/asm/mixin/injection/callback/CallbackInfo;)V doesn't use it's CallbackInfo
[21Sep2026 02:49:22.948] [main/DEBUG] [mixin/]: collective_neoforge.mixins.json:PrimaryLevelDataMixin from mod collective->@Inject::PrimaryLevelData(Lorg/spongepowered/asm/mixin/injection/callback/CallbackInfo;)V has 0 override(s) in child classes
[21Sep2026 02:49:22.948] [main/DEBUG] [mixin/]: collective_neoforge.mixins.json:PrimaryLevelDataMixin from mod collective->@Inject::PrimaryLevelData(Lorg/spongepowered/asm/mixin/injection/callback/CallbackInfo;)V won't be passed a CallbackInfo as a result
[21Sep2026 02:49:22.948] [main/DEBUG] [mixin/]: collective_neoforge.mixins.json:PrimaryLevelDataMixin from mod collective->@Inject::PrimaryLevelData(Lorg/spongepowered/asm/mixin/injection/callback/CallbackInfo;)V doesn't use it's CallbackInfo
[21Sep2026 02:49:22.948] [main/DEBUG] [mixin/]: collective_neoforge.mixins.json:PrimaryLevelDataMixin from mod collective->@Inject::PrimaryLevelData(Lorg/spongepowered/asm/mixin/injection/callback/CallbackInfo;)V has 0 override(s) in child classes
[21Sep2026 02:49:22.948] [main/DEBUG] [mixin/]: collective_neoforge.mixins.json:PrimaryLevelDataMixin from mod collective->@Inject::PrimaryLevelData(Lorg/spongepowered/asm/mixin/injection/callback/CallbackInfo;)V won't be passed a CallbackInfo as a result
[21Sep2026 02:49:22.948] [main/DEBUG] [mixin/]: collective_neoforge.mixins.json:PrimaryLevelDataMixin from mod collective->@Inject::withConfirmedWarning(ZLorg/spongepowered/asm/mixin/injection/callback/CallbackInfoReturnable;)V doesn't use it's CallbackInfoReturnable
[21Sep2026 02:49:22.948] [main/DEBUG] [mixin/]: collective_neoforge.mixins.json:PrimaryLevelDataMixin from mod collective->@Inject::withConfirmedWarning(ZLorg/spongepowered/asm/mixin/injection/callback/CallbackInfoReturnable;)V has 0 override(s) in child classes
[21Sep2026 02:49:22.948] [main/DEBUG] [mixin/]: collective_neoforge.mixins.json:PrimaryLevelDataMixin from mod collective->@Inject::withConfirmedWarning(ZLorg/spongepowered/asm/mixin/injection/callback/CallbackInfoReturnable;)V won't be passed a CallbackInfoReturnable as a result
[21Sep2026 02:49:22.948] [main/DEBUG] [mixin/]: collective_neoforge.mixins.json:PrimaryLevelDataMixin from mod collective->@Inject::hasConfirmedExperimentalWarning(Lorg/spongepowered/asm/mixin/injection/callback/CallbackInfoReturnable;)V does use it's CallbackInfoReturnable
[21Sep2026 02:49:22.967] [main/DEBUG] [mixin/]: Mixing VanillaPackResourcesAccessor from creativecore.mixins.json into net.minecraft.server.packs.VanillaPackResources
[21Sep2026 02:49:22.967] [main/DEBUG] [mixin/]: creativecore.mixins.json:VanillaPackResourcesAccessor from mod creativecore: Class version 69 required is higher than the class version supported by the current version of Mixin (JAVA_21 supports class version 65)
[21Sep2026 02:49:23.036] [main/DEBUG] [mixin/]: Mixing ServerPlayerGameModeMixinNeoForge from justhammers.mixins.json into net.minecraft.server.level.ServerPlayerGameMode
[21Sep2026 02:49:23.037] [main/DEBUG] [mixin/]: justhammers.mixins.json:ServerPlayerGameModeMixinNeoForge from mod justhammers: Class version 69 required is higher than the class version supported by the current version of Mixin (JAVA_17 supports class version 61)
[21Sep2026 02:49:23.038] [main/DEBUG] [mixin/]: justhammers.mixins.json:ServerPlayerGameModeMixinNeoForge from mod justhammers->@Inject::justhammers$beforeRemoveBlock(Lnet/minecraft/core/BlockPos;Lorg/spongepowered/asm/mixin/injection/callback/CallbackInfoReturnable;)V doesn't use it's CallbackInfoReturnable
[21Sep2026 02:49:23.038] [main/DEBUG] [mixin/]: justhammers.mixins.json:ServerPlayerGameModeMixinNeoForge from mod justhammers->@Inject::justhammers$beforeRemoveBlock(Lnet/minecraft/core/BlockPos;Lorg/spongepowered/asm/mixin/injection/callback/CallbackInfoReturnable;)V has 0 override(s) in child classes
[21Sep2026 02:49:23.039] [main/DEBUG] [mixin/]: justhammers.mixins.json:ServerPlayerGameModeMixinNeoForge from mod justhammers->@Inject::justhammers$beforeRemoveBlock(Lnet/minecraft/core/BlockPos;Lorg/spongepowered/asm/mixin/injection/callback/CallbackInfoReturnable;)V won't be passed a CallbackInfoReturnable as a result
[21Sep2026 02:49:23.039] [main/DEBUG] [mixin/]: justhammers.mixins.json:ServerPlayerGameModeMixinNeoForge from mod justhammers->@Inject::justhammers$beforeMineBlock(Lnet/minecraft/core/BlockPos;Lorg/spongepowered/asm/mixin/injection/callback/CallbackInfoReturnable;)V doesn't use it's CallbackInfoReturnable
[21Sep2026 02:49:23.039] [main/DEBUG] [mixin/]: justhammers.mixins.json:ServerPlayerGameModeMixinNeoForge from mod justhammers->@Inject::justhammers$beforeMineBlock(Lnet/minecraft/core/BlockPos;Lorg/spongepowered/asm/mixin/injection/callback/CallbackInfoReturnable;)V has 0 override(s) in child classes
[21Sep2026 02:49:23.039] [main/DEBUG] [mixin/]: justhammers.mixins.json:ServerPlayerGameModeMixinNeoForge from mod justhammers->@Inject::justhammers$beforeMineBlock(Lnet/minecraft/core/BlockPos;Lorg/spongepowered/asm/mixin/injection/callback/CallbackInfoReturnable;)V won't be passed a CallbackInfoReturnable as a result
[21Sep2026 02:49:23.065] [main/DEBUG] [mixin/]: Mixing PathPackResourcesAccessor from creativecore.mixins.json into net.minecraft.server.packs.PathPackResources
[21Sep2026 02:49:23.065] [main/DEBUG] [mixin/]: creativecore.mixins.json:PathPackResourcesAccessor from mod creativecore: Class version 69 required is higher than the class version supported by the current version of Mixin (JAVA_21 supports class version 65)
[21Sep2026 02:49:23.095] [main/DEBUG] [mixin/]: Mixing SharedZipFileAccessAccessor from creativecore.mixins.json into net.minecraft.server.packs.FilePackResources$SharedZipFileAccess
[21Sep2026 02:49:23.095] [main/DEBUG] [mixin/]: creativecore.mixins.json:SharedZipFileAccessAccessor from mod creativecore: Class version 69 required is higher than the class version supported by the current version of Mixin (JAVA_21 supports class version 65)
[21Sep2026 02:49:23.096] [main/DEBUG] [mixin/]: Mixing FilePackResourcesAccessor from creativecore.mixins.json into net.minecraft.server.packs.FilePackResources
[21Sep2026 02:49:23.096] [main/DEBUG] [mixin/]: creativecore.mixins.json:FilePackResourcesAccessor from mod creativecore: Class version 69 required is higher than the class version supported by the current version of Mixin (JAVA_21 supports class version 65)
[21Sep2026 02:49:23.097] [main/DEBUG] [mixin/]: Renaming @Invoker method callGetPathFromLocation(Lnet/minecraft/server/packs/PackType;Lnet/minecraft/resources/Identifier;)Ljava/lang/String; to callGetPathFromLocation$creativecore_$md$faf31e$0 in creativecore.mixins.json:FilePackResourcesAccessor from mod creativecore
[21Sep2026 02:49:26.420] [Worker-Main-3/DEBUG] [tombstone/]: Updating LootTables
[21Sep2026 02:49:26.479] [Worker-Main-1/DEBUG] [mixin/]: Mixing RecipeManagerAccessor from balm.api.mixins.json into net.minecraft.world.item.crafting.RecipeManager
[21Sep2026 02:49:26.480] [Worker-Main-1/DEBUG] [mixin/]: balm.api.mixins.json:RecipeManagerAccessor from mod balm: Class version 69 required is higher than the class version supported by the current version of Mixin (JAVA_17 supports class version 61)
[21Sep2026 02:49:26.591] [Worker-Main-1/DEBUG] [mixin/]: Mixing structures.LocateCommandMixin from repurposed_structures-common.mixins.json into net.minecraft.server.commands.LocateCommand
[21Sep2026 02:49:26.592] [Worker-Main-1/DEBUG] [mixin/]: Renaming synthetic method lambda$repurposedstructures_increaseLocateRadius$0(Lnet/minecraft/core/Holder;)Z to mdfaf31e$repurposed_structures$lambda$repurposedstructures_increaseLocateRadius$0$0 in repurposed_structures-common.mixins.json:structures.LocateCommandMixin from mod repurposed_structures
[21Sep2026 02:49:26.594] [Worker-Main-1/DEBUG] [mixin/]: repurposed_structures-common.mixins.json:structures.LocateCommandMixin from mod repurposed_structures->@Inject::repurposedstructures_increaseLocateRadius(Lnet/minecraft/commands/CommandSourceStack;Lnet/minecraft/commands/arguments/ResourceOrTagKeyArgument$Result;Lorg/spongepowered/asm/mixin/injection/callback/CallbackInfoReturnable;)V does use it's CallbackInfoReturnable
[21Sep2026 02:49:26.910] [Worker-Main-1/ERROR] [net.minecraft.server.packs.resources.SimpleJsonResourceReloadListener/]: Couldn't parse data file 'travelersbackpack:hay' from 'travelersbackpack:loot_modifiers/hay.json': DataResult.Error['Item minecraft:beetroot does not have components yet; Item minecraft:potato does not have components yet; Item minecraft:carrot does not have components yet': Optional[com.tiviacz.travelersbackpack.loot.HayBackpackLootModifier@313c5e17]]
[21Sep2026 02:49:27.908] [main/INFO] [net.minecraft.world.item.crafting.RecipeManager/]: Loaded 2338 recipes
[21Sep2026 02:49:27.926] [main/INFO] [net.minecraft.advancements.AdvancementTree/]: Loaded 2637 advancements
[21Sep2026 02:49:27.940] [main/INFO] [net.neoforged.neoforge.common.crafting.RecipePriorityManager/]: Loaded 0 recipe priority overrides
[21Sep2026 02:49:27.944] [ForkJoinPool.commonPool-worker-2/INFO] [Dungeon Crawl/]: Loading data...
[21Sep2026 02:49:27.952] [ForkJoinPool.commonPool-worker-2/DEBUG] [Dungeon Crawl/]: Loading dungeoncrawl:models/catacombs/corridor/linker/linker.nbt
[21Sep2026 02:49:27.967] [ForkJoinPool.commonPool-worker-2/DEBUG] [Dungeon Crawl/]: Loading dungeoncrawl:models/catacombs/corridor/linker/linker.json
[21Sep2026 02:49:27.974] [ForkJoinPool.commonPool-worker-2/DEBUG] [Dungeon Crawl/]: Loading dungeoncrawl:models/catacombs/corridor/linker/linker_trap.nbt
[21Sep2026 02:49:27.975] [ForkJoinPool.commonPool-worker-2/DEBUG] [Dungeon Crawl/]: Loading dungeoncrawl:models/catacombs/corridor/linker/linker_trap.json
[21Sep2026 02:49:27.981] [ForkJoinPool.commonPool-worker-2/DEBUG] [Dungeon Crawl/]: Loading dungeoncrawl:models/catacombs/multipart/connector.nbt
[21Sep2026 02:49:27.982] [ForkJoinPool.commonPool-worker-2/DEBUG] [Dungeon Crawl/]: Loading dungeoncrawl:models/catacombs/multipart/connector_2.nbt
[21Sep2026 02:49:27.982] [ForkJoinPool.commonPool-worker-2/DEBUG] [Dungeon Crawl/]: Loading dungeoncrawl:models/catacombs/multipart/corridor/ceiling.nbt
[21Sep2026 02:49:27.983] [ForkJoinPool.commonPool-worker-2/DEBUG] [Dungeon Crawl/]: Loading dungeoncrawl:models/catacombs/multipart/corridor/ceiling_glowstone.nbt
[21Sep2026 02:49:27.983] [ForkJoinPool.commonPool-worker-2/DEBUG] [Dungeon Crawl/]: Loading dungeoncrawl:models/catacombs/multipart/corridor/ceiling_lamp.nbt
[21Sep2026 02:49:27.984] [ForkJoinPool.commonPool-worker-2/DEBUG] [Dungeon Crawl/]: Loading dungeoncrawl:models/catacombs/multipart/crypt_graves.nbt
[21Sep2026 02:49:27.985] [ForkJoinPool.commonPool-worker-2/DEBUG] [Dungeon Crawl/]: Loading dungeoncrawl:models/catacombs/multipart/crypt_graves.json
[21Sep2026 02:49:27.985] [ForkJoinPool.commonPool-worker-2/DEBUG] [Dungeon Crawl/]: Loading dungeoncrawl:models/catacombs/multipart/hidden_piston.nbt
[21Sep2026 02:49:27.986] [ForkJoinPool.commonPool-worker-2/DEBUG] [Dungeon Crawl/]: Loading dungeoncrawl:models/catacombs/multipart/large_connector.nbt
[21Sep2026 02:49:27.987] [ForkJoinPool.commonPool-worker-2/DEBUG] [Dungeon Crawl/]: Loading dungeoncrawl:models/catacombs/multipart/large_spawner_cell_open.nbt
[21Sep2026 02:49:27.988] [ForkJoinPool.commonPool-worker-2/DEBUG] [Dungeon Crawl/]: Loading dungeoncrawl:models/catacombs/multipart/node/ceiling/crumbled.nbt
[21Sep2026 02:49:27.988] [ForkJoinPool.commonPool-worker-2/DEBUG] [Dungeon Crawl/]: Loading dungeoncrawl:models/catacombs/multipart/node/ceiling/dome.nbt
[21Sep2026 02:49:27.989] [ForkJoinPool.commonPool-worker-2/DEBUG] [Dungeon Crawl/]: Loading dungeoncrawl:models/catacombs/multipart/node/ceiling/flat.nbt
[21Sep2026 02:49:27.989] [ForkJoinPool.commonPool-worker-2/DEBUG] [Dungeon Crawl/]: Loading dungeoncrawl:models/catacombs/multipart/node/ceiling/light.nbt
[21Sep2026 02:49:27.990] [ForkJoinPool.commonPool-worker-2/DEBUG] [Dungeon Crawl/]: Loading dungeoncrawl:models/catacombs/node/crypt_dead_end.nbt
[21Sep2026 02:49:27.993] [ForkJoinPool.commonPool-worker-2/DEBUG] [Dungeon Crawl/]: Loading dungeoncrawl:models/catacombs/node/crypt_dead_end.json
[21Sep2026 02:49:27.994] [ForkJoinPool.commonPool-worker-2/DEBUG] [Dungeon Crawl/]: Loading dungeoncrawl:models/catacombs/node/crypt_turn.nbt
[21Sep2026 02:49:27.997] [ForkJoinPool.commonPool-worker-2/DEBUG] [Dungeon Crawl/]: Loading dungeoncrawl:models/catacombs/node/crypt_turn.json
[21Sep2026 02:49:27.998] [ForkJoinPool.commonPool-worker-2/DEBUG] [Dungeon Crawl/]: Loading dungeoncrawl:models/catacombs/node/fountain.nbt
[21Sep2026 02:49:28.004] [ForkJoinPool.commonPool-worker-2/DEBUG] [Dungeon Crawl/]: Loading dungeoncrawl:models/catacombs/node/fountain.json
[21Sep2026 02:49:28.004] [ForkJoinPool.commonPool-worker-2/DEBUG] [Dungeon Crawl/]: Loading dungeoncrawl:models/catacombs/node/prison.nbt
[21Sep2026 02:49:28.008] [ForkJoinPool.commonPool-worker-2/DEBUG] [Dungeon Crawl/]: Loading dungeoncrawl:models/catacombs/node/prison.json
[21Sep2026 02:49:28.009] [ForkJoinPool.commonPool-worker-2/DEBUG] [Dungeon Crawl/]: Loading dungeoncrawl:models/catacombs/node/prison_fork.nbt
[21Sep2026 02:49:28.012] [ForkJoinPool.commonPool-worker-2/DEBUG] [Dungeon Crawl/]: Loading dungeoncrawl:models/catacombs/node/prison_fork.json
[21Sep2026 02:49:28.013] [ForkJoinPool.commonPool-worker-2/DEBUG] [Dungeon Crawl/]: Loading dungeoncrawl:models/catacombs/node/room.nbt
[21Sep2026 02:49:28.015] [ForkJoinPool.commonPool-worker-2/DEBUG] [Dungeon Crawl/]: Loading dungeoncrawl:models/catacombs/node/room.json
[21Sep2026 02:49:28.016] [ForkJoinPool.commonPool-worker-2/DEBUG] [Dungeon Crawl/]: Loading dungeoncrawl:models/catacombs/node/room_2.nbt
[21Sep2026 02:49:28.018] [ForkJoinPool.commonPool-worker-2/DEBUG] [Dungeon Crawl/]: Loading dungeoncrawl:models/catacombs/node/room_2.json
[21Sep2026 02:49:28.019] [ForkJoinPool.commonPool-worker-2/DEBUG] [Dungeon Crawl/]: Loading dungeoncrawl:models/catacombs/node/sarcophagus.nbt
[21Sep2026 02:49:28.021] [ForkJoinPool.commonPool-worker-2/DEBUG] [Dungeon Crawl/]: Loading dungeoncrawl:models/catacombs/node/sarcophagus.json
[21Sep2026 02:49:28.022] [ForkJoinPool.commonPool-worker-2/DEBUG] [Dungeon Crawl/]: Loading dungeoncrawl:models/catacombs/node/sewers.nbt
[21Sep2026 02:49:28.026] [ForkJoinPool.commonPool-worker-2/DEBUG] [Dungeon Crawl/]: Loading dungeoncrawl:models/catacombs/node/sewers.json
[21Sep2026 02:49:28.026] [ForkJoinPool.commonPool-worker-2/DEBUG] [Dungeon Crawl/]: Loading dungeoncrawl:models/catacombs/node/sewers_dead_end.nbt
[21Sep2026 02:49:28.031] [ForkJoinPool.commonPool-worker-2/DEBUG] [Dungeon Crawl/]: Loading dungeoncrawl:models/catacombs/node/sewers_dead_end.json
[21Sep2026 02:49:28.031] [ForkJoinPool.commonPool-worker-2/DEBUG] [Dungeon Crawl/]: Loading dungeoncrawl:models/catacombs/node/sewers_fork.nbt
[21Sep2026 02:49:28.035] [ForkJoinPool.commonPool-worker-2/DEBUG] [Dungeon Crawl/]: Loading dungeoncrawl:models/catacombs/node/sewers_fork.json
[21Sep2026 02:49:28.035] [ForkJoinPool.commonPool-worker-2/DEBUG] [Dungeon Crawl/]: Loading dungeoncrawl:models/catacombs/node/sewers_straight.nbt
[21Sep2026 02:49:28.038] [ForkJoinPool.commonPool-worker-2/DEBUG] [Dungeon Crawl/]: Loading dungeoncrawl:models/catacombs/node/sewers_straight.json
[21Sep2026 02:49:28.038] [ForkJoinPool.commonPool-worker-2/DEBUG] [Dungeon Crawl/]: Loading dungeoncrawl:models/catacombs/room/spawner_room.nbt
[21Sep2026 02:49:28.039] [ForkJoinPool.commonPool-worker-2/DEBUG] [Dungeon Crawl/]: Loading dungeoncrawl:models/catacombs/room/spawner_room.json
[21Sep2026 02:49:28.039] [ForkJoinPool.commonPool-worker-2/DEBUG] [Dungeon Crawl/]: Loading dungeoncrawl:models/default/corridor/corridor.nbt
[21Sep2026 02:49:28.040] [ForkJoinPool.commonPool-worker-2/DEBUG] [Dungeon Crawl/]: Loading dungeoncrawl:models/default/corridor/corridor.json
[21Sep2026 02:49:28.040] [ForkJoinPool.commonPool-worker-2/DEBUG] [Dungeon Crawl/]: Loading dungeoncrawl:models/default/corridor/corridor_2.nbt
[21Sep2026 02:49:28.041] [ForkJoinPool.commonPool-worker-2/DEBUG] [Dungeon Crawl/]: Loading dungeoncrawl:models/default/corridor/corridor_2.json
[21Sep2026 02:49:28.041] [ForkJoinPool.commonPool-worker-2/DEBUG] [Dungeon Crawl/]: Loading dungeoncrawl:models/default/corridor/corridor_3.nbt
[21Sep2026 02:49:28.041] [ForkJoinPool.commonPool-worker-2/DEBUG] [Dungeon Crawl/]: Loading dungeoncrawl:models/default/corridor/corridor_3.json
[21Sep2026 02:49:28.042] [ForkJoinPool.commonPool-worker-2/DEBUG] [Dungeon Crawl/]: Loading dungeoncrawl:models/default/corridor/corridor_fire.nbt
[21Sep2026 02:49:28.043] [ForkJoinPool.commonPool-worker-2/DEBUG] [Dungeon Crawl/]: Loading dungeoncrawl:models/default/corridor/corridor_fire.json
[21Sep2026 02:49:28.043] [ForkJoinPool.commonPool-worker-2/DEBUG] [Dungeon Crawl/]: Loading dungeoncrawl:models/default/corridor/corridor_light.nbt
[21Sep2026 02:49:28.043] [ForkJoinPool.commonPool-worker-2/DEBUG] [Dungeon Crawl/]: Loading dungeoncrawl:models/default/corridor/corridor_light.json
[21Sep2026 02:49:28.044] [ForkJoinPool.commonPool-worker-2/DEBUG] [Dungeon Crawl/]: Loading dungeoncrawl:models/default/corridor/corridor_room.nbt
[21Sep2026 02:49:28.045] [ForkJoinPool.commonPool-worker-2/DEBUG] [Dungeon Crawl/]: Loading dungeoncrawl:models/default/corridor/corridor_room.json
[21Sep2026 02:49:28.045] [ForkJoinPool.commonPool-worker-2/DEBUG] [Dungeon Crawl/]: Loading dungeoncrawl:models/default/corridor/corridor_spawner.nbt
[21Sep2026 02:49:28.045] [ForkJoinPool.commonPool-worker-2/DEBUG] [Dungeon Crawl/]: Loading dungeoncrawl:models/default/corridor/corridor_spawner.json
[21Sep2026 02:49:28.045] [ForkJoinPool.commonPool-worker-2/DEBUG] [Dungeon Crawl/]: Loading dungeoncrawl:models/default/corridor/linker/cake_room.nbt
[21Sep2026 02:49:28.046] [ForkJoinPool.commonPool-worker-2/DEBUG] [Dungeon Crawl/]: Loading dungeoncrawl:models/default/corridor/linker/cake_room.json
[21Sep2026 02:49:28.046] [ForkJoinPool.commonPool-worker-2/DEBUG] [Dungeon Crawl/]: Loading dungeoncrawl:models/default/corridor/linker/linker.nbt
[21Sep2026 02:49:28.047] [ForkJoinPool.commonPool-worker-2/DEBUG] [Dungeon Crawl/]: Loading dungeoncrawl:models/default/corridor/linker/linker.json
[21Sep2026 02:49:28.047] [ForkJoinPool.commonPool-worker-2/DEBUG] [Dungeon Crawl/]: Loading dungeoncrawl:models/default/corridor/linker/linker_2.nbt
[21Sep2026 02:49:28.047] [ForkJoinPool.commonPool-worker-2/DEBUG] [Dungeon Crawl/]: Loading dungeoncrawl:models/default/corridor/linker/linker_2.json
[21Sep2026 02:49:28.047] [ForkJoinPool.commonPool-worker-2/DEBUG] [Dungeon Crawl/]: Loading dungeoncrawl:models/default/corridor/linker/linker_3.nbt
[21Sep2026 02:49:28.048] [ForkJoinPool.commonPool-worker-2/DEBUG] [Dungeon Crawl/]: Loading dungeoncrawl:models/default/corridor/linker/linker_3.json
[21Sep2026 02:49:28.048] [ForkJoinPool.commonPool-worker-2/DEBUG] [Dungeon Crawl/]: Loading dungeoncrawl:models/default/corridor/linker/linker_4.nbt
[21Sep2026 02:49:28.049] [ForkJoinPool.commonPool-worker-2/DEBUG] [Dungeon Crawl/]: Loading dungeoncrawl:models/default/corridor/linker/linker_4.json
[21Sep2026 02:49:28.049] [ForkJoinPool.commonPool-worker-2/DEBUG] [Dungeon Crawl/]: Loading dungeoncrawl:models/default/corridor/linker/linker_5.nbt
[21Sep2026 02:49:28.050] [ForkJoinPool.commonPool-worker-2/DEBUG] [Dungeon Crawl/]: Loading dungeoncrawl:models/default/corridor/linker/linker_5.json
[21Sep2026 02:49:28.050] [ForkJoinPool.commonPool-worker-2/DEBUG] [Dungeon Crawl/]: Loading dungeoncrawl:models/default/corridor/linker/linker_6.nbt
[21Sep2026 02:49:28.050] [ForkJoinPool.commonPool-worker-2/DEBUG] [Dungeon Crawl/]: Loading dungeoncrawl:models/default/corridor/linker/linker_6.json
[21Sep2026 02:49:28.050] [ForkJoinPool.commonPool-worker-2/DEBUG] [Dungeon Crawl/]: Loading dungeoncrawl:models/default/corridor/old_corridor.nbt
[21Sep2026 02:49:28.051] [ForkJoinPool.commonPool-worker-2/DEBUG] [Dungeon Crawl/]: Loading dungeoncrawl:models/default/corridor/old_corridor.json
[21Sep2026 02:49:28.051] [ForkJoinPool.commonPool-worker-2/DEBUG] [Dungeon Crawl/]: Loading dungeoncrawl:models/default/corridor/old_corridor_3.nbt
[21Sep2026 02:49:28.052] [ForkJoinPool.commonPool-worker-2/DEBUG] [Dungeon Crawl/]: Loading dungeoncrawl:models/default/corridor/old_corridor_3.json
[21Sep2026 02:49:28.052] [ForkJoinPool.commonPool-worker-2/DEBUG] [Dungeon Crawl/]: Loading dungeoncrawl:models/default/corridor/secret_room_entrance.nbt
[21Sep2026 02:49:28.052] [ForkJoinPool.commonPool-worker-2/DEBUG] [Dungeon Crawl/]: Loading dungeoncrawl:models/default/corridor/secret_room_entrance.json
[21Sep2026 02:49:28.053] [ForkJoinPool.commonPool-worker-2/DEBUG] [Dungeon Crawl/]: Loading dungeoncrawl:models/default/corridor/stone_corridor.nbt
[21Sep2026 02:49:28.054] [ForkJoinPool.commonPool-worker-2/DEBUG] [Dungeon Crawl/]: Loading dungeoncrawl:models/default/corridor/stone_corridor.json
[21Sep2026 02:49:28.054] [ForkJoinPool.commonPool-worker-2/DEBUG] [Dungeon Crawl/]: Loading dungeoncrawl:models/default/loot_room.nbt
[21Sep2026 02:49:28.062] [ForkJoinPool.commonPool-worker-2/DEBUG] [Dungeon Crawl/]: Loading dungeoncrawl:models/default/loot_room.json
[21Sep2026 02:49:28.062] [ForkJoinPool.commonPool-worker-2/DEBUG] [Dungeon Crawl/]: Loading dungeoncrawl:models/default/multipart/corridor/bookshelf.nbt
[21Sep2026 02:49:28.062] [ForkJoinPool.commonPool-worker-2/DEBUG] [Dungeon Crawl/]: Loading dungeoncrawl:models/default/multipart/corridor/chest.nbt
[21Sep2026 02:49:28.062] [ForkJoinPool.commonPool-worker-2/DEBUG] [Dungeon Crawl/]: Loading dungeoncrawl:models/default/multipart/corridor/chest_room.nbt
[21Sep2026 02:49:28.063] [ForkJoinPool.commonPool-worker-2/DEBUG] [Dungeon Crawl/]: Loading dungeoncrawl:models/default/multipart/corridor/chest_room_2.nbt
[21Sep2026 02:49:28.063] [ForkJoinPool.commonPool-worker-2/DEBUG] [Dungeon Crawl/]: Loading dungeoncrawl:models/default/multipart/corridor/crops.nbt
[21Sep2026 02:49:28.063] [ForkJoinPool.commonPool-worker-2/DEBUG] [Dungeon Crawl/]: Loading dungeoncrawl:models/default/multipart/corridor/crops.json
[21Sep2026 02:49:28.063] [ForkJoinPool.commonPool-worker-2/DEBUG] [Dungeon Crawl/]: Loading dungeoncrawl:models/default/multipart/corridor/default.nbt
[21Sep2026 02:49:28.064] [ForkJoinPool.commonPool-worker-2/DEBUG] [Dungeon Crawl/]: Loading dungeoncrawl:models/default/multipart/corridor/empty_room.nbt
[21Sep2026 02:49:28.064] [ForkJoinPool.commonPool-worker-2/DEBUG] [Dungeon Crawl/]: Loading dungeoncrawl:models/default/multipart/corridor/empty_room_2.nbt
[21Sep2026 02:49:28.064] [ForkJoinPool.commonPool-worker-2/DEBUG] [Dungeon Crawl/]: Loading dungeoncrawl:models/default/multipart/corridor/empty_room_3.nbt
[21Sep2026 02:49:28.065] [ForkJoinPool.commonPool-worker-2/DEBUG] [Dungeon Crawl/]: Loading dungeoncrawl:models/default/multipart/corridor/empty_room_4.nbt
[21Sep2026 02:49:28.065] [ForkJoinPool.commonPool-worker-2/DEBUG] [Dungeon Crawl/]: Loading dungeoncrawl:models/default/multipart/corridor/fire.nbt
[21Sep2026 02:49:28.065] [ForkJoinPool.commonPool-worker-2/DEBUG] [Dungeon Crawl/]: Loading dungeoncrawl:models/default/multipart/corridor/light.nbt
[21Sep2026 02:49:28.066] [ForkJoinPool.commonPool-worker-2/DEBUG] [Dungeon Crawl/]: Loading dungeoncrawl:models/default/multipart/corridor/light_switch.nbt
[21Sep2026 02:49:28.066] [ForkJoinPool.commonPool-worker-2/DEBUG] [Dungeon Crawl/]: Loading dungeoncrawl:models/default/multipart/corridor/secret_room_entrance.nbt
[21Sep2026 02:49:28.066] [ForkJoinPool.commonPool-worker-2/DEBUG] [Dungeon Crawl/]: Loading dungeoncrawl:models/default/multipart/corridor/secret_room_entrance_2.nbt
[21Sep2026 02:49:28.067] [ForkJoinPool.commonPool-worker-2/DEBUG] [Dungeon Crawl/]: Loading dungeoncrawl:models/default/multipart/corridor/secret_room_entrance_3.nbt
[21Sep2026 02:49:28.067] [ForkJoinPool.commonPool-worker-2/DEBUG] [Dungeon Crawl/]: Loading dungeoncrawl:models/default/multipart/corridor/secret_room_entrance_bookshelf.nbt
[21Sep2026 02:49:28.067] [ForkJoinPool.commonPool-worker-2/DEBUG] [Dungeon Crawl/]: Loading dungeoncrawl:models/default/multipart/corridor/spawner.nbt
[21Sep2026 02:49:28.067] [ForkJoinPool.commonPool-worker-2/DEBUG] [Dungeon Crawl/]: Loading dungeoncrawl:models/default/multipart/corridor/spawner_room.nbt
[21Sep2026 02:49:28.068] [ForkJoinPool.commonPool-worker-2/DEBUG] [Dungeon Crawl/]: Loading dungeoncrawl:models/default/multipart/corridor/variant.nbt
[21Sep2026 02:49:28.068] [ForkJoinPool.commonPool-worker-2/DEBUG] [Dungeon Crawl/]: Loading dungeoncrawl:models/default/multipart/corridor/variant_2.nbt
[21Sep2026 02:49:28.068] [ForkJoinPool.commonPool-worker-2/DEBUG] [Dungeon Crawl/]: Loading dungeoncrawl:models/default/multipart/large_wall.nbt
[21Sep2026 02:49:28.068] [ForkJoinPool.commonPool-worker-2/DEBUG] [Dungeon Crawl/]: Loading dungeoncrawl:models/default/multipart/node_connector.nbt
[21Sep2026 02:49:28.068] [ForkJoinPool.commonPool-worker-2/DEBUG] [Dungeon Crawl/]: Loading dungeoncrawl:models/default/multipart/short_node_connector.nbt
[21Sep2026 02:49:28.068] [ForkJoinPool.commonPool-worker-2/DEBUG] [Dungeon Crawl/]: Loading dungeoncrawl:models/default/multipart/wall.nbt
[21Sep2026 02:49:28.069] [ForkJoinPool.commonPool-worker-2/DEBUG] [Dungeon Crawl/]: Loading dungeoncrawl:models/default/multipart/wall_2.nbt
[21Sep2026 02:49:28.069] [ForkJoinPool.commonPool-worker-2/DEBUG] [Dungeon Crawl/]: Loading dungeoncrawl:models/default/node/connector/connector.nbt
[21Sep2026 02:49:28.069] [ForkJoinPool.commonPool-worker-2/DEBUG] [Dungeon Crawl/]: Loading dungeoncrawl:models/default/node/connector/connector.json
[21Sep2026 02:49:28.069] [ForkJoinPool.commonPool-worker-2/DEBUG] [Dungeon Crawl/]: Loading dungeoncrawl:models/default/node/connector/connector_2.nbt
[21Sep2026 02:49:28.070] [ForkJoinPool.commonPool-worker-2/DEBUG] [Dungeon Crawl/]: Loading dungeoncrawl:models/default/node/connector/connector_2.json
[21Sep2026 02:49:28.070] [ForkJoinPool.commonPool-worker-2/DEBUG] [Dungeon Crawl/]: Loading dungeoncrawl:models/default/node/connector/connector_3.nbt
[21Sep2026 02:49:28.070] [ForkJoinPool.commonPool-worker-2/DEBUG] [Dungeon Crawl/]: Loading dungeoncrawl:models/default/node/connector/connector_3.json
[21Sep2026 02:49:28.070] [ForkJoinPool.commonPool-worker-2/DEBUG] [Dungeon Crawl/]: Loading dungeoncrawl:models/default/node/connector/connector_4.nbt
[21Sep2026 02:49:28.070] [ForkJoinPool.commonPool-worker-2/DEBUG] [Dungeon Crawl/]: Loading dungeoncrawl:models/default/node/connector/connector_4.json
[21Sep2026 02:49:28.070] [ForkJoinPool.commonPool-worker-2/DEBUG] [Dungeon Crawl/]: Loading dungeoncrawl:models/default/node/connector/connector_6.nbt
[21Sep2026 02:49:28.071] [ForkJoinPool.commonPool-worker-2/DEBUG] [Dungeon Crawl/]: Loading dungeoncrawl:models/default/node/connector/connector_6.json
[21Sep2026 02:49:28.071] [ForkJoinPool.commonPool-worker-2/DEBUG] [Dungeon Crawl/]: Loading dungeoncrawl:models/default/node/connector/connector_lava.nbt
[21Sep2026 02:49:28.071] [ForkJoinPool.commonPool-worker-2/DEBUG] [Dungeon Crawl/]: Loading dungeoncrawl:models/default/node/connector/node_connector_catacomb.nbt
[21Sep2026 02:49:28.072] [ForkJoinPool.commonPool-worker-2/DEBUG] [Dungeon Crawl/]: Loading dungeoncrawl:models/default/node/connector/node_connector_catacomb.json
[21Sep2026 02:49:28.072] [ForkJoinPool.commonPool-worker-2/DEBUG] [Dungeon Crawl/]: Loading dungeoncrawl:models/default/node/dark_hall.nbt
[21Sep2026 02:49:28.075] [ForkJoinPool.commonPool-worker-2/DEBUG] [Dungeon Crawl/]: Loading dungeoncrawl:models/default/node/fire_hall.nbt
[21Sep2026 02:49:28.078] [ForkJoinPool.commonPool-worker-2/DEBUG] [Dungeon Crawl/]: Loading dungeoncrawl:models/default/node/fireplace.nbt
[21Sep2026 02:49:28.080] [ForkJoinPool.commonPool-worker-2/DEBUG] [Dungeon Crawl/]: Loading dungeoncrawl:models/default/node/fireplace.json
[21Sep2026 02:49:28.081] [ForkJoinPool.commonPool-worker-2/DEBUG] [Dungeon Crawl/]: Loading dungeoncrawl:models/default/node/forge.nbt
[21Sep2026 02:49:28.083] [ForkJoinPool.commonPool-worker-2/DEBUG] [Dungeon Crawl/]: Loading dungeoncrawl:models/default/node/forge.json
[21Sep2026 02:49:28.083] [ForkJoinPool.commonPool-worker-2/DEBUG] [Dungeon Crawl/]: Loading dungeoncrawl:models/default/node/jukebox_room.nbt
[21Sep2026 02:49:28.084] [ForkJoinPool.commonPool-worker-2/DEBUG] [Dungeon Crawl/]: Loading dungeoncrawl:models/default/node/jukebox_room.json
[21Sep2026 02:49:28.085] [ForkJoinPool.commonPool-worker-2/DEBUG] [Dungeon Crawl/]: Loading dungeoncrawl:models/default/node/library.nbt
[21Sep2026 02:49:28.091] [ForkJoinPool.commonPool-worker-2/DEBUG] [Dungeon Crawl/]: Loading dungeoncrawl:models/default/node/library.json
[21Sep2026 02:49:28.091] [ForkJoinPool.commonPool-worker-2/DEBUG] [Dungeon Crawl/]: Loading dungeoncrawl:models/default/node/node_turn.nbt
[21Sep2026 02:49:28.095] [ForkJoinPool.commonPool-worker-2/DEBUG] [Dungeon Crawl/]: Loading dungeoncrawl:models/default/node/node_turn.json
[21Sep2026 02:49:28.095] [ForkJoinPool.commonPool-worker-2/DEBUG] [Dungeon Crawl/]: Loading dungeoncrawl:models/default/node/old_fire_hall.nbt
[21Sep2026 02:49:28.099] [ForkJoinPool.commonPool-worker-2/DEBUG] [Dungeon Crawl/]: Loading dungeoncrawl:models/default/node/old_fire_hall.json
[21Sep2026 02:49:28.099] [ForkJoinPool.commonPool-worker-2/DEBUG] [Dungeon Crawl/]: Loading dungeoncrawl:models/default/node/old_jukebox_room.nbt
[21Sep2026 02:49:28.102] [ForkJoinPool.commonPool-worker-2/DEBUG] [Dungeon Crawl/]: Loading dungeoncrawl:models/default/node/old_jukebox_room.json
[21Sep2026 02:49:28.102] [ForkJoinPool.commonPool-worker-2/DEBUG] [Dungeon Crawl/]: Loading dungeoncrawl:models/default/node/room.nbt
[21Sep2026 02:49:28.103] [ForkJoinPool.commonPool-worker-2/DEBUG] [Dungeon Crawl/]: Loading dungeoncrawl:models/default/node/room.json
[21Sep2026 02:49:28.104] [ForkJoinPool.commonPool-worker-2/DEBUG] [Dungeon Crawl/]: Loading dungeoncrawl:models/default/node/room_2.nbt
[21Sep2026 02:49:28.106] [ForkJoinPool.commonPool-worker-2/DEBUG] [Dungeon Crawl/]: Loading dungeoncrawl:models/default/node/room_2.json
[21Sep2026 02:49:28.106] [ForkJoinPool.commonPool-worker-2/DEBUG] [Dungeon Crawl/]: Loading dungeoncrawl:models/default/node/spawner_hall.nbt
[21Sep2026 02:49:28.113] [ForkJoinPool.commonPool-worker-2/DEBUG] [Dungeon Crawl/]: Loading dungeoncrawl:models/default/node/spawner_hall.json
[21Sep2026 02:49:28.113] [ForkJoinPool.commonPool-worker-2/DEBUG] [Dungeon Crawl/]: Loading dungeoncrawl:models/default/old_loot_room.nbt
[21Sep2026 02:49:28.119] [ForkJoinPool.commonPool-worker-2/DEBUG] [Dungeon Crawl/]: Loading dungeoncrawl:models/default/old_loot_room.json
[21Sep2026 02:49:28.119] [ForkJoinPool.commonPool-worker-2/DEBUG] [Dungeon Crawl/]: Loading dungeoncrawl:models/default/room/food_side_room.nbt
[21Sep2026 02:49:28.120] [ForkJoinPool.commonPool-worker-2/DEBUG] [Dungeon Crawl/]: Loading dungeoncrawl:models/default/room/food_side_room.json
[21Sep2026 02:49:28.120] [ForkJoinPool.commonPool-worker-2/DEBUG] [Dungeon Crawl/]: Loading dungeoncrawl:models/default/room/secret_room.nbt
[21Sep2026 02:49:28.122] [ForkJoinPool.commonPool-worker-2/DEBUG] [Dungeon Crawl/]: Loading dungeoncrawl:models/default/room/secret_room.json
[21Sep2026 02:49:28.122] [ForkJoinPool.commonPool-worker-2/DEBUG] [Dungeon Crawl/]: Loading dungeoncrawl:models/default/room/spawner_room.nbt
[21Sep2026 02:49:28.122] [ForkJoinPool.commonPool-worker-2/DEBUG] [Dungeon Crawl/]: Loading dungeoncrawl:models/default/room/spawner_room.json
[21Sep2026 02:49:28.123] [ForkJoinPool.commonPool-worker-2/DEBUG] [Dungeon Crawl/]: Loading dungeoncrawl:models/default/room/spawner_room_2.nbt
[21Sep2026 02:49:28.123] [ForkJoinPool.commonPool-worker-2/DEBUG] [Dungeon Crawl/]: Loading dungeoncrawl:models/default/room/spawner_room_2.json
[21Sep2026 02:49:28.124] [ForkJoinPool.commonPool-worker-2/DEBUG] [Dungeon Crawl/]: Loading dungeoncrawl:models/default/room/spawner_room_material.nbt
[21Sep2026 02:49:28.124] [ForkJoinPool.commonPool-worker-2/DEBUG] [Dungeon Crawl/]: Loading dungeoncrawl:models/default/room/spawner_room_material.json
[21Sep2026 02:49:28.124] [ForkJoinPool.commonPool-worker-2/DEBUG] [Dungeon Crawl/]: Loading dungeoncrawl:models/default/room/spawner_room_material_2.nbt
[21Sep2026 02:49:28.125] [ForkJoinPool.commonPool-worker-2/DEBUG] [Dungeon Crawl/]: Loading dungeoncrawl:models/default/room/spawner_room_material_2.json
[21Sep2026 02:49:28.125] [ForkJoinPool.commonPool-worker-2/DEBUG] [Dungeon Crawl/]: Loading dungeoncrawl:models/default/room/starter_room.nbt
[21Sep2026 02:49:28.126] [ForkJoinPool.commonPool-worker-2/DEBUG] [Dungeon Crawl/]: Loading dungeoncrawl:models/default/room/starter_room.json
[21Sep2026 02:49:28.126] [ForkJoinPool.commonPool-worker-2/DEBUG] [Dungeon Crawl/]: Loading dungeoncrawl:models/default/room/tnt_trap_side_room.nbt
[21Sep2026 02:49:28.127] [ForkJoinPool.commonPool-worker-2/DEBUG] [Dungeon Crawl/]: Loading dungeoncrawl:models/default/room/tnt_trap_side_room.json
[21Sep2026 02:49:28.127] [ForkJoinPool.commonPool-worker-2/DEBUG] [Dungeon Crawl/]: Loading dungeoncrawl:models/default/staircase.nbt
[21Sep2026 02:49:28.127] [ForkJoinPool.commonPool-worker-2/DEBUG] [Dungeon Crawl/]: Loading dungeoncrawl:models/default/staircase.json
[21Sep2026 02:49:28.127] [ForkJoinPool.commonPool-worker-2/DEBUG] [Dungeon Crawl/]: Loading dungeoncrawl:models/default/staircase_layer.nbt
[21Sep2026 02:49:28.127] [ForkJoinPool.commonPool-worker-2/DEBUG] [Dungeon Crawl/]: Loading dungeoncrawl:models/default/stairs_bottom.nbt
[21Sep2026 02:49:28.128] [ForkJoinPool.commonPool-worker-2/DEBUG] [Dungeon Crawl/]: Loading dungeoncrawl:models/default/stairs_bottom.json
[21Sep2026 02:49:28.128] [ForkJoinPool.commonPool-worker-2/DEBUG] [Dungeon Crawl/]: Loading dungeoncrawl:models/default/stairs_bottom_2.nbt
[21Sep2026 02:49:28.129] [ForkJoinPool.commonPool-worker-2/DEBUG] [Dungeon Crawl/]: Loading dungeoncrawl:models/default/stairs_bottom_2.json
[21Sep2026 02:49:28.129] [ForkJoinPool.commonPool-worker-2/DEBUG] [Dungeon Crawl/]: Loading dungeoncrawl:models/default/stairs_top.nbt
[21Sep2026 02:49:28.130] [ForkJoinPool.commonPool-worker-2/DEBUG] [Dungeon Crawl/]: Loading dungeoncrawl:models/default/stairs_top.json
[21Sep2026 02:49:28.130] [ForkJoinPool.commonPool-worker-2/DEBUG] [Dungeon Crawl/]: Loading dungeoncrawl:models/entrance/roguelike/eniko_tower.nbt
[21Sep2026 02:49:28.133] [ForkJoinPool.commonPool-worker-2/DEBUG] [Dungeon Crawl/]: Loading dungeoncrawl:models/entrance/roguelike/eniko_tower.json
[21Sep2026 02:49:28.133] [ForkJoinPool.commonPool-worker-2/DEBUG] [Dungeon Crawl/]: Loading dungeoncrawl:models/entrance/roguelike/house.nbt
[21Sep2026 02:49:28.136] [ForkJoinPool.commonPool-worker-2/DEBUG] [Dungeon Crawl/]: Loading dungeoncrawl:models/entrance/roguelike/house.json
[21Sep2026 02:49:28.136] [ForkJoinPool.commonPool-worker-2/DEBUG] [Dungeon Crawl/]: Loading dungeoncrawl:models/entrance/roguelike/pyramid.nbt
[21Sep2026 02:49:28.137] [ForkJoinPool.commonPool-worker-2/DEBUG] [Dungeon Crawl/]: Loading dungeoncrawl:models/entrance/roguelike/pyramid.json
[21Sep2026 02:49:28.137] [ForkJoinPool.commonPool-worker-2/DEBUG] [Dungeon Crawl/]: Loading dungeoncrawl:models/entrance/roguelike/rogue_tower.nbt
[21Sep2026 02:49:28.139] [ForkJoinPool.commonPool-worker-2/DEBUG] [Dungeon Crawl/]: Loading dungeoncrawl:models/entrance/roguelike/rogue_tower.json
[21Sep2026 02:49:28.139] [ForkJoinPool.commonPool-worker-2/DEBUG] [Dungeon Crawl/]: Loading dungeoncrawl:models/entrance/roguelike/witch_tower.nbt
[21Sep2026 02:49:28.142] [ForkJoinPool.commonPool-worker-2/DEBUG] [Dungeon Crawl/]: Loading dungeoncrawl:models/entrance/roguelike/witch_tower.json
[21Sep2026 02:49:28.142] [ForkJoinPool.commonPool-worker-2/DEBUG] [Dungeon Crawl/]: Loading dungeoncrawl:models/hell/node/lava_hall.nbt
[21Sep2026 02:49:28.145] [ForkJoinPool.commonPool-worker-2/DEBUG] [Dungeon Crawl/]: Loading dungeoncrawl:models/hell/node/small_loot_room.nbt
[21Sep2026 02:49:28.147] [ForkJoinPool.commonPool-worker-2/DEBUG] [Dungeon Crawl/]: Loading dungeoncrawl:models/hell/node/small_loot_room.json
[21Sep2026 02:49:28.147] [ForkJoinPool.commonPool-worker-2/DEBUG] [Dungeon Crawl/]: Loading dungeoncrawl:models/hell/room/empty_room.nbt
[21Sep2026 02:49:28.148] [ForkJoinPool.commonPool-worker-2/DEBUG] [Dungeon Crawl/]: Loading dungeoncrawl:models/hell/room/empty_room.json
[21Sep2026 02:49:28.149] [ForkJoinPool.commonPool-worker-2/DEBUG] [Dungeon Crawl/]: Loading dungeoncrawl:models/hell/room/spawner_room.nbt
[21Sep2026 02:49:28.149] [ForkJoinPool.commonPool-worker-2/DEBUG] [Dungeon Crawl/]: Loading dungeoncrawl:models/hell/room/spawner_room.json
[21Sep2026 02:49:28.150] [ForkJoinPool.commonPool-worker-2/DEBUG] [Dungeon Crawl/]: Loading dungeoncrawl:dungeon/model_pools.json
[21Sep2026 02:49:28.158] [ForkJoinPool.commonPool-worker-2/DEBUG] [Dungeon Crawl/]: Loading dungeoncrawl:dungeon/types/default.json
[21Sep2026 02:49:28.165] [ForkJoinPool.commonPool-worker-2/DEBUG] [Dungeon Crawl/]: Loading dungeoncrawl:dungeon/types/desert/default.json
[21Sep2026 02:49:28.166] [ForkJoinPool.commonPool-worker-2/DEBUG] [Dungeon Crawl/]: Loading dungeoncrawl:dungeon/types/forest/default.json
[21Sep2026 02:49:28.167] [ForkJoinPool.commonPool-worker-2/DEBUG] [Dungeon Crawl/]: Loading dungeoncrawl:dungeon/types/mountains/default.json
[21Sep2026 02:49:28.173] [ForkJoinPool.commonPool-worker-2/DEBUG] [Dungeon Crawl/]: Loading dungeoncrawl:dungeon/biome_mappings/default.json
[21Sep2026 02:49:28.180] [ForkJoinPool.commonPool-worker-2/DEBUG] [Dungeon Crawl/]: Loading dungeoncrawl:theming/secondary_themes/catacombs/crumbled.json
[21Sep2026 02:49:28.182] [ForkJoinPool.commonPool-worker-2/DEBUG] [Dungeon Crawl/]: Loading dungeoncrawl:theming/secondary_themes/hell/roguelike.json
[21Sep2026 02:49:28.183] [ForkJoinPool.commonPool-worker-2/DEBUG] [Dungeon Crawl/]: Loading dungeoncrawl:theming/secondary_themes/vanilla/acacia.json
[21Sep2026 02:49:28.183] [ForkJoinPool.commonPool-worker-2/DEBUG] [Dungeon Crawl/]: Loading dungeoncrawl:theming/secondary_themes/vanilla/badlands/default.json
[21Sep2026 02:49:28.184] [ForkJoinPool.commonPool-worker-2/DEBUG] [Dungeon Crawl/]: Loading dungeoncrawl:theming/secondary_themes/vanilla/birch.json
[21Sep2026 02:49:28.184] [ForkJoinPool.commonPool-worker-2/DEBUG] [Dungeon Crawl/]: Loading dungeoncrawl:theming/secondary_themes/vanilla/catacombs/mossy.json
[21Sep2026 02:49:28.185] [ForkJoinPool.commonPool-worker-2/DEBUG] [Dungeon Crawl/]: Loading dungeoncrawl:theming/secondary_themes/vanilla/catacombs/overgrown.json
[21Sep2026 02:49:28.185] [ForkJoinPool.commonPool-worker-2/DEBUG] [Dungeon Crawl/]: Loading dungeoncrawl:theming/secondary_themes/vanilla/dark_oak.json
[21Sep2026 02:49:28.186] [ForkJoinPool.commonPool-worker-2/DEBUG] [Dungeon Crawl/]: Loading dungeoncrawl:theming/secondary_themes/vanilla/desert/default.json
[21Sep2026 02:49:28.186] [ForkJoinPool.commonPool-worker-2/DEBUG] [Dungeon Crawl/]: Loading dungeoncrawl:theming/secondary_themes/vanilla/desert/diorite.json
[21Sep2026 02:49:28.187] [ForkJoinPool.commonPool-worker-2/DEBUG] [Dungeon Crawl/]: Loading dungeoncrawl:theming/secondary_themes/vanilla/desert/granite.json
[21Sep2026 02:49:28.187] [ForkJoinPool.commonPool-worker-2/DEBUG] [Dungeon Crawl/]: Loading dungeoncrawl:theming/secondary_themes/vanilla/hell/default.json
[21Sep2026 02:49:28.187] [ForkJoinPool.commonPool-worker-2/DEBUG] [Dungeon Crawl/]: Loading dungeoncrawl:theming/secondary_themes/vanilla/jungle.json
[21Sep2026 02:49:28.188] [ForkJoinPool.commonPool-worker-2/DEBUG] [Dungeon Crawl/]: Loading dungeoncrawl:theming/secondary_themes/vanilla/mountains/default.json
[21Sep2026 02:49:28.188] [ForkJoinPool.commonPool-worker-2/DEBUG] [Dungeon Crawl/]: Loading dungeoncrawl:theming/secondary_themes/vanilla/oak.json
[21Sep2026 02:49:28.188] [ForkJoinPool.commonPool-worker-2/DEBUG] [Dungeon Crawl/]: Loading dungeoncrawl:theming/secondary_themes/vanilla/spruce.json
[21Sep2026 02:49:28.194] [ForkJoinPool.commonPool-worker-2/DEBUG] [Dungeon Crawl/]: Loading dungeoncrawl:theming/primary_themes/catacombs/crumbled.json
[21Sep2026 02:49:28.197] [ForkJoinPool.commonPool-worker-2/DEBUG] [Dungeon Crawl/]: Loading dungeoncrawl:theming/primary_themes/create/andesite.json
[21Sep2026 02:49:28.198] [ForkJoinPool.commonPool-worker-2/DEBUG] [Dungeon Crawl/]: Loading dungeoncrawl:theming/primary_themes/create/crumbled_andesite.json
[21Sep2026 02:49:28.198] [ForkJoinPool.commonPool-worker-2/DEBUG] [Dungeon Crawl/]: Loading dungeoncrawl:theming/primary_themes/create/mossy_andesite.json
[21Sep2026 02:49:28.199] [ForkJoinPool.commonPool-worker-2/DEBUG] [Dungeon Crawl/]: Loading dungeoncrawl:theming/primary_themes/create/overgrown_andesite.json
[21Sep2026 02:49:28.199] [ForkJoinPool.commonPool-worker-2/DEBUG] [Dungeon Crawl/]: Loading dungeoncrawl:theming/primary_themes/hell/roguelike.json
[21Sep2026 02:49:28.200] [ForkJoinPool.commonPool-worker-2/DEBUG] [Dungeon Crawl/]: Loading dungeoncrawl:theming/primary_themes/vanilla/andesite.json
[21Sep2026 02:49:28.201] [ForkJoinPool.commonPool-worker-2/DEBUG] [Dungeon Crawl/]: Loading dungeoncrawl:theming/primary_themes/vanilla/badlands/default.json
[21Sep2026 02:49:28.202] [ForkJoinPool.commonPool-worker-2/DEBUG] [Dungeon Crawl/]: Loading dungeoncrawl:theming/primary_themes/vanilla/bricks.json
[21Sep2026 02:49:28.202] [ForkJoinPool.commonPool-worker-2/DEBUG] [Dungeon Crawl/]: Loading dungeoncrawl:theming/primary_themes/vanilla/bricks_2.json
[21Sep2026 02:49:28.203] [ForkJoinPool.commonPool-worker-2/DEBUG] [Dungeon Crawl/]: Loading dungeoncrawl:theming/primary_themes/vanilla/catacombs/ancient.json
[21Sep2026 02:49:28.205] [ForkJoinPool.commonPool-worker-2/DEBUG] [Dungeon Crawl/]: Loading dungeoncrawl:theming/primary_themes/vanilla/catacombs/bricks.json
[21Sep2026 02:49:28.206] [ForkJoinPool.commonPool-worker-2/DEBUG] [Dungeon Crawl/]: Loading dungeoncrawl:theming/primary_themes/vanilla/catacombs/crumbled_floor.json
[21Sep2026 02:49:28.208] [ForkJoinPool.commonPool-worker-2/DEBUG] [Dungeon Crawl/]: Loading dungeoncrawl:theming/primary_themes/vanilla/catacombs/mossy.json
[21Sep2026 02:49:28.209] [ForkJoinPool.commonPool-worker-2/DEBUG] [Dungeon Crawl/]: Loading dungeoncrawl:theming/primary_themes/vanilla/catacombs/overgrown.json
[21Sep2026 02:49:28.211] [ForkJoinPool.commonPool-worker-2/DEBUG] [Dungeon Crawl/]: Loading dungeoncrawl:theming/primary_themes/vanilla/default.json
[21Sep2026 02:49:28.212] [ForkJoinPool.commonPool-worker-2/DEBUG] [Dungeon Crawl/]: Loading dungeoncrawl:theming/primary_themes/vanilla/desert/default.json
[21Sep2026 02:49:28.213] [ForkJoinPool.commonPool-worker-2/DEBUG] [Dungeon Crawl/]: Loading dungeoncrawl:theming/primary_themes/vanilla/desert/diorite.json
[21Sep2026 02:49:28.214] [ForkJoinPool.commonPool-worker-2/DEBUG] [Dungeon Crawl/]: Loading dungeoncrawl:theming/primary_themes/vanilla/desert/granite.json
[21Sep2026 02:49:28.215] [ForkJoinPool.commonPool-worker-2/DEBUG] [Dungeon Crawl/]: Loading dungeoncrawl:theming/primary_themes/vanilla/desert/terracotta.json
[21Sep2026 02:49:28.217] [ForkJoinPool.commonPool-worker-2/DEBUG] [Dungeon Crawl/]: Loading dungeoncrawl:theming/primary_themes/vanilla/hell/checked_floor.json
[21Sep2026 02:49:28.218] [ForkJoinPool.commonPool-worker-2/DEBUG] [Dungeon Crawl/]: Loading dungeoncrawl:theming/primary_themes/vanilla/hell/default.json
[21Sep2026 02:49:28.219] [ForkJoinPool.commonPool-worker-2/DEBUG] [Dungeon Crawl/]: Loading dungeoncrawl:theming/primary_themes/vanilla/hell/mossy.json
[21Sep2026 02:49:28.221] [ForkJoinPool.commonPool-worker-2/DEBUG] [Dungeon Crawl/]: Loading dungeoncrawl:theming/primary_themes/vanilla/jungle/default.json
[21Sep2026 02:49:28.222] [ForkJoinPool.commonPool-worker-2/DEBUG] [Dungeon Crawl/]: Loading dungeoncrawl:theming/primary_themes/vanilla/mountains/default.json
[21Sep2026 02:49:28.265] [ForkJoinPool.commonPool-worker-2/DEBUG] [Dungeon Crawl/]: Loading dungeoncrawl:monster/spawn_rates.json
[21Sep2026 02:49:28.266] [ForkJoinPool.commonPool-worker-2/DEBUG] [Dungeon Crawl/]: Loading dungeoncrawl:treasure/stage_1.json
[21Sep2026 02:49:28.267] [ForkJoinPool.commonPool-worker-2/DEBUG] [Dungeon Crawl/]: Loading dungeoncrawl:treasure/stage_2.json
[21Sep2026 02:49:28.267] [ForkJoinPool.commonPool-worker-2/DEBUG] [Dungeon Crawl/]: Loading dungeoncrawl:treasure/stage_3.json
[21Sep2026 02:49:28.267] [ForkJoinPool.commonPool-worker-2/DEBUG] [Dungeon Crawl/]: Loading dungeoncrawl:treasure/stage_4.json
[21Sep2026 02:49:28.268] [ForkJoinPool.commonPool-worker-2/DEBUG] [Dungeon Crawl/]: Loading dungeoncrawl:treasure/stage_5.json
[21Sep2026 02:49:28.269] [ForkJoinPool.commonPool-worker-2/DEBUG] [Dungeon Crawl/]: Loading dungeoncrawl:monster/entities/stage_1.json
[21Sep2026 02:49:28.270] [ForkJoinPool.commonPool-worker-2/DEBUG] [Dungeon Crawl/]: Loading dungeoncrawl:monster/entities/stage_2.json
[21Sep2026 02:49:28.271] [ForkJoinPool.commonPool-worker-2/DEBUG] [Dungeon Crawl/]: Loading dungeoncrawl:monster/entities/stage_3.json
[21Sep2026 02:49:28.271] [ForkJoinPool.commonPool-worker-2/DEBUG] [Dungeon Crawl/]: Loading dungeoncrawl:monster/entities/stage_4.json
[21Sep2026 02:49:28.271] [ForkJoinPool.commonPool-worker-2/DEBUG] [Dungeon Crawl/]: Loading dungeoncrawl:monster/entities/stage_5.json
[21Sep2026 02:49:28.271] [ForkJoinPool.commonPool-worker-2/DEBUG] [Dungeon Crawl/]: Loading dungeoncrawl:monster/equipment/armor/stage_1.json
[21Sep2026 02:49:28.271] [ForkJoinPool.commonPool-worker-2/DEBUG] [Dungeon Crawl/]: Loading dungeoncrawl:monster/equipment/armor/stage_2.json
[21Sep2026 02:49:28.272] [ForkJoinPool.commonPool-worker-2/DEBUG] [Dungeon Crawl/]: Loading dungeoncrawl:monster/equipment/armor/stage_3.json
[21Sep2026 02:49:28.272] [ForkJoinPool.commonPool-worker-2/DEBUG] [Dungeon Crawl/]: Loading dungeoncrawl:monster/equipment/armor/stage_4.json
[21Sep2026 02:49:28.272] [ForkJoinPool.commonPool-worker-2/DEBUG] [Dungeon Crawl/]: Loading dungeoncrawl:monster/equipment/armor/stage_5.json
[21Sep2026 02:49:28.272] [ForkJoinPool.commonPool-worker-2/DEBUG] [Dungeon Crawl/]: Loading dungeoncrawl:monster/equipment/weapon/stage_1.json
[21Sep2026 02:49:28.272] [ForkJoinPool.commonPool-worker-2/DEBUG] [Dungeon Crawl/]: Loading dungeoncrawl:monster/equipment/weapon/stage_2.json
[21Sep2026 02:49:28.272] [ForkJoinPool.commonPool-worker-2/DEBUG] [Dungeon Crawl/]: Loading dungeoncrawl:monster/equipment/weapon/stage_3.json
[21Sep2026 02:49:28.273] [ForkJoinPool.commonPool-worker-2/DEBUG] [Dungeon Crawl/]: Loading dungeoncrawl:monster/equipment/weapon/stage_4.json
[21Sep2026 02:49:28.273] [ForkJoinPool.commonPool-worker-2/DEBUG] [Dungeon Crawl/]: Loading dungeoncrawl:monster/equipment/weapon/stage_5.json
[21Sep2026 02:49:28.275] [ForkJoinPool.commonPool-worker-2/DEBUG] [Dungeon Crawl/]: Loading dungeoncrawl:monster/potion_effects/stage_1.json
[21Sep2026 02:49:28.275] [ForkJoinPool.commonPool-worker-2/DEBUG] [Dungeon Crawl/]: Loading dungeoncrawl:monster/potion_effects/stage_2.json
[21Sep2026 02:49:28.276] [ForkJoinPool.commonPool-worker-2/DEBUG] [Dungeon Crawl/]: Loading dungeoncrawl:monster/potion_effects/stage_3.json
[21Sep2026 02:49:28.276] [ForkJoinPool.commonPool-worker-2/DEBUG] [Dungeon Crawl/]: Loading dungeoncrawl:monster/potion_effects/stage_4.json
[21Sep2026 02:49:28.276] [ForkJoinPool.commonPool-worker-2/DEBUG] [Dungeon Crawl/]: Loading dungeoncrawl:monster/potion_effects/stage_5.json
[21Sep2026 02:49:28.277] [ForkJoinPool.commonPool-worker-2/DEBUG] [Dungeon Crawl/]: Completing...
[21Sep2026 02:49:28.277] [ForkJoinPool.commonPool-worker-2/INFO] [Dungeon Crawl/]: Done.
[21Sep2026 02:49:28.279] [main/INFO] [ovh.corail.tombstone.entity.trade.TradeManager/]: Loaded 63 trades for Grave Guardian
[21Sep2026 02:49:28.330] [main/DEBUG] [net.neoforged.neoforge.common.CommonHooks/WP]: Gathered mod list to write to world save MUNDO DISLEXICO
[21Sep2026 02:49:28.341] [main/DEBUG] [mixin/]: Mixing DedicatedServerMixin from tombstone.mixins.json into net.minecraft.server.dedicated.DedicatedServer
[21Sep2026 02:49:28.341] [main/DEBUG] [mixin/]: tombstone.mixins.json:DedicatedServerMixin from mod tombstone: Class version 69 required is higher than the class version supported by the current version of Mixin (JAVA_21 supports class version 65)
[21Sep2026 02:49:28.342] [main/DEBUG] [mixin/]: tombstone.mixins.json:DedicatedServerMixin from mod tombstone->@Inject::methodIsUnderSpawnProtection(Lnet/minecraft/server/level/ServerLevel;Lnet/minecraft/core/BlockPos;Lnet/minecraft/world/entity/player/Player;Lorg/spongepowered/asm/mixin/injection/callback/CallbackInfoReturnable;)V does use it's CallbackInfoReturnable
[21Sep2026 02:49:28.342] [main/DEBUG] [mixin/]: tombstone.mixins.json:DedicatedServerMixin from mod tombstone->@Inject::methodIsUnderSpawnProtection(Lnet/minecraft/server/level/ServerLevel;Lnet/minecraft/core/BlockPos;Lnet/minecraft/world/entity/player/Player;Lorg/spongepowered/asm/mixin/injection/callback/CallbackInfoReturnable;)V does use it's CallbackInfoReturnable
[21Sep2026 02:49:28.342] [main/DEBUG] [mixin/]: tombstone.mixins.json:DedicatedServerMixin from mod tombstone->@Inject::methodIsUnderSpawnProtection(Lnet/minecraft/server/level/ServerLevel;Lnet/minecraft/core/BlockPos;Lnet/minecraft/world/entity/player/Player;Lorg/spongepowered/asm/mixin/injection/callback/CallbackInfoReturnable;)V does use it's CallbackInfoReturnable
[21Sep2026 02:49:28.342] [main/DEBUG] [mixin/]: tombstone.mixins.json:DedicatedServerMixin from mod tombstone->@Inject::methodIsUnderSpawnProtection(Lnet/minecraft/server/level/ServerLevel;Lnet/minecraft/core/BlockPos;Lnet/minecraft/world/entity/player/Player;Lorg/spongepowered/asm/mixin/injection/callback/CallbackInfoReturnable;)V does use it's CallbackInfoReturnable
[21Sep2026 02:49:28.342] [main/DEBUG] [mixin/]: tombstone.mixins.json:DedicatedServerMixin from mod tombstone->@Inject::methodIsUnderSpawnProtection(Lnet/minecraft/server/level/ServerLevel;Lnet/minecraft/core/BlockPos;Lnet/minecraft/world/entity/player/Player;Lorg/spongepowered/asm/mixin/injection/callback/CallbackInfoReturnable;)V does use it's CallbackInfoReturnable
[21Sep2026 02:49:28.349] [main/DEBUG] [mixin/]: Mixing PlayerListMixin from creativecore.forge.mixins.json into net.minecraft.server.players.PlayerList
[21Sep2026 02:49:28.349] [main/DEBUG] [mixin/]: creativecore.forge.mixins.json:PlayerListMixin from mod creativecore: Class version 69 required is higher than the class version supported by the current version of Mixin (JAVA_21 supports class version 65)
[21Sep2026 02:49:28.350] [main/DEBUG] [mixin/]: Renaming synthetic method lambda$bind$0(Lnet/minecraft/server/network/ServerGamePacketListenerImpl;Ljava/lang/Object;)Ljava/lang/Object; to mdfaf31e$creativecore$lambda$bind$0$0 in creativecore.forge.mixins.json:PlayerListMixin from mod creativecore
[21Sep2026 02:49:28.479] [Server thread/INFO] [net.minecraft.server.dedicated.DedicatedServer/]: Starting minecraft server version 26.2
[21Sep2026 02:49:28.479] [Server thread/INFO] [net.minecraft.server.dedicated.DedicatedServer/]: Loading properties
[21Sep2026 02:49:28.479] [Server thread/INFO] [net.minecraft.server.dedicated.DedicatedServer/]: Default game type: SURVIVAL
[21Sep2026 02:49:28.480] [Server thread/INFO] [net.minecraft.server.MinecraftServer/]: Generating keypair
[21Sep2026 02:49:28.650] [Server thread/INFO] [net.minecraft.server.dedicated.DedicatedServer/]: Starting Minecraft server on *:25565
[21Sep2026 02:49:28.651] [Server thread/DEBUG] [net.neoforged.neoforge.network.DualStackUtils/]: Detected IPv6 address: "0:0:0:0:0:0:0:0"
[21Sep2026 02:49:28.673] [Server thread/DEBUG] [io.netty.util.internal.NativeLibraryLoader/]: -Dio.netty.native.workdir: /tmp (io.netty.tmpdir)
[21Sep2026 02:49:28.673] [Server thread/DEBUG] [io.netty.util.internal.NativeLibraryLoader/]: -Dio.netty.native.deleteLibAfterLoading: true
[21Sep2026 02:49:28.674] [Server thread/DEBUG] [io.netty.util.internal.NativeLibraryLoader/]: -Dio.netty.native.tryPatchShadedId: true
[21Sep2026 02:49:28.674] [Server thread/DEBUG] [io.netty.util.internal.NativeLibraryLoader/]: -Dio.netty.native.detectNativeLibraryDuplicates: true
[21Sep2026 02:49:28.680] [Server thread/DEBUG] [io.netty.util.internal.NativeLibraryLoader/]: Successfully loaded the library /tmp/libnetty_transport_native_epoll_x86_644363098851967447470.so
[21Sep2026 02:49:28.683] [Server thread/DEBUG] [io.netty.util.NetUtil/]: -Djava.net.preferIPv4Stack: false
[21Sep2026 02:49:28.683] [Server thread/DEBUG] [io.netty.util.NetUtil/]: -Djava.net.preferIPv6Addresses: true
[21Sep2026 02:49:28.684] [Server thread/DEBUG] [io.netty.util.NetUtilInitializations/]: Loopback interface: lo (lo, 0:0:0:0:0:0:0:1%lo)
[21Sep2026 02:49:28.685] [Server thread/DEBUG] [io.netty.util.NetUtil/]: /proc/sys/net/core/somaxconn: 4096
[21Sep2026 02:49:28.699] [Server thread/DEBUG] [io.netty.channel.MultithreadEventLoopGroup/]: -Dio.netty.eventLoopThreads: 8
[21Sep2026 02:49:28.707] [Server thread/DEBUG] [io.netty.util.concurrent.GlobalEventExecutor/]: -Dio.netty.globalEventExecutor.quietPeriodSeconds: 1
[21Sep2026 02:49:28.715] [Server thread/DEBUG] [io.netty.util.internal.PlatformDependent/]: org.jctools-core.MpscChunkedArrayQueue: unavailable
[21Sep2026 02:49:28.727] [Server thread/DEBUG] [io.netty.channel.DefaultChannelId/]: -Dio.netty.processId: 3884 (auto-detected)
[21Sep2026 02:49:28.728] [Server thread/DEBUG] [io.netty.channel.DefaultChannelId/]: -Dio.netty.machineId: 60:45:bd:ff:fe:77:c5:b3 (auto-detected)
[21Sep2026 02:49:28.738] [Server thread/DEBUG] [io.netty.bootstrap.ChannelInitializerExtensions/]: -Dio.netty.bootstrap.extensions: null
[21Sep2026 02:49:28.762] [Server thread/DEBUG] [net.neoforged.fml.config.ConfigTracker/CONFIG]: Loading configs type SERVER
[21Sep2026 02:49:28.763] [Server thread/DEBUG] [net.neoforged.fml.config.ConfigTracker/CONFIG]: Loaded TOML config file /workspaces/SERVER-DISLEXICO-03/servidor_minecraft/config/jei-server.toml
[21Sep2026 02:49:28.763] [Server thread/DEBUG] [net.neoforged.fml.config.ConfigTracker/CONFIG]: Watching TOML config file /workspaces/SERVER-DISLEXICO-03/servidor_minecraft/config/jei-server.toml for changes
[21Sep2026 02:49:28.764] [Server thread/INFO] [journeymap/]: Loading JourneyMap Forge Configs
[21Sep2026 02:49:28.765] [Server thread/DEBUG] [net.neoforged.fml.config.ConfigTracker/CONFIG]: Loaded TOML config file /workspaces/SERVER-DISLEXICO-03/servidor_minecraft/config/journeymap-server.toml
[21Sep2026 02:49:28.765] [Server thread/DEBUG] [net.neoforged.fml.config.ConfigTracker/CONFIG]: Watching TOML config file /workspaces/SERVER-DISLEXICO-03/servidor_minecraft/config/journeymap-server.toml for changes
[21Sep2026 02:49:28.765] [Server thread/DEBUG] [net.neoforged.neoforge.common.NeoForgeMod/FORGEMOD]: Loaded NeoForge config file neoforge-server.toml
[21Sep2026 02:49:28.765] [Server thread/DEBUG] [net.neoforged.fml.config.ConfigTracker/CONFIG]: Loaded TOML config file /workspaces/SERVER-DISLEXICO-03/servidor_minecraft/config/neoforge-server.toml
[21Sep2026 02:49:28.765] [Server thread/DEBUG] [net.neoforged.fml.config.ConfigTracker/CONFIG]: Watching TOML config file /workspaces/SERVER-DISLEXICO-03/servidor_minecraft/config/neoforge-server.toml for changes
[21Sep2026 02:49:28.774] [Server thread/DEBUG] [net.neoforged.fml.config.ConfigTracker/CONFIG]: Loaded TOML config file /workspaces/SERVER-DISLEXICO-03/servidor_minecraft/config/travelersbackpack-server.toml
[21Sep2026 02:49:28.774] [Server thread/DEBUG] [net.neoforged.fml.config.ConfigTracker/CONFIG]: Watching TOML config file /workspaces/SERVER-DISLEXICO-03/servidor_minecraft/config/travelersbackpack-server.toml for changes
[21Sep2026 02:49:28.776] [Server thread/DEBUG] [net.neoforged.fml.config.ConfigTracker/CONFIG]: Loaded TOML config file /workspaces/SERVER-DISLEXICO-03/servidor_minecraft/config/tombstone-server.toml
[21Sep2026 02:49:28.776] [Server thread/DEBUG] [net.neoforged.fml.config.ConfigTracker/CONFIG]: Watching TOML config file /workspaces/SERVER-DISLEXICO-03/servidor_minecraft/config/tombstone-server.toml for changes
[21Sep2026 02:49:28.825] [Server thread/WARN] [net.neoforged.neoforge.server.ServerLifecycleHooks/]: Detected minecraft:ocelot that was registered with CREATURE mob category but was added under MONSTER mob category for biomesoplenty:rainforest biome! Mobs should be added to biomes under the same mob category that the mob was registered as to prevent mob cap spawning issues.
[21Sep2026 02:49:28.827] [Server thread/WARN] [net.neoforged.neoforge.server.ServerLifecycleHooks/]: Detected minecraft:ocelot that was registered with CREATURE mob category but was added under MONSTER mob category for biomesoplenty:rocky_rainforest biome! Mobs should be added to biomes under the same mob category that the mob was registered as to prevent mob cap spawning issues.
[21Sep2026 02:49:28.886] [Server thread/INFO] [terrablender/]: Initialized TerraBlender biomes for level stem minecraft:the_nether
[21Sep2026 02:49:29.458] [Server thread/INFO] [terrablender/]: Initialized TerraBlender biomes for level stem minecraft:overworld
[21Sep2026 02:49:29.458] [Server thread/INFO] [net.minecraft.server.dedicated.DedicatedServer/]: Preparing level "world"
[21Sep2026 02:49:29.470] [Server thread/DEBUG] [mixin/]: Mixing server.ServerChunkCacheAccessor from journeymap.mixins.json into net.minecraft.server.level.ServerChunkCache
[21Sep2026 02:49:29.471] [Server thread/DEBUG] [mixin/]: journeymap.mixins.json:server.ServerChunkCacheAccessor from mod journeymap: Class version 69 required is higher than the class version supported by the current version of Mixin (JAVA_17 supports class version 61)
[21Sep2026 02:49:29.478] [Server thread/DEBUG] [io.netty.util.internal.ThreadLocalRandom/]: -Dio.netty.initialSeedUniquifier: 0xd312a3b755cfdabe
[21Sep2026 02:49:29.491] [Server thread/DEBUG] [mixin/]: Mixing DamageSourcesMixin from tombstone.mixins.json into net.minecraft.world.damagesource.DamageSources
[21Sep2026 02:49:29.491] [Server thread/DEBUG] [mixin/]: tombstone.mixins.json:DamageSourcesMixin from mod tombstone: Class version 69 required is higher than the class version supported by the current version of Mixin (JAVA_21 supports class version 65)
[21Sep2026 02:49:29.492] [Server thread/DEBUG] [mixin/]: tombstone.mixins.json:DamageSourcesMixin from mod tombstone->@Inject::methodArrow(Lnet/minecraft/world/entity/projectile/arrow/AbstractArrow;Lnet/minecraft/world/entity/Entity;Lorg/spongepowered/asm/mixin/injection/callback/CallbackInfoReturnable;)V does use it's CallbackInfoReturnable
[21Sep2026 02:49:29.492] [Server thread/DEBUG] [mixin/]: tombstone.mixins.json:DamageSourcesMixin from mod tombstone->@Inject::methodTrident(Lnet/minecraft/world/entity/Entity;Lnet/minecraft/world/entity/Entity;Lorg/spongepowered/asm/mixin/injection/callback/CallbackInfoReturnable;)V does use it's CallbackInfoReturnable
[21Sep2026 02:49:29.492] [Server thread/DEBUG] [mixin/]: tombstone.mixins.json:DamageSourcesMixin from mod tombstone->@Inject::methodPlayerAttack(Lnet/minecraft/world/entity/player/Player;Lorg/spongepowered/asm/mixin/injection/callback/CallbackInfoReturnable;)V does use it's CallbackInfoReturnable
[21Sep2026 02:49:29.492] [Server thread/DEBUG] [mixin/]: tombstone.mixins.json:DamageSourcesMixin from mod tombstone->@Inject::methodMobAttack(Lnet/minecraft/world/entity/LivingEntity;Lorg/spongepowered/asm/mixin/injection/callback/CallbackInfoReturnable;)V does use it's CallbackInfoReturnable
[21Sep2026 02:49:29.544] [Server thread/DEBUG] [mixin/]: Mixing server.ChunkMapAccessor from journeymap.mixins.json into net.minecraft.server.level.ChunkMap
[21Sep2026 02:49:29.544] [Server thread/DEBUG] [mixin/]: journeymap.mixins.json:server.ChunkMapAccessor from mod journeymap: Class version 69 required is higher than the class version supported by the current version of Mixin (JAVA_17 supports class version 61)
[21Sep2026 02:49:29.545] [Server thread/DEBUG] [mixin/]: Mixing ChunkMapAccessor from balm.mixins.json into net.minecraft.server.level.ChunkMap
[21Sep2026 02:49:29.545] [Server thread/DEBUG] [mixin/]: balm.mixins.json:ChunkMapAccessor from mod balm: Class version 69 required is higher than the class version supported by the current version of Mixin (JAVA_17 supports class version 61)
[21Sep2026 02:49:30.324] [Server thread/INFO] [net.minecraft.server.level.progress.LoggingLevelLoadListener/]: Loading 0 persistent chunks...
[21Sep2026 02:49:30.330] [Server thread/INFO] [net.minecraft.server.level.progress.LoggingLevelLoadListener/]: Preparing spawn area: 100%
[21Sep2026 02:49:30.340] [Server thread/INFO] [net.minecraft.server.level.progress.LoggingLevelLoadListener/]: Time elapsed: 18 ms
[21Sep2026 02:49:30.341] [Server thread/INFO] [net.minecraft.server.dedicated.DedicatedServer/]: Done (1.579s)! For help, type "help"
[21Sep2026 02:49:30.350] [Server thread/INFO] [net.minecraft.server.MinecraftServer/]: Saving chunks for level 'ServerLevel[MUNDO DISLEXICO]'/minecraft:overworld
[21Sep2026 02:49:30.385] [Server thread/INFO] [net.minecraft.server.MinecraftServer/]: Saving chunks for level 'ServerLevel[MUNDO DISLEXICO]'/minecraft:the_nether
[21Sep2026 02:49:30.396] [Server thread/INFO] [net.minecraft.server.MinecraftServer/]: Saving chunks for level 'ServerLevel[MUNDO DISLEXICO]'/minecraft:the_end
[21Sep2026 02:49:30.403] [Server thread/DEBUG] [net.neoforged.neoforge.common.CommonHooks/WP]: Gathered mod list to write to world save MUNDO DISLEXICO
[21Sep2026 02:49:30.424] [Server thread/INFO] [net.minecraft.server.MinecraftServer/]: ThreadedAnvilChunkStorage (world): All chunks are saved
[21Sep2026 02:49:30.425] [Server thread/INFO] [net.minecraft.server.MinecraftServer/]: ThreadedAnvilChunkStorage (DIM-1): All chunks are saved
[21Sep2026 02:49:30.425] [Server thread/INFO] [net.minecraft.server.MinecraftServer/]: ThreadedAnvilChunkStorage (DIM1): All chunks are saved
[21Sep2026 02:49:30.425] [Server thread/INFO] [net.minecraft.server.MinecraftServer/]: ThreadedAnvilChunkStorage: All dimensions are saved
[21Sep2026 02:49:30.518] [Server thread/DEBUG] [net.neoforged.neoforge.server.LanguageHook/]: Loaded 24 language files for en_us
[21Sep2026 02:49:30.527] [Server thread/INFO] [net.neoforged.neoforge.server.permission.PermissionAPI/]: Successfully initialized permission handler neoforge:default_handler
[21Sep2026 02:49:30.539] [Server thread/INFO] [journeymap/]: Loaded null for service interface journeymap.api.services.WebMapService
[21Sep2026 02:49:30.544] [Server thread/INFO] [journeymap/]: Loaded journeymap.common.helpers.NeoForgeClientHooks@28cc1a5d for service interface journeymap.api.services.ClientPlatformService
[21Sep2026 02:49:30.547] [Server thread/INFO] [journeymap/]: Loaded journeymap.common.helpers.NeoForgeHooks@52d3389c for service interface journeymap.api.services.CommonPlatformService
[21Sep2026 02:49:30.572] [Server thread/INFO] [journeymap/]: Found @JourneyMapPlugin: journeymap.api.plugins.LoadedChunkOverlayPlugin
[21Sep2026 02:49:30.578] [Server thread/INFO] [journeymap/]: Initialized IJourneyMapPlugin as:journeymap.api.plugins.LoadedChunkOverlayPlugin: for:journeymap_chunk_overlay
[21Sep2026 02:49:36.034] [User Authenticator #1/INFO] [net.minecraft.server.network.ServerLoginPacketListenerImpl/]: UUID of player MirsWATF is b5193e04-289f-4676-8ef7-f3111c8cc1e6
[21Sep2026 02:49:36.209] [Netty Epoll IO #2/DEBUG] [mixin/]: Mixing ServerConfigurationPacketListenerImplMixin from creativecore.forge.mixins.json into net.minecraft.server.network.ServerConfigurationPacketListenerImpl
[21Sep2026 02:49:36.209] [Netty Epoll IO #2/DEBUG] [mixin/]: creativecore.forge.mixins.json:ServerConfigurationPacketListenerImplMixin from mod creativecore: Class version 69 required is higher than the class version supported by the current version of Mixin (JAVA_21 supports class version 65)
[21Sep2026 02:49:36.209] [Netty Epoll IO #2/DEBUG] [mixin/]: Renaming synthetic method lambda$handleConfigurationFinished$0(Lnet/minecraft/core/RegistryAccess;Lnet/neoforged/neoforge/network/connection/ConnectionType;Lio/netty/buffer/ByteBuf;)Lnet/minecraft/network/RegistryFriendlyByteBuf; to mdfaf31e$creativecore$lambda$handleConfigurationFinished$0$0 in creativecore.forge.mixins.json:ServerConfigurationPacketListenerImplMixin from mod creativecore
[21Sep2026 02:49:36.209] [Netty Epoll IO #2/DEBUG] [mixin/]: Mixing MixinServerConfigurationPacketListenerImpl from glitchcore.mixins.json into net.minecraft.server.network.ServerConfigurationPacketListenerImpl
[21Sep2026 02:49:36.209] [Netty Epoll IO #2/DEBUG] [mixin/]: glitchcore.mixins.json:MixinServerConfigurationPacketListenerImpl from mod glitchcore: Class version 69 required is higher than the class version supported by the current version of Mixin (JAVA_17 supports class version 61)
[21Sep2026 02:49:36.211] [Netty Epoll IO #2/DEBUG] [mixin/]: glitchcore.mixins.json:MixinServerConfigurationPacketListenerImpl from mod glitchcore->@Inject::onStartConfiguration(Lorg/spongepowered/asm/mixin/injection/callback/CallbackInfo;)V doesn't use it's CallbackInfo
[21Sep2026 02:49:36.211] [Netty Epoll IO #2/DEBUG] [mixin/]: glitchcore.mixins.json:MixinServerConfigurationPacketListenerImpl from mod glitchcore->@Inject::onStartConfiguration(Lorg/spongepowered/asm/mixin/injection/callback/CallbackInfo;)V has 0 override(s) in child classes
[21Sep2026 02:49:36.211] [Netty Epoll IO #2/DEBUG] [mixin/]: glitchcore.mixins.json:MixinServerConfigurationPacketListenerImpl from mod glitchcore->@Inject::onStartConfiguration(Lorg/spongepowered/asm/mixin/injection/callback/CallbackInfo;)V won't be passed a CallbackInfo as a result
[21Sep2026 02:49:36.336] [Netty Epoll IO #2/DEBUG] [net.neoforged.neoforge.network.filters.NetworkFilters/]: Injected net.neoforged.neoforge.network.filters.GenericPacketSplitter@2de4bc72 into net.minecraft.network.Connection@3c4ddcbf
[21Sep2026 02:49:37.852] [Server thread/DEBUG] [mixin/]: Mixing TrackedEntityAccessor from balm.mixins.json into net.minecraft.server.level.ChunkMap$TrackedEntity
[21Sep2026 02:49:37.852] [Server thread/DEBUG] [mixin/]: balm.mixins.json:TrackedEntityAccessor from mod balm: Class version 69 required is higher than the class version supported by the current version of Mixin (JAVA_17 supports class version 61)
[21Sep2026 02:49:38.196] [Netty Epoll IO #2/DEBUG] [net.neoforged.neoforge.network.filters.NetworkFilters/]: Injected net.neoforged.neoforge.network.filters.GenericPacketSplitter@4239a93b into net.minecraft.network.Connection@3c4ddcbf
[21Sep2026 02:49:38.505] [Server thread/INFO] [net.minecraft.server.players.PlayerList/]: MirsWATF[/127.119.112.13:46311] logged in with entity id 270 at (61.852022189144435, 54.0, 274.63844285425597)
[21Sep2026 02:49:38.507] [Server thread/DEBUG] [mixin/]: Mixing ServerGamePacketListenerImplMixin from travelersbackpack.mixins.json into net.minecraft.server.network.ServerGamePacketListenerImpl
[21Sep2026 02:49:38.507] [Server thread/DEBUG] [mixin/]: travelersbackpack.mixins.json:ServerGamePacketListenerImplMixin from mod travelersbackpack: Class version 69 required is higher than the class version supported by the current version of Mixin (JAVA_21 supports class version 65)
[21Sep2026 02:49:38.507] [Server thread/DEBUG] [mixin/]: Renaming synthetic method lambda$onTryPickItem$0(Lnet/minecraft/world/item/ItemStack;Lnet/minecraft/world/entity/player/Inventory;Lcom/tiviacz/travelersbackpack/inventory/BackpackWrapper;Ljava/util/concurrent/atomic/AtomicReference;Ljava/lang/Integer;Lnet/minecraft/world/item/ItemStack;)Ljava/lang/Boolean; to mdfaf31e$travelersbackpack$lambda$onTryPickItem$0$0 in travelersbackpack.mixins.json:ServerGamePacketListenerImplMixin from mod travelersbackpack
[21Sep2026 02:49:38.508] [Server thread/DEBUG] [mixin/]: travelersbackpack.mixins.json:ServerGamePacketListenerImplMixin from mod travelersbackpack->@Inject::onTryPickItem(Lnet/minecraft/world/item/ItemStack;Lorg/spongepowered/asm/mixin/injection/callback/CallbackInfo;)V doesn't use it's CallbackInfo
[21Sep2026 02:49:38.508] [Server thread/DEBUG] [mixin/]: travelersbackpack.mixins.json:ServerGamePacketListenerImplMixin from mod travelersbackpack->@Inject::onTryPickItem(Lnet/minecraft/world/item/ItemStack;Lorg/spongepowered/asm/mixin/injection/callback/CallbackInfo;)V has 0 override(s) in child classes
[21Sep2026 02:49:38.508] [Server thread/DEBUG] [mixin/]: travelersbackpack.mixins.json:ServerGamePacketListenerImplMixin from mod travelersbackpack->@Inject::onTryPickItem(Lnet/minecraft/world/item/ItemStack;Lorg/spongepowered/asm/mixin/injection/callback/CallbackInfo;)V won't be passed a CallbackInfo as a result
[21Sep2026 02:49:38.529] [Server thread/DEBUG] [net.neoforged.neoforge.common.CommonHooks/]: Sending 2338 recipes of the following types: [stonecutting, smithing, campfire_cooking, crafting, blasting, smoking, smelting]
[21Sep2026 02:49:38.596] [Server thread/INFO] [net.minecraft.server.MinecraftServer/]: MirsWATF joined the game
[21Sep2026 02:49:39.085] [Server thread/INFO] [journeymap/]: JourneyMap client version for MirsWATF: 6.0.8 (server version: 6.0.8)
[21Sep2026 02:49:43.236] [Server thread/DEBUG] [mixin/]: Mixing structures.TemplateAccessor from repurposed_structures-common.mixins.json into net.minecraft.world.level.levelgen.structure.templatesystem.StructureTemplate
[21Sep2026 02:49:57.139] [Server thread/INFO] [net.minecraft.server.network.ServerGamePacketListenerImpl/]: MirsWATF lost connection: Disconnected
[21Sep2026 02:49:57.140] [Server thread/INFO] [net.minecraft.server.MinecraftServer/]: MirsWATF left the game
[21Sep2026 02:50:02.644] [Server thread/INFO] [net.minecraft.server.MinecraftServer/]: Stopping the server
[21Sep2026 02:50:02.665] [Server console handler/ERROR] [net.minecraft.server.dedicated.DedicatedServer/]: Caught previously unhandled exception :
java.io.IOError: java.io.IOException: Error executing 'stty -a': stty: 'standard input': Input/output error
	at org.jline.terminal.impl.AbstractPosixTerminal.setAttributes(AbstractPosixTerminal.java:54) ~[jline-terminal-3.20.0.jar:?]
	at org.jline.reader.impl.LineReaderImpl.readLine(LineReaderImpl.java:729) ~[jline-reader-3.20.0.jar:?]
	at org.jline.reader.impl.LineReaderImpl.readLine(LineReaderImpl.java:468) ~[jline-reader-3.20.0.jar:?]
	at TRANSFORMER/neoforge@26.2.0.75/net.neoforged.neoforge.server.console.TerminalHandler.handleCommands(TerminalHandler.java:39) ~[neoforge-26.2.0.75-universal.jar:?]
	at TRANSFORMER/minecraft@26.2/net.minecraft.server.dedicated.DedicatedServer$1.run(DedicatedServer.java:171) ~[minecraft-server-patched-26.2.0.75.jar:?]
Caused by: java.io.IOException: Error executing 'stty -a': stty: 'standard input': Input/output error
	at org.jline.utils.ExecHelper.exec(ExecHelper.java:42) ~[jline-terminal-3.20.0.jar:?]
	at org.jline.terminal.impl.ExecPty.doGetConfig(ExecPty.java:175) ~[jline-terminal-3.20.0.jar:?]
	at org.jline.terminal.impl.ExecPty.getAttr(ExecPty.java:87) ~[jline-terminal-3.20.0.jar:?]
	at org.jline.terminal.impl.ExecPty.doSetAttr(ExecPty.java:93) ~[jline-terminal-3.20.0.jar:?]
	at org.jline.terminal.impl.AbstractPty.setAttr(AbstractPty.java:29) ~[jline-terminal-3.20.0.jar:?]
	at org.jline.terminal.impl.AbstractPosixTerminal.setAttributes(AbstractPosixTerminal.java:52) ~[jline-terminal-3.20.0.jar:?]
	... 4 more
[21Sep2026 02:50:02.683] [Server thread/DEBUG] [net.neoforged.fml.classloading.transformation.ClassTransformStatistics/]: Transformed/total loaded classes: 440/9450 (4.66%) and 254 parsed for mixin
[21Sep2026 02:50:02.683] [Server thread/INFO] [net.minecraft.server.MinecraftServer/]: Stopping server
[21Sep2026 02:50:02.683] [Server thread/INFO] [net.minecraft.server.MinecraftServer/]: Saving players
[21Sep2026 02:50:02.684] [Server thread/INFO] [net.minecraft.server.MinecraftServer/]: Saving worlds
[21Sep2026 02:50:02.684] [Server thread/INFO] [net.minecraft.server.MinecraftServer/]: Saving chunks for level 'ServerLevel[MUNDO DISLEXICO]'/minecraft:overworld
[21Sep2026 02:50:02.693] [Server thread/INFO] [net.minecraft.server.MinecraftServer/]: Saving chunks for level 'ServerLevel[MUNDO DISLEXICO]'/minecraft:the_nether
[21Sep2026 02:50:02.698] [Server thread/INFO] [net.minecraft.server.MinecraftServer/]: Saving chunks for level 'ServerLevel[MUNDO DISLEXICO]'/minecraft:the_end
[21Sep2026 02:50:02.703] [Server thread/DEBUG] [net.neoforged.neoforge.common.CommonHooks/WP]: Gathered mod list to write to world save MUNDO DISLEXICO
[21Sep2026 02:50:02.717] [Server thread/INFO] [net.minecraft.server.MinecraftServer/]: ThreadedAnvilChunkStorage (world): All chunks are saved
[21Sep2026 02:50:02.717] [Server thread/INFO] [net.minecraft.server.MinecraftServer/]: ThreadedAnvilChunkStorage (DIM-1): All chunks are saved
[21Sep2026 02:50:02.717] [Server thread/INFO] [net.minecraft.server.MinecraftServer/]: ThreadedAnvilChunkStorage (DIM1): All chunks are saved
[21Sep2026 02:50:02.717] [Server thread/INFO] [net.minecraft.server.MinecraftServer/]: ThreadedAnvilChunkStorage: All dimensions are saved
[21Sep2026 02:50:02.741] [Server thread/DEBUG] [net.neoforged.fml.config.ConfigTracker/CONFIG]: Unloading configs type SERVER
[21Sep2026 02:50:02.742] [main/INFO] [net.neoforged.fml.loading.FMLLoader/]: Closing FML Loader 430d8165
[21Sep2026 02:50:02.743] [main/INFO] [net.neoforged.fml.ModLoader/]: Clearing ModLoader
